Ημερομηνία,NO (ppb),"NO (ppb)
x","NO (ppb)
2","NO (μg/m3)
2","Οριακή
τιμή
(μg/m3)"
1/3/2024 0:00,0.305,19.707,19.402,36.476,200
1/3/2024 1:00,0.013,7.897,7.883,14.820,200
1/3/2024 2:00,0.055,8.684,8.628,16.221,200
1/3/2024 3:00,0.001,8.943,8.942,16.811,200
1/3/2024 4:00,-0.074,6.771,6.846,12.870,200
1/3/2024 5:00,2.152,16.188,14.039,26.393,200
1/3/2024 6:00,6.329,29.610,23.280,43.766,200
1/3/2024 7:00,1.103,18.890,17.787,33.440,200
1/3/2024 8:00,3.525,27.246,23.723,44.599,200
1/3/2024 9:00,18.670,54.332,35.664,67.048,200
1/3/2024 10:00,4.512,27.141,22.629,42.543,200
1/3/2024 11:00,10.680,41.876,31.195,58.647,200
1/3/2024 12:00,23.883,61.299,37.416,70.342,200
1/3/2024 13:00,19.821,53.395,33.575,63.121,200
1/3/2024 14:00,12.327,37.175,24.847,46.712,200
1/3/2024 15:00,5.698,28.817,23.118,43.462,200
1/3/2024 16:00,4.109,21.317,17.207,32.349,200
1/3/2024 17:00,5.621,28.832,23.211,43.637,200
1/3/2024 18:00,4.560,24.737,20.178,37.935,200
1/3/2024 19:00,3.415,28.244,24.827,46.675,200
1/3/2024 20:00,22.599,53.187,30.587,57.504,200
1/3/2024 21:00,16.082,45.167,29.087,54.684,200
1/3/2024 22:00,1.760,18.402,16.642,31.287,200
1/3/2024 23:00,4.275,30.169,25.893,48.679,200
2/3/2024 0:00,2.501,21.783,19.282,36.250,200
2/3/2024 1:00,2.332,15.361,13.029,24.495,200
2/3/2024 2:00,0.472,5.649,5.178,9.735,200
2/3/2024 3:00,0.932,8.577,7.642,14.367,200
2/3/2024 4:00,0.522,3.510,2.987,5.616,200
2/3/2024 5:00,2.080,8.107,6.029,11.335,200
2/3/2024 6:00,0.658,10.412,9.755,18.339,200
2/3/2024 7:00,20.352,42.852,22.499,42.298,200
2/3/2024 8:00,20.997,39.800,18.803,35.350,200
2/3/2024 9:00,32.003,58.327,26.324,49.489,200
Ημερομηνία,NO (ppb),"NO (ppb)
x","NO (ppb)
2","NO (μg/m3)
2","Οριακή
τιμή
(μg/m3)"
2/3/2024 10:00,47.541,71.962,24.421,45.911,200
2/3/2024 11:00,18.762,37.419,18.656,35.073,200
2/3/2024 12:00,7.796,21.130,13.334,25.068,200
2/3/2024 13:00,4.439,12.855,8.416,15.822,200
2/3/2024 14:00,1.195,4.456,3.263,6.134,200
2/3/2024 15:00,1.577,6.455,4.881,9.176,200
2/3/2024 16:00,1.688,7.496,5.808,10.919,200
2/3/2024 17:00,3.873,16.814,12.943,24.333,200
2/3/2024 18:00,0.782,21.056,20.275,38.117,200
2/3/2024 19:00,9.544,50.704,41.158,77.377,200
2/3/2024 20:00,13.191,48.190,34.999,65.798,200
2/3/2024 21:00,31.041,67.341,36.301,68.246,200
2/3/2024 22:00,33.170,61.176,28.008,52.655,200
2/3/2024 23:00,50.497,85.288,34.792,65.409,200
3/3/2024 0:00,34.670,66.404,31.734,59.660,200
3/3/2024 1:00,17.847,47.452,29.606,55.659,200
3/3/2024 2:00,32.233,60.892,28.658,53.877,200
3/3/2024 3:00,9.023,34.190,25.168,47.316,200
3/3/2024 4:00,14.008,37.540,23.532,44.240,200
3/3/2024 5:00,21.888,39.587,17.701,33.278,200
3/3/2024 6:00,55.447,74.173,18.728,35.209,200
3/3/2024 7:00,51.543,70.863,19.317,36.316,200
3/3/2024 8:00,26.428,47.084,20.658,38.837,200
3/3/2024 9:00,14.202,24.811,10.608,19.943,200
3/3/2024 10:00,10.009,18.813,8.802,16.548,200
3/3/2024 11:00,8.188,17.963,9.778,18.383,200
3/3/2024 12:00,2.691,9.377,6.687,12.572,200
3/3/2024 13:00,2.537,8.327,5.792,10.889,200
3/3/2024 14:00,2.048,6.386,4.339,8.157,200
3/3/2024 15:00,6.867,18.005,11.138,20.939,200
3/3/2024 16:00,0.562,3.568,3.005,5.649,200
3/3/2024 17:00,0.388,3.312,2.922,5.493,200
3/3/2024 18:00,0.419,3.922,3.504,6.588,200
3/3/2024 19:00,1.760,12.765,11.004,20.688,200
3/3/2024 20:00,5.697,16.977,11.277,21.201,200
3/3/2024 21:00,13.780,34.941,21.159,39.779,200
3/3/2024 22:00,8.577,29.798,21.221,39.895,200
3/3/2024 23:00,12.694,38.635,25.940,48.767,200
4/3/2024 0:00,7.301,37.151,29.852,56.122,200
4/3/2024 1:00,0.470,19.500,19.031,35.778,200
Ημερομηνία,NO (ppb),"NO (ppb)
x","NO (ppb)
2","NO (μg/m3)
2","Οριακή
τιμή
(μg/m3)"
4/3/2024 2:00,0.215,9.044,8.828,16.597,200
4/3/2024 3:00,1.603,14.223,12.620,23.726,200
4/3/2024 4:00,4.789,26.491,21.703,40.802,200
4/3/2024 5:00,3.805,22.245,18.442,34.671,200
4/3/2024 6:00,34.560,64.593,30.033,56.462,200
4/3/2024 7:00,63.992,99.226,35.235,66.242,200
4/3/2024 8:00,46.617,76.811,30.195,56.767,200
4/3/2024 9:00,31.481,55.908,24.429,45.927,200
4/3/2024 10:00,29.706,56.002,26.296,49.436,200
4/3/2024 11:00,35.883,68.923,33.041,62.117,200
4/3/2024 12:00,13.336,33.622,20.286,38.138,200
4/3/2024 13:00,8.264,25.039,16.777,31.541,200
4/3/2024 14:00,7.721,21.894,14.176,26.651,200
4/3/2024 15:00,4.860,17.126,12.266,23.060,200
4/3/2024 16:00,1.509,7.941,6.431,12.090,200
4/3/2024 17:00,1.606,10.678,9.071,17.053,200
4/3/2024 18:00,0.893,10.202,9.309,17.501,200
4/3/2024 19:00,0.318,8.917,8.598,16.164,200
4/3/2024 20:00,0.157,7.758,7.600,14.288,200
4/3/2024 21:00,0.249,6.858,6.608,12.423,200
4/3/2024 22:00,0.279,5.800,5.518,10.374,200
4/3/2024 23:00,0.113,4.954,4.840,9.099,200
5/3/2024 0:00,-0.003,3.656,3.660,6.881,200
5/3/2024 1:00,0.056,2.687,2.635,4.954,200
5/3/2024 2:00,0.158,2.899,2.741,5.153,200
5/3/2024 3:00,0.124,2.197,2.075,3.901,200
5/3/2024 4:00,0.050,3.661,3.611,6.789,200
5/3/2024 5:00,0.380,9.934,9.554,17.962,200
5/3/2024 6:00,0.613,13.363,12.749,23.968,200
5/3/2024 7:00,6.660,38.382,31.723,59.639,200
5/3/2024 8:00,4.258,29.223,24.966,46.936,200
5/3/2024 9:00,11.917,38.945,27.028,50.813,200
5/3/2024 10:00,18.773,46.601,27.828,52.317,200
5/3/2024 11:00,2.686,21.628,18.942,35.611,200
5/3/2024 12:00,4.182,23.286,19.107,35.921,200
5/3/2024 13:00,4.637,20.627,15.991,30.063,200
5/3/2024 14:00,8.123,26.918,18.795,35.335,200
5/3/2024 15:00,3.729,17.098,13.371,25.137,200
5/3/2024 16:00,11.244,25.693,14.449,27.164,200
5/3/2024 17:00,3.918,21.437,17.519,32.936,200
Ημερομηνία,NO (ppb),"NO (ppb)
x","NO (ppb)
2","NO (μg/m3)
2","Οριακή
τιμή
(μg/m3)"
5/3/2024 18:00,13.360,41.887,28.528,53.633,200
5/3/2024 19:00,10.304,37.443,27.138,51.019,200
5/3/2024 20:00,2.247,25.639,23.396,43.984,200
5/3/2024 21:00,10.890,42.793,31.904,59.980,200
5/3/2024 22:00,29.141,59.967,30.829,57.959,200
5/3/2024 23:00,38.891,67.840,28.952,54.430,200
6/3/2024 0:00,10.516,34.080,23.564,44.300,200
6/3/2024 1:00,15.607,40.986,25.379,47.713,200
6/3/2024 2:00,12.775,37.235,24.461,45.987,200
6/3/2024 3:00,4.104,23.244,19.141,35.985,200
6/3/2024 4:00,14.537,34.813,20.275,38.117,200
6/3/2024 5:00,5.676,23.419,17.742,33.355,200
6/3/2024 6:00,49.058,73.740,24.685,46.408,200
6/3/2024 7:00,190.154,222.821,32.667,61.414,200
6/3/2024 8:00,154.722,187.691,32.972,61.987,200
6/3/2024 9:00,93.188,127.001,33.810,63.563,200
6/3/2024 10:00,90.630,126.056,35.428,66.605,200
6/3/2024 11:00,32.239,58.033,25.790,48.485,200
6/3/2024 12:00,15.354,34.300,18.948,35.622,200
6/3/2024 13:00,11.229,27.565,16.337,30.714,200
6/3/2024 14:00,12.870,30.503,17.632,33.148,200
6/3/2024 15:00,3.600,11.207,7.608,14.303,200
6/3/2024 16:00,6.357,20.711,14.353,26.984,200
6/3/2024 17:00,4.242,18.807,14.566,27.384,200
6/3/2024 18:00,2.865,15.115,12.251,23.032,200
6/3/2024 19:00,0.200,5.668,5.470,10.284,200
6/3/2024 20:00,0.291,10.541,10.250,19.270,200
6/3/2024 21:00,0.667,11.168,10.499,19.738,200
6/3/2024 22:00,0.863,10.405,9.542,17.939,200
6/3/2024 23:00,2.186,21.759,19.576,36.803,200
7/3/2024 0:00,0.566,9.472,8.908,16.747,200
7/3/2024 1:00,0.323,13.034,12.713,23.900,200
7/3/2024 2:00,0.086,13.169,13.086,24.602,200
7/3/2024 3:00,0.083,11.624,11.539,21.693,200
7/3/2024 4:00,1.442,18.105,16.666,31.332,200
7/3/2024 5:00,3.792,27.119,23.328,43.857,200
7/3/2024 6:00,14.117,42.257,28.143,52.909,200
7/3/2024 7:00,38.007,69.229,31.220,58.694,200
7/3/2024 8:00,44.447,79.827,35.379,66.513,200
7/3/2024 9:00,52.785,89.687,36.901,69.374,200
Ημερομηνία,NO (ppb),"NO (ppb)
x","NO (ppb)
2","NO (μg/m3)
2","Οριακή
τιμή
(μg/m3)"
7/3/2024 10:00,22.774,47.086,24.312,45.707,200
7/3/2024 11:00,11.003,24.291,13.288,24.981,200
7/3/2024 12:00,15.602,34.348,18.748,35.246,200
7/3/2024 13:00,5.371,16.287,10.917,20.524,200
7/3/2024 14:00,5.071,17.877,12.806,24.075,200
7/3/2024 15:00,2.327,8.922,6.593,12.395,200
7/3/2024 16:00,2.686,14.190,11.506,21.631,200
7/3/2024 17:00,2.613,13.529,10.914,20.518,200
7/3/2024 18:00,2.225,14.940,12.716,23.906,200
7/3/2024 19:00,1.518,18.629,17.115,32.176,200
7/3/2024 20:00,1.194,18.675,17.481,32.864,200
7/3/2024 21:00,1.154,10.833,9.679,18.197,200
7/3/2024 22:00,0.181,7.424,7.245,13.621,200
7/3/2024 23:00,0.149,15.556,15.407,28.965,200
8/3/2024 0:00,0.311,15.230,14.918,28.046,200
8/3/2024 1:00,0.219,8.665,8.450,15.886,200
8/3/2024 2:00,0.306,4.975,4.667,8.774,200
8/3/2024 3:00,0.530,7.861,7.332,13.784,200
8/3/2024 4:00,0.133,6.657,6.522,12.261,200
8/3/2024 5:00,0.206,9.674,9.467,17.798,200
8/3/2024 6:00,5.092,28.433,23.339,43.877,200
8/3/2024 7:00,14.514,40.572,26.057,48.987,200
8/3/2024 8:00,36.273,65.181,28.907,54.345,200
8/3/2024 9:00,7.826,21.449,13.625,25.615,200
8/3/2024 10:00,5.043,13.803,8.761,16.471,200
8/3/2024 11:00,8.631,21.225,12.593,23.675,200
8/3/2024 12:00,9.750,23.042,13.293,24.991,200
8/3/2024 13:00,9.309,23.279,13.971,26.265,200
8/3/2024 14:00,5.076,13.519,8.442,15.871,200
8/3/2024 15:00,6.378,17.992,11.615,21.836,200
8/3/2024 16:00,1.536,5.628,4.090,7.689,200
8/3/2024 17:00,3.405,9.523,6.117,11.500,200
8/3/2024 18:00,2.412,9.093,6.683,12.564,200
8/3/2024 19:00,0.567,5.118,4.551,8.556,200
8/3/2024 20:00,1.582,9.335,7.752,14.574,200
8/3/2024 21:00,0.823,10.647,9.824,18.469,200
8/3/2024 22:00,1.441,8.212,6.773,12.733,200
8/3/2024 23:00,0.272,5.529,5.259,9.887,200
9/3/2024 0:00,0.457,5.141,4.682,8.802,200
9/3/2024 1:00,0.232,4.957,4.723,8.879,200
Ημερομηνία,NO (ppb),"NO (ppb)
x","NO (ppb)
2","NO (μg/m3)
2","Οριακή
τιμή
(μg/m3)"
9/3/2024 2:00,0.067,3.313,3.243,6.097,200
9/3/2024 3:00,0.009,3.448,3.442,6.471,200
9/3/2024 4:00,-0.027,3.374,3.402,6.396,200
9/3/2024 5:00,0.421,8.570,8.152,15.326,200
9/3/2024 6:00,1.867,15.797,13.929,26.187,200
9/3/2024 7:00,4.103,21.695,17.592,33.073,200
9/3/2024 8:00,4.669,22.829,18.159,34.139,200
9/3/2024 9:00,5.944,19.814,13.870,26.076,200
9/3/2024 10:00,1.952,12.114,10.162,19.105,200
9/3/2024 11:00,7.608,29.206,21.597,40.602,200
9/3/2024 12:00,7.029,25.258,18.228,34.269,200
9/3/2024 13:00,5.925,15.935,10.009,18.817,200
9/3/2024 14:00,3.953,12.468,8.514,16.006,200
9/3/2024 15:00,0.486,3.834,3.346,6.290,200
9/3/2024 16:00,0.537,4.143,3.608,6.783,200
9/3/2024 17:00,0.961,6.182,5.221,9.815,200
9/3/2024 18:00,2.191,11.702,9.512,17.883,200
9/3/2024 19:00,4.373,22.089,17.717,33.308,200
9/3/2024 20:00,0.455,7.091,6.637,12.478,200
9/3/2024 21:00,0.487,11.041,10.555,19.843,200
9/3/2024 22:00,4.009,22.669,18.657,35.075,200
9/3/2024 23:00,7.873,34.960,27.086,50.922,200
10/3/2024 0:00,0.014,7.022,7.010,13.179,200
10/3/2024 1:00,-0.057,6.653,6.708,12.611,200
10/3/2024 2:00,0.405,15.121,14.713,27.660,200
10/3/2024 3:00,0.458,11.913,11.454,21.534,200
10/3/2024 4:00,0.325,12.588,12.264,23.056,200
10/3/2024 5:00,0.412,13.233,12.818,24.098,200
10/3/2024 6:00,1.893,21.238,19.343,36.365,200
10/3/2024 7:00,1.685,16.005,14.318,26.918,200
10/3/2024 8:00,18.334,36.150,17.814,33.490,200
10/3/2024 9:00,13.876,32.070,18.196,34.208,200
10/3/2024 10:00,10.040,25.808,15.768,29.644,200
10/3/2024 11:00,11.070,28.062,16.995,31.951,200
10/3/2024 12:00,6.426,17.108,10.683,20.084,200
10/3/2024 13:00,2.060,6.907,4.847,9.112,200
10/3/2024 14:00,3.955,12.863,8.909,16.749,200
10/3/2024 15:00,3.957,17.450,13.493,25.367,200
10/3/2024 16:00,1.678,8.804,7.127,13.399,200
10/3/2024 17:00,0.781,6.366,5.586,10.502,200
Ημερομηνία,NO (ppb),"NO (ppb)
x","NO (ppb)
2","NO (μg/m3)
2","Οριακή
τιμή
(μg/m3)"
10/3/2024 18:00,0.260,3.676,3.415,6.420,200
10/3/2024 19:00,1.635,6.343,4.707,8.849,200
10/3/2024 20:00,0.065,8.305,8.243,15.497,200
10/3/2024 21:00,0.202,10.994,10.792,20.289,200
10/3/2024 22:00,0.299,10.867,10.569,19.870,200
10/3/2024 23:00,0.224,6.718,6.494,12.209,200
11/3/2024 0:00,-0.026,5.793,5.817,10.936,200
11/3/2024 1:00,0.201,5.165,4.966,9.336,200
11/3/2024 2:00,0.027,3.963,3.933,7.394,200
11/3/2024 3:00,0.012,3.856,3.842,7.223,200
11/3/2024 4:00,0.078,6.937,6.860,12.897,200
11/3/2024 5:00,3.266,21.693,18.427,34.643,200
11/3/2024 6:00,4.822,31.923,27.103,50.954,200
11/3/2024 7:00,22.756,56.998,34.245,64.381,200
11/3/2024 8:00,19.654,51.078,31.423,59.075,200
11/3/2024 9:00,24.844,52.216,27.372,51.459,200
11/3/2024 10:00,4.828,15.543,10.715,20.144,200
11/3/2024 11:00,7.092,20.901,13.809,25.961,200
11/3/2024 12:00,4.611,16.458,11.844,22.267,200
11/3/2024 13:00,4.552,18.278,13.725,25.803,200
11/3/2024 14:00,21.595,47.152,25.557,48.047,200
11/3/2024 15:00,38.879,73.102,34.224,64.341,200
11/3/2024 16:00,26.303,60.901,34.600,65.048,200
11/3/2024 17:00,24.310,58.511,34.203,64.302,200
11/3/2024 18:00,17.482,50.129,32.647,61.376,200
11/3/2024 19:00,4.762,34.110,29.350,55.178,200
11/3/2024 20:00,1.741,21.387,19.648,36.938,200
11/3/2024 21:00,0.916,13.143,12.226,22.985,200
11/3/2024 22:00,0.122,3.176,3.053,5.740,200
11/3/2024 23:00,0.025,4.232,4.205,7.905,200
12/3/2024 0:00,-0.003,2.568,2.568,4.828,200
12/3/2024 1:00,-0.115,2.190,2.307,4.337,200
12/3/2024 2:00,0.111,2.280,2.168,4.076,200
12/3/2024 3:00,0.076,2.190,2.119,3.984,200
12/3/2024 4:00,0.064,2.488,2.424,4.557,200
12/3/2024 5:00,0.328,12.461,12.132,22.808,200
12/3/2024 6:00,34.913,62.576,27.666,52.012,200
12/3/2024 7:00,53.198,82.313,29.113,54.732,200
12/3/2024 8:00,7.514,26.172,18.655,35.071,200
12/3/2024 9:00,13.635,31.920,18.285,34.376,200
Ημερομηνία,NO (ppb),"NO (ppb)
x","NO (ppb)
2","NO (μg/m3)
2","Οριακή
τιμή
(μg/m3)"
12/3/2024 10:00,15.102,32.483,17.383,32.680,200
12/3/2024 11:00,17.833,38.390,20.560,38.653,200
12/3/2024 12:00,8.059,19.077,11.019,20.716,200
12/3/2024 13:00,5.929,15.057,9.127,17.159,200
12/3/2024 14:00,9.523,24.827,15.304,28.772,200
12/3/2024 15:00,6.695,27.032,20.339,38.237,200
12/3/2024 16:00,5.355,24.042,18.688,35.133,200
12/3/2024 17:00,5.659,21.793,16.132,30.328,200
12/3/2024 18:00,5.083,26.387,21.302,40.048,200
12/3/2024 19:00,25.221,61.957,36.734,69.060,200
12/3/2024 20:00,9.802,42.269,32.469,61.042,200
12/3/2024 21:00,1.463,22.415,20.953,39.392,200
12/3/2024 22:00,1.225,24.129,22.902,43.056,200
12/3/2024 23:00,0.401,17.908,17.506,32.911,200
13/3/2024 0:00,2.011,22.646,20.636,38.796,200
13/3/2024 1:00,3.730,27.637,23.907,44.945,200
13/3/2024 2:00,1.341,22.433,21.093,39.655,200
13/3/2024 3:00,0.769,14.724,13.953,26.232,200
13/3/2024 4:00,9.264,25.264,15.997,30.074,200
13/3/2024 5:00,0.520,12.607,12.085,22.720,200
13/3/2024 6:00,6.945,26.848,19.903,37.418,200
13/3/2024 7:00,44.328,78.797,34.467,64.798,200
13/3/2024 8:00,48.717,84.187,35.470,66.684,200
13/3/2024 9:00,10.082,23.625,13.543,25.461,200
13/3/2024 10:00,5.912,15.466,9.556,17.965,200
13/3/2024 11:00,4.373,10.588,6.214,11.682,200
13/3/2024 12:00,5.045,11.365,6.319,11.880,200
13/3/2024 13:00,3.175,8.437,5.260,9.889,200
13/3/2024 14:00,3.541,10.329,6.789,12.763,200
13/3/2024 15:00,4.503,11.727,7.223,13.579,200
13/3/2024 16:00,2.858,8.251,5.394,10.141,200
13/3/2024 17:00,1.042,6.647,5.607,10.541,200
13/3/2024 18:00,0.834,9.609,8.774,16.495,200
13/3/2024 19:00,0.426,10.331,9.907,18.625,200
13/3/2024 20:00,0.503,8.219,7.716,14.506,200
13/3/2024 21:00,0.447,6.947,6.501,12.222,200
13/3/2024 22:00,0.181,5.664,5.483,10.308,200
13/3/2024 23:00,0.079,6.981,6.902,12.976,200
14/3/2024 0:00,0.103,7.044,6.940,13.047,200
14/3/2024 1:00,0.029,3.193,3.165,5.950,200
Ημερομηνία,NO (ppb),"NO (ppb)
x","NO (ppb)
2","NO (μg/m3)
2","Οριακή
τιμή
(μg/m3)"
14/3/2024 2:00,0.011,2.844,2.833,5.326,200
14/3/2024 3:00,0.102,3.511,3.410,6.411,200
14/3/2024 4:00,0.183,3.628,3.445,6.477,200
14/3/2024 5:00,0.518,7.257,6.739,12.669,200
14/3/2024 6:00,0.728,12.570,11.845,22.269,200
14/3/2024 7:00,15.211,32.195,16.987,31.936,200
14/3/2024 8:00,9.474,24.897,15.422,28.993,200
14/3/2024 9:00,16.531,33.948,17.416,32.742,200
14/3/2024 10:00,10.902,24.222,13.321,25.043,200
14/3/2024 11:00,2.747,7.586,4.839,9.097,200
14/3/2024 12:00,5.795,13.246,7.449,14.004,200
14/3/2024 13:00,2.999,8.201,5.198,9.772,200
14/3/2024 14:00,3.886,11.065,7.179,13.497,200
14/3/2024 15:00,1.825,7.794,5.970,11.224,200
14/3/2024 16:00,1.338,7.620,6.282,11.810,200
14/3/2024 17:00,0.870,7.726,6.859,12.895,200
14/3/2024 18:00,0.576,7.018,6.444,12.115,200
14/3/2024 19:00,0.410,6.609,6.202,11.660,200
14/3/2024 20:00,0.308,5.784,5.477,10.297,200
14/3/2024 21:00,0.673,9.138,8.467,15.918,200
14/3/2024 22:00,0.876,8.273,7.398,13.908,200
14/3/2024 23:00,0.650,8.607,7.956,14.957,200
15/3/2024 0:00,0.415,7.218,6.803,12.790,200
15/3/2024 1:00,0.562,8.683,8.122,15.269,200
15/3/2024 2:00,0.482,8.570,8.087,15.204,200
15/3/2024 3:00,0.546,7.353,6.808,12.799,200
15/3/2024 4:00,1.146,15.086,13.940,26.207,200
15/3/2024 5:00,2.648,20.663,18.016,33.870,200
15/3/2024 6:00,22.462,46.477,24.013,45.144,200
15/3/2024 7:00,63.669,92.956,29.286,55.058,200
15/3/2024 8:00,55.256,83.422,28.165,52.950,200
15/3/2024 9:00,49.256,75.037,25.782,48.470,200
15/3/2024 10:00,37.430,58.760,21.327,40.095,200
15/3/2024 11:00,11.112,21.982,10.871,20.437,200
15/3/2024 12:00,7.197,18.322,11.123,20.911,200
15/3/2024 13:00,2.954,9.864,6.909,12.989,200
15/3/2024 14:00,16.394,31.530,15.136,28.456,200
15/3/2024 15:00,2.917,7.822,4.907,9.225,200
15/3/2024 16:00,1.373,5.220,3.849,7.236,200
15/3/2024 17:00,0.986,5.259,4.273,8.033,200
Ημερομηνία,NO (ppb),"NO (ppb)
x","NO (ppb)
2","NO (μg/m3)
2","Οριακή
τιμή
(μg/m3)"
15/3/2024 18:00,3.239,16.058,12.820,24.102,200
15/3/2024 19:00,5.389,21.007,15.617,29.360,200
15/3/2024 20:00,1.042,10.686,9.643,18.129,200
15/3/2024 21:00,3.747,23.546,19.798,37.220,200
15/3/2024 22:00,4.180,28.747,24.567,46.186,200
15/3/2024 23:00,2.448,28.268,25.820,48.542,200
16/3/2024 0:00,11.458,42.557,31.100,58.468,200
16/3/2024 1:00,1.164,25.690,24.527,46.111,200
16/3/2024 2:00,0.341,16.741,16.401,30.834,200
16/3/2024 3:00,0.449,15.879,15.431,29.010,200
16/3/2024 4:00,0.210,13.363,13.154,24.730,200
16/3/2024 5:00,2.677,16.844,14.167,26.634,200
16/3/2024 6:00,0.950,13.604,12.653,23.788,200
16/3/2024 7:00,9.748,27.232,17.482,32.866,200
16/3/2024 8:00,4.373,16.194,11.823,22.227,200
16/3/2024 9:00,7.162,17.775,10.612,19.951,200
16/3/2024 10:00,18.083,37.727,19.644,36.931,200
16/3/2024 11:00,15.822,33.568,17.749,33.368,200
16/3/2024 12:00,2.483,8.577,6.095,11.459,200
16/3/2024 13:00,3.168,11.047,7.879,14.813,200
16/3/2024 14:00,0.862,2.500,1.637,3.078,200
16/3/2024 15:00,0.423,1.790,1.366,2.568,200
16/3/2024 16:00,0.820,3.273,2.454,4.614,200
16/3/2024 17:00,0.473,2.370,1.897,3.566,200
16/3/2024 18:00,1.260,6.348,5.086,9.562,200
16/3/2024 19:00,0.657,8.052,7.393,13.899,200
16/3/2024 20:00,3.283,14.996,11.715,22.024,200
16/3/2024 21:00,4.326,21.831,17.506,32.911,200
16/3/2024 22:00,9.073,28.045,18.973,35.669,200
16/3/2024 23:00,4.933,24.203,19.271,36.229,200
17/3/2024 0:00,3.408,22.431,19.021,35.759,200
17/3/2024 1:00,0.973,21.962,20.988,39.457,200
17/3/2024 2:00,0.300,16.253,15.954,29.994,200
17/3/2024 3:00,0.187,10.818,10.634,19.992,200
17/3/2024 4:00,0.175,8.721,8.544,16.063,200
17/3/2024 5:00,0.514,16.613,16.100,30.268,200
17/3/2024 6:00,2.647,24.779,22.134,41.612,200
17/3/2024 7:00,24.640,50.513,25.876,48.647,200
17/3/2024 8:00,10.700,29.799,19.102,35.912,200
17/3/2024 9:00,2.614,13.123,10.507,19.753,200
Ημερομηνία,NO (ppb),"NO (ppb)
x","NO (ppb)
2","NO (μg/m3)
2","Οριακή
τιμή
(μg/m3)"
17/3/2024 10:00,2.576,9.542,6.967,13.098,200
17/3/2024 11:00,1.922,6.821,4.898,9.208,200
17/3/2024 12:00,0.943,4.778,3.833,7.206,200
17/3/2024 13:00,0.506,3.391,2.885,5.424,200
17/3/2024 14:00,2.318,7.457,5.140,9.663,200
17/3/2024 15:00,1.332,5.360,4.027,7.571,200
17/3/2024 16:00,0.370,2.244,1.875,3.525,200
17/3/2024 17:00,0.729,5.552,4.822,9.065,200
17/3/2024 18:00,2.103,10.283,8.180,15.378,200
17/3/2024 19:00,0.403,6.048,5.646,10.614,200
17/3/2024 20:00,2.460,14.071,11.608,21.823,200
17/3/2024 21:00,4.178,23.882,19.705,37.045,200
17/3/2024 22:00,2.844,23.458,20.615,38.756,200
17/3/2024 23:00,1.342,24.783,23.438,44.063,200
18/3/2024 0:00,2.587,27.356,24.771,46.569,200
18/3/2024 1:00,2.338,24.758,22.417,42.144,200
18/3/2024 2:00,1.955,20.856,18.899,35.530,200
18/3/2024 3:00,1.190,18.932,17.745,33.361,200
18/3/2024 4:00,1.170,17.563,16.393,30.819,200
18/3/2024 5:00,0.705,14.133,13.425,25.239,200
18/3/2024 6:00,1.549,15.057,13.508,25.395,200
18/3/2024 7:00,4.742,19.657,14.914,28.038,200
18/3/2024 8:00,4.652,15.073,10.420,19.590,200
18/3/2024 9:00,3.252,9.962,6.710,12.615,200
18/3/2024 10:00,1.449,5.842,4.395,8.263,200
18/3/2024 11:00,0.801,3.707,2.904,5.460,200
18/3/2024 12:00,0.266,2.476,2.207,4.149,200
18/3/2024 13:00,0.608,2.966,2.358,4.433,200
18/3/2024 14:00,0.543,2.948,2.405,4.521,200
18/3/2024 15:00,0.470,1.999,1.531,2.878,200
18/3/2024 16:00,0.646,3.333,2.685,5.048,200
18/3/2024 17:00,2.633,12.888,10.257,19.283,200
18/3/2024 18:00,1.701,13.202,11.501,21.622,200
18/3/2024 19:00,4.133,21.182,17.047,32.048,200
18/3/2024 20:00,7.052,34.767,27.714,52.102,200
18/3/2024 21:00,7.032,36.348,29.317,55.116,200
18/3/2024 22:00,5.459,38.588,33.128,62.281,200
18/3/2024 23:00,6.467,39.151,32.682,61.442,200
19/3/2024 0:00,1.257,30.832,29.575,55.601,200
19/3/2024 1:00,3.237,30.894,27.657,51.995,200
Ημερομηνία,NO (ppb),"NO (ppb)
x","NO (ppb)
2","NO (μg/m3)
2","Οριακή
τιμή
(μg/m3)"
19/3/2024 2:00,1.732,24.094,22.362,42.041,200
19/3/2024 3:00,0.323,12.282,11.960,22.485,200
19/3/2024 4:00,0.947,13.779,12.834,24.128,200
19/3/2024 5:00,1.287,20.862,19.577,36.805,200
19/3/2024 6:00,50.903,82.876,31.974,60.111,200
19/3/2024 7:00,122.434,156.276,33.841,63.621,200
19/3/2024 8:00,37.369,63.938,26.571,49.953,200
19/3/2024 9:00,36.586,58.336,21.748,40.886,200
19/3/2024 10:00,61.018,90.348,29.330,55.140,200
19/3/2024 11:00,46.339,79.471,33.131,62.286,200
19/3/2024 12:00,28.839,53.883,25.042,47.079,200
19/3/2024 13:00,9.551,27.033,17.482,32.866,200
19/3/2024 14:00,5.887,14.004,8.118,15.262,200
19/3/2024 15:00,1.767,9.668,7.902,14.856,200
19/3/2024 16:00,1.849,9.837,7.991,15.023,200
19/3/2024 17:00,11.006,24.297,13.292,24.989,200
19/3/2024 18:00,6.908,20.429,13.522,25.421,200
19/3/2024 19:00,1.359,11.338,9.978,18.759,200
19/3/2024 20:00,1.887,19.607,17.720,33.314,200
19/3/2024 21:00,0.812,15.052,14.242,26.775,200
19/3/2024 22:00,0.608,9.435,8.824,16.589,200
19/3/2024 23:00,0.205,7.151,6.947,13.060,200
20/3/2024 0:00,0.131,4.247,4.116,7.738,200
20/3/2024 1:00,0.054,3.736,3.682,6.922,200
20/3/2024 2:00,0.037,3.047,3.084,5.798,200
20/3/2024 3:00,0.000,2.615,2.617,4.920,200
20/3/2024 4:00,0.054,2.883,2.829,5.319,200
20/3/2024 5:00,0.492,4.866,4.373,8.221,200
20/3/2024 6:00,0.804,7.987,7.181,13.500,200
20/3/2024 7:00,2.660,14.533,11.876,22.327,200
20/3/2024 8:00,8.184,22.751,14.566,27.384,200
20/3/2024 9:00,6.115,14.501,8.386,15.766,200
20/3/2024 10:00,3.656,10.310,6.657,12.515,200
20/3/2024 11:00,3.316,8.529,5.213,9.800,200
20/3/2024 12:00,4.835,12.138,7.303,13.730,200
20/3/2024 13:00,4.315,11.393,7.077,13.305,200
20/3/2024 14:00,9.781,19.453,9.675,18.189,200
20/3/2024 15:00,8.171,19.486,11.313,21.268,200
20/3/2024 16:00,8.534,21.027,12.496,23.492,200
20/3/2024 17:00,8.637,23.322,14.684,27.606,200
Ημερομηνία,NO (ppb),"NO (ppb)
x","NO (ppb)
2","NO (μg/m3)
2","Οριακή
τιμή
(μg/m3)"
20/3/2024 18:00,11.028,25.588,14.559,27.371,200
20/3/2024 19:00,4.437,19.632,15.196,28.568,200
20/3/2024 20:00,5.748,36.022,30.272,56.911,200
20/3/2024 21:00,9.788,45.163,35.376,66.507,200
20/3/2024 22:00,13.510,45.175,31.664,59.528,200
20/3/2024 23:00,24.144,57.753,33.609,63.185,200
21/3/2024 0:00,8.417,39.147,30.732,57.776,200
21/3/2024 1:00,17.831,47.974,30.144,56.671,200
21/3/2024 2:00,2.116,27.268,25.154,47.290,200
21/3/2024 3:00,4.147,24.942,20.796,39.096,200
21/3/2024 4:00,1.988,21.533,19.544,36.743,200
21/3/2024 5:00,16.503,38.408,21.906,41.183,200
21/3/2024 6:00,85.103,110.751,25.650,48.222,200
21/3/2024 7:00,149.582,185.124,35.542,66.819,200
21/3/2024 8:00,139.077,176.116,37.040,69.635,200
21/3/2024 9:00,46.424,73.010,26.585,49.980,200
21/3/2024 10:00,9.473,23.536,14.062,26.437,200
21/3/2024 11:00,14.623,27.118,12.494,23.489,200
21/3/2024 12:00,6.581,18.098,11.514,21.646,200
21/3/2024 13:00,7.041,19.631,12.588,23.665,200
21/3/2024 14:00,7.501,21.163,13.661,25.683,200
21/3/2024 15:00,3.663,13.080,9.418,17.706,200
21/3/2024 16:00,2.084,7.665,5.581,10.492,200
21/3/2024 17:00,3.037,15.031,11.995,22.551,200
21/3/2024 18:00,2.565,15.860,13.297,24.998,200
21/3/2024 19:00,9.066,26.638,17.569,33.030,200
21/3/2024 20:00,1.131,21.757,20.626,38.777,200
21/3/2024 21:00,22.659,61.534,38.874,73.083,200
21/3/2024 22:00,62.779,104.156,41.377,77.789,200
21/3/2024 23:00,19.339,59.406,40.068,75.328,200
22/3/2024 0:00,1.537,28.867,27.331,51.382,200
22/3/2024 1:00,0.543,26.099,25.557,48.047,200
22/3/2024 2:00,0.434,18.836,18.403,34.598,200
22/3/2024 3:00,0.965,16.032,15.068,28.328,200
22/3/2024 4:00,0.275,13.705,13.428,25.245,200
22/3/2024 5:00,1.565,22.283,20.718,38.950,200
22/3/2024 6:00,26.318,54.951,28.636,53.836,200
22/3/2024 7:00,27.852,55.578,27.726,52.125,200
22/3/2024 8:00,30.248,60.873,30.624,57.573,200
22/3/2024 9:00,12.428,32.934,20.507,38.553,200
Ημερομηνία,NO (ppb),"NO (ppb)
x","NO (ppb)
2","NO (μg/m3)
2","Οριακή
τιμή
(μg/m3)"
22/3/2024 10:00,11.675,26.908,15.232,28.636,200
22/3/2024 11:00,19.319,37.245,17.926,33.701,200
22/3/2024 12:00,11.990,26.153,14.165,26.630,200
22/3/2024 13:00,13.237,29.038,15.805,29.713,200
22/3/2024 14:00,2.596,8.301,5.705,10.725,200
22/3/2024 15:00,2.258,6.833,4.574,8.599,200
22/3/2024 16:00,3.256,11.606,8.351,15.700,200
22/3/2024 17:00,4.562,13.533,8.971,16.865,200
22/3/2024 18:00,2.400,9.123,6.724,12.641,200
22/3/2024 19:00,1.034,7.744,6.709,12.613,200
22/3/2024 20:00,0.633,7.258,6.627,12.459,200
22/3/2024 21:00,0.547,6.167,5.620,10.566,200
22/3/2024 22:00,0.791,10.042,9.251,17.392,200
22/3/2024 23:00,0.662,14.424,13.762,25.873,200
23/3/2024 0:00,5.827,33.998,28.172,52.963,200
23/3/2024 1:00,6.584,32.415,25.832,48.564,200
23/3/2024 2:00,2.723,25.325,22.603,42.494,200
23/3/2024 3:00,3.486,26.256,22.768,42.804,200
23/3/2024 4:00,1.123,17.798,16.676,31.351,200
23/3/2024 5:00,0.917,19.242,18.326,34.453,200
23/3/2024 6:00,19.933,49.087,29.152,54.806,200
23/3/2024 7:00,35.794,64.502,28.708,53.971,200
23/3/2024 8:00,67.809,101.831,34.022,63.961,200
23/3/2024 9:00,28.513,55.074,26.562,49.937,200
23/3/2024 10:00,7.718,20.001,12.283,23.092,200
23/3/2024 11:00,3.363,9.323,5.960,11.205,200
23/3/2024 12:00,1.366,4.887,3.522,6.621,200
23/3/2024 13:00,3.271,10.713,7.442,13.991,200
23/3/2024 14:00,7.783,19.523,11.737,22.066,200
23/3/2024 15:00,0.753,3.262,2.505,4.709,200
23/3/2024 16:00,0.719,4.277,3.558,6.689,200
23/3/2024 17:00,0.661,3.975,3.315,6.232,200
23/3/2024 18:00,0.803,5.990,5.188,9.753,200
23/3/2024 19:00,1.877,12.376,10.497,19.734,200
23/3/2024 20:00,6.809,28.084,21.276,39.999,200
23/3/2024 21:00,6.955,26.775,19.822,37.265,200
23/3/2024 22:00,1.620,20.485,18.864,35.464,200
23/3/2024 23:00,5.704,39.382,33.678,63.315,200
24/3/2024 0:00,1.575,29.458,27.885,52.424,200
24/3/2024 1:00,1.091,25.429,24.339,45.757,200
Ημερομηνία,NO (ppb),"NO (ppb)
x","NO (ppb)
2","NO (μg/m3)
2","Οριακή
τιμή
(μg/m3)"
24/3/2024 2:00,0.946,18.730,17.787,33.440,200
24/3/2024 3:00,6.782,32.606,25.824,48.549,200
24/3/2024 4:00,1.060,22.914,21.855,41.087,200
24/3/2024 5:00,3.834,29.547,25.713,48.340,200
24/3/2024 6:00,2.326,23.434,21.107,39.681,200
24/3/2024 7:00,15.708,41.798,26.091,49.051,200
24/3/2024 8:00,21.143,43.262,22.120,41.586,200
24/3/2024 9:00,9.548,24.272,14.722,27.677,200
24/3/2024 10:00,9.657,23.190,13.531,25.438,200
24/3/2024 11:00,7.149,17.835,10.685,20.088,200
24/3/2024 12:00,3.352,13.216,9.861,18.539,200
24/3/2024 13:00,1.517,5.857,4.340,8.159,200
24/3/2024 14:00,1.866,8.486,6.619,12.444,200
24/3/2024 15:00,2.733,12.435,9.702,18.240,200
24/3/2024 16:00,0.695,4.318,3.622,6.809,200
24/3/2024 17:00,1.745,10.010,8.265,15.538,200
24/3/2024 18:00,10.397,35.130,24.734,46.500,200
24/3/2024 19:00,0.296,9.353,9.057,17.027,200
24/3/2024 20:00,0.409,22.258,21.848,41.074,200
24/3/2024 21:00,2.105,30.418,28.313,53.228,200
24/3/2024 22:00,4.220,35.897,31.678,59.555,200
24/3/2024 23:00,46.903,82.517,35.610,66.947,200
25/3/2024 0:00,22.565,57.608,35.042,65.879,200
25/3/2024 1:00,1.124,7.543,6.421,12.071,200
25/3/2024 2:00,1.089,7.698,6.607,12.421,200
25/3/2024 3:00,0.784,4.436,3.652,6.866,200
25/3/2024 4:00,0.250,3.389,3.140,5.903,200
25/3/2024 5:00,0.046,2.927,2.881,5.416,200
25/3/2024 6:00,0.030,4.026,3.999,7.518,200
25/3/2024 7:00,0.457,5.458,5.001,9.402,200
25/3/2024 8:00,0.997,5.590,4.592,8.633,200
25/3/2024 9:00,0.876,4.137,3.260,6.129,200
25/3/2024 10:00,1.382,5.112,3.728,7.009,200
25/3/2024 11:00,0.371,3.278,2.907,5.465,200
25/3/2024 12:00,0.396,2.956,2.562,4.817,200
25/3/2024 13:00,0.551,2.965,2.415,4.540,200
25/3/2024 14:00,0.349,2.808,2.459,4.623,200
25/3/2024 15:00,0.653,2.993,2.340,4.399,200
25/3/2024 16:00,1.250,3.523,2.273,4.273,200
25/3/2024 17:00,0.264,3.060,2.797,5.258,200
Ημερομηνία,NO (ppb),"NO (ppb)
x","NO (ppb)
2","NO (μg/m3)
2","Οριακή
τιμή
(μg/m3)"
25/3/2024 18:00,0.216,4.106,3.888,7.309,200
25/3/2024 19:00,0.233,6.999,6.767,12.722,200
25/3/2024 20:00,0.795,9.098,8.301,15.606,200
25/3/2024 21:00,0.085,7.382,7.295,13.715,200
25/3/2024 22:00,0.153,8.813,8.659,16.279,200
25/3/2024 23:00,0.400,11.899,11.497,21.614,200
26/3/2024 0:00,0.137,9.668,9.529,17.915,200
26/3/2024 1:00,0.182,6.978,6.797,12.778,200
26/3/2024 2:00,0.078,7.557,7.476,14.055,200
26/3/2024 3:00,3.083,15.317,12.234,23.000,200
26/3/2024 4:00,0.908,12.742,11.833,22.246,200
26/3/2024 5:00,0.507,17.277,16.769,31.526,200
26/3/2024 6:00,20.290,54.374,34.083,64.076,200
26/3/2024 7:00,20.872,51.681,30.808,57.919,200
26/3/2024 8:00,58.433,95.694,37.266,70.060,200
26/3/2024 9:00,52.622,86.748,34.128,64.161,200
26/3/2024 10:00,33.944,65.604,31.661,59.523,200
26/3/2024 11:00,39.902,73.648,33.747,63.444,200
26/3/2024 12:00,40.973,75.505,34.532,64.920,200
26/3/2024 13:00,36.862,72.303,35.444,66.635,200
26/3/2024 14:00,13.749,41.951,28.203,53.022,200
26/3/2024 15:00,15.062,42.057,26.998,50.756,200
26/3/2024 16:00,4.431,16.486,12.056,22.665,200
26/3/2024 17:00,3.273,16.828,13.555,25.483,200
26/3/2024 18:00,10.920,29.548,18.627,35.019,200
26/3/2024 19:00,14.679,38.453,23.773,44.693,200
26/3/2024 20:00,2.431,20.217,17.783,33.432,200
26/3/2024 21:00,10.406,27.003,16.596,31.200,200
26/3/2024 22:00,0.337,7.417,7.081,13.312,200
26/3/2024 23:00,0.167,6.617,6.452,12.130,200
27/3/2024 0:00,0.086,7.165,7.079,13.309,200
27/3/2024 1:00,0.158,8.086,7.927,14.903,200
27/3/2024 2:00,0.271,9.482,9.211,17.317,200
27/3/2024 3:00,4.273,22.913,18.644,35.051,200
27/3/2024 4:00,2.364,14.022,11.658,21.917,200
27/3/2024 5:00,4.284,18.286,14.002,26.324,200
27/3/2024 6:00,10.682,28.016,17.335,32.590,200
27/3/2024 7:00,12.652,29.549,16.899,31.769,200
27/3/2024 8:00,13.636,30.316,16.680,31.359,200
27/3/2024 9:00,14.129,30.699,16.571,31.154,200
Ημερομηνία,NO (ppb),"NO (ppb)
x","NO (ppb)
2","NO (μg/m3)
2","Οριακή
τιμή
(μg/m3)"
27/3/2024 10:00,14.375,30.890,16.517,31.051,200
27/3/2024 11:00,14.498,30.986,16.489,31.000,200
27/3/2024 12:00,14.559,31.034,16.476,30.974,200
27/3/2024 13:00,14.590,31.058,16.469,30.961,200
27/3/2024 14:00,14.621,31.082,16.462,30.949,200
27/3/2024 15:00,66.721,90.361,23.641,44.445,200
27/3/2024 16:00,12.832,30.542,17.712,33.299,200
27/3/2024 17:00,9.072,27.104,18.030,33.896,200
27/3/2024 18:00,4.378,22.526,18.146,34.114,200
27/3/2024 19:00,6.108,28.267,22.161,41.663,200
27/3/2024 20:00,8.545,30.874,22.330,41.980,200
27/3/2024 21:00,3.538,28.031,24.494,46.049,200
27/3/2024 22:00,3.172,26.576,23.405,44.001,200
27/3/2024 23:00,0.789,15.387,14.601,27.450,200
28/3/2024 0:00,1.972,17.354,15.383,28.920,200
28/3/2024 1:00,2.027,19.853,17.826,33.513,200
28/3/2024 2:00,3.333,23.637,20.306,38.175,200
28/3/2024 3:00,5.341,25.868,20.527,38.591,200
28/3/2024 4:00,2.054,14.802,12.748,23.966,200
28/3/2024 5:00,4.279,20.225,15.948,29.982,200
28/3/2024 6:00,34.882,56.603,21.724,40.841,200
28/3/2024 7:00,112.425,145.107,32.683,61.444,200
28/3/2024 8:00,92.457,128.922,36.467,68.558,200
28/3/2024 9:00,43.557,73.359,29.801,56.026,200
28/3/2024 10:00,18.379,34.847,16.467,30.958,200
28/3/2024 11:00,8.622,22.857,14.237,26.766,200
28/3/2024 12:00,12.318,30.654,18.335,34.470,200
28/3/2024 13:00,13.356,32.909,19.553,36.760,200
28/3/2024 14:00,6.017,20.549,14.533,27.322,200
28/3/2024 15:00,5.680,19.802,14.123,26.551,200
28/3/2024 16:00,4.642,18.027,13.386,25.166,200
28/3/2024 17:00,3.291,16.192,12.899,24.250,200
28/3/2024 18:00,5.597,24.744,19.147,35.996,200
28/3/2024 19:00,0.473,6.944,6.471,12.165,200
28/3/2024 20:00,0.286,14.594,14.307,26.897,200
28/3/2024 21:00,3.737,31.251,27.512,51.723,200
28/3/2024 22:00,1.846,30.946,29.102,54.712,200
28/3/2024 23:00,0.275,15.906,15.631,29.386,200
29/3/2024 0:00,2.094,33.641,31.548,59.310,200
29/3/2024 1:00,3.699,35.140,31.442,59.111,200
Ημερομηνία,NO (ppb),"NO (ppb)
x","NO (ppb)
2","NO (μg/m3)
2","Οριακή
τιμή
(μg/m3)"
29/3/2024 2:00,3.390,32.445,29.057,54.627,200
29/3/2024 3:00,1.203,22.071,20.867,39.230,200
29/3/2024 4:00,3.802,26.145,22.342,42.003,200
29/3/2024 5:00,15.612,39.852,24.239,45.569,200
29/3/2024 6:00,87.753,117.823,30.068,56.528,200
29/3/2024 7:00,67.381,97.336,29.956,56.317,200
29/3/2024 8:00,121.016,161.535,40.520,76.178,200
29/3/2024 9:00,26.943,45.236,18.293,34.391,200
29/3/2024 10:00,21.607,46.161,24.549,46.152,200
29/3/2024 11:00,9.882,23.783,13.899,26.130,200
29/3/2024 12:00,9.668,24.400,14.729,27.691,200
29/3/2024 13:00,11.633,28.321,16.688,31.373,200
29/3/2024 14:00,9.359,24.903,15.543,29.221,200
29/3/2024 15:00,7.538,23.892,16.355,30.747,200
29/3/2024 16:00,13.987,36.056,22.070,41.492,200
29/3/2024 17:00,9.083,34.068,24.986,46.974,200
29/3/2024 18:00,8.572,30.050,21.476,40.375,200
29/3/2024 19:00,0.930,18.593,17.663,33.206,200
29/3/2024 20:00,16.215,39.354,23.142,43.507,200
29/3/2024 21:00,4.967,30.644,25.679,48.277,200
29/3/2024 22:00,15.516,55.002,39.488,74.237,200
29/3/2024 23:00,15.291,51.595,36.307,68.257,200
30/3/2024 0:00,1.522,27.753,26.231,49.314,200
30/3/2024 1:00,1.664,29.355,27.692,52.061,200
30/3/2024 2:00,1.173,28.665,27.493,51.687,200
30/3/2024 3:00,0.639,22.068,21.428,40.285,200
30/3/2024 4:00,2.075,23.748,21.672,40.743,200
30/3/2024 5:00,27.308,53.124,25.818,48.538,200
30/3/2024 6:00,77.943,107.159,29.217,54.928,200
30/3/2024 7:00,130.650,169.899,39.250,73.790,200
30/3/2024 8:00,43.418,76.730,33.312,62.627,200
30/3/2024 9:00,10.318,29.427,19.109,35.925,200
30/3/2024 10:00,8.520,24.775,16.255,30.559,200
30/3/2024 11:00,11.008,28.754,17.747,33.364,200
30/3/2024 12:00,11.358,28.007,16.645,31.293,200
30/3/2024 13:00,5.676,16.242,10.567,19.866,200
30/3/2024 14:00,6.241,15.197,8.953,16.832,200
30/3/2024 15:00,2.398,8.870,6.474,12.171,200
30/3/2024 16:00,2.312,12.082,9.772,18.371,200
30/3/2024 17:00,1.922,10.859,8.936,16.800,200
Ημερομηνία,NO (ppb),"NO (ppb)
x","NO (ppb)
2","NO (μg/m3)
2","Οριακή
τιμή
(μg/m3)"
30/3/2024 18:00,1.213,11.710,10.499,19.738,200
30/3/2024 19:00,0.622,7.202,6.578,12.367,200
30/3/2024 20:00,0.944,8.072,7.127,13.399,200
30/3/2024 21:00,0.168,11.312,11.145,20.953,200
30/3/2024 22:00,1.489,22.032,20.539,38.613,200
30/3/2024 23:00,0.295,9.604,9.309,17.501,200
31/3/2024 0:00,0.110,11.311,11.200,21.056,200
31/3/2024 1:00,0.072,10.616,10.544,19.823,200
31/3/2024 2:00,-0.225,9.727,9.951,18.708,200
31/3/2024 4:00,-0.064,8.569,8.633,16.230,200
31/3/2024 4:00,0.158,10.970,10.812,20.327,200
31/3/2024 5:00,0.210,12.633,12.423,23.355,200
31/3/2024 6:00,2.096,19.435,17.338,32.595,200
31/3/2024 7:00,5.133,25.964,20.832,39.164,200
31/3/2024 8:00,3.614,17.698,14.083,26.476,200
31/3/2024 9:00,2.607,14.941,12.332,23.184,200
31/3/2024 10:00,6.145,21.247,15.102,28.392,200
31/3/2024 11:00,1.715,10.063,8.348,15.694,200
31/3/2024 12:00,3.332,10.998,7.668,14.416,200
31/3/2024 13:00,3.924,11.966,8.043,15.121,200
31/3/2024 14:00,4.405,16.532,12.129,22.803,200
31/3/2024 15:00,2.788,9.869,7.079,13.309,200
31/3/2024 16:00,1.080,6.389,5.310,9.983,200
31/3/2024 17:00,0.313,3.907,3.596,6.760,200
31/3/2024 18:00,0.289,4.133,3.845,7.229,200
31/3/2024 19:00,0.214,4.541,4.326,8.133,200
31/3/2024 20:00,0.135,3.287,3.153,5.928,200
31/3/2024 21:00,0.325,3.992,3.667,6.894,200
31/3/2024 22:00,0.515,4.697,4.181,7.860,200
31/3/2024 23:00,0.705,5.402,4.695,8.827,200
Ημερομηνία,,Ημερήσιος Μέσος,,,
,,"Όρος ΝΟ (μg/m3)
2",,,
1/3/2024,41.25,,,,
2/3/2024,32.80,,,,
3/3/2024,29.16,,,,
4/3/2024,32.21,,,,
5/3/2024,34.27,,,,
6/3/2024,37.05,,,,
7/3/2024,31.85,,,,
8/3/2024,20.60,,,,
9/3/2024,20.53,,,,
10/3/2024,20.54,,,,
11/3/2024,34.76,,,,
12/3/2024,31.17,,,,
13/3/2024,24.18,,,,
14/3/2024,14.67,,,,
15/3/2024,27.86,,,,
16/3/2024,23.97,,,,
17/3/2024,22.91,,,,
18/3/2024,26.58,,,,
19/3/2024,35.38,,,,
20/3/2024,23.33,,,,
21/3/2024,42.00,,,,
22/3/2024,28.78,,,,
23/3/2024,32.31,,,,
24/3/2024,34.88,,,,
25/3/2024,11.16,,,,
26/3/2024,39.75,,,,
27/3/2024,31.56,,,,
28/3/2024,35.96,,,,
29/3/2024,46.29,,,,
30/3/2024,33.82,,,,
31/3/2024,17.18,,,,
