"""01-01-2023""",2.2,2.3,2.5,2.0,1.6,1.6.1,1.6.2,1.9,1.9.1,1.5,1.3,0.8,0.8.1,0.7,0.9,0.7.1,0.6,1.0,2.1,2.0.1,2.0.2,1.8,1.7,1.8.1
"""02-01-2023""",1.7,1.8,1.5,1.1,0.7,0.7,0.6,1.1,1.5,1.9,1.7,1.3,1.0,0.8,0.7,0.6,0.5,0.6,2.0,2.0,1.6,1.6,1.7,1.9
"""03-01-2023""",1.5,1.4,0.9,0.8,0.6,0.7,0.6,1.4,2.2,2.6,2.4,1.8,1.5,0.9,0.7,0.8,0.8,1.0,2.4,2.5,2.5,2.2,2.2,2.5
"""04-01-2023""",1.9,1.9,1.7,1.3,0.9,0.7,1.0,1.1,1.5,1.1,0.8,0.7,0.6,0.6,0.6,0.6,0.7,0.9,1.3,1.9,2.0,1.8,1.9,1.7
"""05-01-2023""",1.5,1.6,1.1,1.3,1.4,1.2,1.2,1.6,1.3,1.0,1.3,1.4,1.2,0.9,0.6,0.6,0.5,0.5,1.4,1.8,1.9,1.8,2.0,1.6
"""06-01-2023""",1.8,1.5,1.5,1.2,0.8,0.7,0.6,0.4,0.4,0.5,0.5,0.4,0.4,0.3,0.3,0.3,0.3,0.3,0.4,0.4,0.5,0.6,0.7,1.0
"""07-01-2023""",0.7,0.6,0.5,0.4,0.5,0.4,0.4,0.5,0.6,1.0,0.9,0.8,0.6,0.6,0.5,0.4,0.4,0.5,1.4,1.6,1.4,1.4,1.4,1.4
"""08-01-2023""",1.3,1.2,1.2,1.1,0.9,0.9,0.8,1.1,1.0,1.2,1.4,1.0,0.9,0.7,0.5,0.5,0.5,0.5,1.2,2.0,1.5,1.5,1.5,1.6
"""09-01-2023""",2.1,1.6,1.2,1.3,0.9,0.7,0.7,1.0,1.2,1.3,1.3,1.3,1.3,0.9,0.8,0.7,0.8,0.8,0.9,0.9,1.1,1.0,0.9,1.0
"""10-01-2023""",0.6,0.5,0.5,0.4,0.3,0.3,0.3,0.8,0.7,1.0,1.1,1.2,0.8,0.7,0.8,0.8,0.8,1.4,1.5,2.0,1.8,1.5,1.5,0.7
"""11-01-2023""",0.5,0.4,0.3,0.3,0.3,0.3,0.3,0.4,0.7,0.6,0.6,0.6,0.5,0.4,0.4,0.4,0.4,0.4,0.5,0.6,0.6,0.6,0.6,0.5
"""12-01-2023""",0.4,0.4,0.4,0.3,0.3,0.3,0.4,0.5,0.5,0.6,0.4,0.5,0.5,0.4,0.4,0.4,0.3,0.4,0.6,0.5,0.5,0.5,0.6,0.6
"""13-01-2023""",0.5,0.6,0.5,0.5,0.4,0.5,0.4,1.1,1.1,1.1,1.1,0.9,0.6,0.5,0.6,-9999.0,0.7,0.7,1.2,1.4,1.9,2.1,2.4,1.8
"""14-01-2023""",1.6,1.3,1.1,1.1,0.9,0.7,1.1,1.0,1.6,1.8,1.9,1.7,1.6,1.2,0.9,0.6,0.6,0.6,0.8,1.1,0.9,0.7,0.8,0.8
"""15-01-2023""",0.9,0.6,0.5,0.4,0.4,0.4,0.4,0.7,0.6,0.9,0.8,0.8,0.6,0.6,0.5,0.6,0.6,0.6,1.0,1.5,1.5,1.5,1.4,1.2
"""16-01-2023""",1.1,1.1,1.2,0.8,0.6,0.8,0.8,1.5,1.8,1.9,1.5,1.3,1.0,0.8,0.6,0.6,0.7,0.8,1.1,1.9,2.2,2.5,2.3,1.6
"""17-01-2023""",1.1,1.0,0.7,0.6,0.7,0.8,0.9,1.3,-9999.0,-9999.0,-9999.0,-9999.0,-9999.0,0.9,0.7,0.7,0.8,0.8,0.7,0.7,0.6,0.5,0.4,0.3
"""18-01-2023""",0.3,0.2,0.2,0.2,0.2,0.2,0.3,0.3,0.4,0.4,-9999.0,0.4,0.5,0.4,0.4,0.4,0.5,0.6,0.6,0.4,0.4,0.4,0.4,0.4
"""19-01-2023""",0.3,0.2,0.2,0.2,0.2,0.2,0.3,0.4,0.4,0.4,0.4,0.4,0.4,0.3,0.4,0.4,0.4,0.4,0.4,0.4,0.3,0.3,0.3,0.2
"""20-01-2023""",0.2,0.2,0.2,0.2,0.2,0.2,0.3,0.4,0.6,0.4,0.5,0.5,0.4,0.3,0.3,0.3,0.3,0.3,0.4,0.8,1.4,1.4,1.3,1.2
"""21-01-2023""",0.9,0.6,0.4,0.3,0.3,0.4,0.3,0.3,0.4,0.4,0.5,0.5,0.5,0.5,0.4,0.5,0.6,0.9,1.0,0.9,1.3,1.5,1.6,1.7
"""22-01-2023""",1.4,1.6,1.3,0.8,0.6,0.4,0.5,0.9,1.0,1.0,0.8,0.6,0.5,0.5,0.5,0.5,0.5,0.6,1.5,1.2,1.0,1.0,0.8,0.6
"""23-01-2023""",0.4,0.3,0.2,0.2,0.2,0.2,0.3,0.4,0.5,0.4,0.3,0.4,0.3,0.3,0.3,0.3,0.4,0.4,0.4,0.3,0.3,0.3,0.3,0.3
"""24-01-2023""",0.2,0.2,0.2,0.2,0.2,0.2,0.3,0.3,0.4,0.4,0.4,0.4,0.4,0.5,0.5,0.6,0.6,0.5,0.5,0.6,0.6,0.5,0.4,0.4
"""25-01-2023""",0.4,0.3,0.3,0.2,0.2,0.2,0.4,0.4,0.5,0.4,0.4,0.4,0.4,0.5,0.6,0.6,0.6,0.6,0.5,0.5,0.4,0.4,0.4,0.4
"""26-01-2023""",0.3,0.3,0.2,0.2,0.2,0.2,0.4,0.5,0.6,0.5,0.5,0.4,0.4,0.5,0.6,0.7,0.8,0.9,0.8,0.7,0.8,0.7,0.6,0.6
"""27-01-2023""",0.5,0.4,0.4,0.3,0.3,0.4,0.5,0.7,0.9,0.9,0.8,0.8,0.7,0.7,0.6,0.6,0.9,0.8,0.8,0.8,0.7,0.6,0.5,0.5
"""28-01-2023""",0.4,0.4,0.4,0.4,0.4,0.4,0.4,0.5,0.6,0.5,0.5,0.5,0.5,0.4,0.4,0.5,0.4,0.4,0.4,0.5,0.5,0.7,0.7,0.6
"""29-01-2023""",0.6,0.6,0.5,0.5,0.5,0.4,0.4,0.5,0.5,0.5,0.5,0.5,0.4,0.4,0.5,0.4,0.4,0.5,0.5,0.6,0.6,0.6,0.6,0.6
"""30-01-2023""",0.6,0.5,0.5,0.4,0.4,0.5,0.6,0.6,0.7,0.7,0.6,0.6,0.5,0.5,0.4,0.4,0.5,0.6,0.7,0.7,0.6,0.6,0.5,0.6
"""31-01-2023""",0.4,0.4,0.3,0.3,0.4,0.4,0.6,0.6,0.5,0.4,0.3,0.3,0.3,0.3,0.3,0.3,0.3,0.3,0.4,0.5,0.4,0.4,0.3,0.3
"""01-02-2023""",0.3,0.3,0.3,0.2,0.2,0.3,0.3,0.4,0.7,0.5,0.3,0.3,0.3,0.3,0.3,0.3,0.3,0.4,0.5,1.2,2.1,2.3,2.7,2.3
"""02-02-2023""",1.3,0.9,0.7,0.5,0.5,0.6,1.0,2.0,2.7,2.7,1.7,1.4,0.9,0.7,0.7,0.6,0.7,0.8,2.0,2.5,2.5,2.3,2.1,0.9
"""03-02-2023""",0.5,0.4,0.3,0.3,0.3,0.3,0.4,0.3,0.5,0.3,0.3,0.3,0.3,0.3,0.3,0.3,0.3,0.4,0.5,0.6,0.7,0.9,1.0,1.4
"""04-02-2023""",1.2,1.3,0.9,0.9,0.8,0.7,0.8,1.3,1.5,1.1,0.8,0.6,0.5,0.4,0.3,0.3,0.3,0.3,0.3,0.3,0.3,0.3,0.3,0.3
"""05-02-2023""",0.3,0.3,0.2,0.2,0.2,0.2,0.2,0.2,0.2,0.3,0.3,0.3,0.3,0.3,0.3,0.3,0.3,0.3,0.4,0.4,0.4,0.4,0.4,0.3
"""06-02-2023""",0.3,0.3,0.3,0.3,0.3,0.3,0.4,0.6,0.6,0.5,0.4,0.3,0.3,0.3,0.3,0.3,0.3,0.4,0.4,0.5,0.5,0.5,0.6,0.4
"""07-02-2023""",0.4,0.3,0.3,0.3,0.3,0.4,0.5,0.9,0.9,0.7,0.6,0.5,0.4,0.4,0.3,0.3,0.4,0.4,0.6,0.7,0.8,0.7,0.8,0.7
"""08-02-2023""",0.6,0.5,0.4,0.4,0.4,0.4,0.6,0.8,0.9,0.7,0.6,0.6,0.5,0.4,0.4,0.4,0.4,0.5,0.9,1.0,1.0,0.8,0.9,1.0
"""09-02-2023""",0.9,0.8,0.7,0.4,0.4,0.4,0.6,0.7,0.9,0.6,0.6,0.5,0.4,0.5,0.4,0.5,0.6,0.7,1.0,1.1,1.2,1.3,1.6,1.2
"""10-02-2023""",0.9,0.5,0.3,0.3,0.3,0.4,0.8,1.5,1.8,1.3,0.8,0.6,0.4,0.5,0.5,0.4,0.3,0.5,1.4,1.5,1.4,2.0,1.6,1.4
"""11-02-2023""",1.2,1.1,0.9,0.7,0.7,0.6,0.7,0.7,0.6,0.6,0.6,0.6,0.5,0.4,0.4,0.4,0.4,0.5,1.2,1.8,1.8,1.6,1.8,1.5
"""12-02-2023""",1.6,1.3,1.1,1.1,1.3,1.0,0.7,0.8,0.7,0.6,0.6,0.5,0.4,0.4,0.3,0.4,0.4,0.4,0.7,1.1,1.4,1.5,1.1,0.8
"""13-02-2023""",0.9,0.7,0.5,0.5,0.4,0.5,0.8,1.4,1.3,0.8,0.6,0.6,0.5,0.4,0.4,0.4,0.4,0.5,0.8,1.6,1.8,2.2,1.9,1.6
"""14-02-2023""",1.2,0.6,0.8,0.7,0.5,0.5,0.6,0.8,0.8,0.6,0.6,0.4,0.4,0.4,0.3,0.3,0.3,0.3,0.4,0.4,0.6,0.5,0.5,0.4
"""15-02-2023""",0.4,0.4,0.3,0.3,0.3,0.3,0.5,0.9,0.9,0.6,0.4,0.4,0.4,0.4,0.4,0.4,0.4,0.4,1.1,1.4,2.0,1.8,1.4,1.2
"""16-02-2023""",0.9,0.8,0.6,0.5,0.5,0.6,0.9,1.8,2.4,2.1,1.7,1.1,0.8,0.6,0.6,0.7,0.6,0.5,0.9,1.6,1.6,1.9,1.9,1.6
"""17-02-2023""",1.3,1.0,0.9,0.9,0.8,0.9,1.5,2.5,2.9,2.6,1.6,1.2,0.9,0.9,0.7,0.7,0.7,0.8,1.1,1.9,1.9,1.8,1.7,1.8
"""18-02-2023""",1.4,1.2,0.8,0.7,0.6,0.8,1.1,1.7,2.0,1.5,1.3,0.9,0.7,0.8,0.7,0.6,0.5,0.6,1.3,1.8,1.8,2.0,2.2,1.9
"""19-02-2023""",1.7,1.4,1.0,1.0,0.8,0.9,0.9,1.3,1.6,1.2,0.8,0.8,0.8,0.8,0.7,0.7,0.5,0.7,0.7,1.6,1.9,1.8,1.5,1.5
"""20-02-2023""",1.2,0.9,0.9,0.4,0.4,0.4,0.4,0.5,0.4,0.3,0.3,0.3,0.3,0.3,0.3,0.2,0.3,0.3,0.3,0.3,0.3,0.5,0.6,0.6
"""21-02-2023""",0.5,0.6,0.7,0.4,0.4,0.8,1.3,2.0,2.4,1.6,1.2,0.9,0.6,0.6,0.6,0.6,0.5,0.5,0.6,1.8,1.5,1.6,1.4,0.9
"""22-02-2023""",1.0,1.0,0.8,0.7,0.5,0.8,1.2,2.2,2.5,1.8,1.1,0.9,0.8,0.8,0.7,0.7,0.7,0.8,0.6,1.1,1.5,1.4,1.4,1.0
"""23-02-2023""",1.0,0.8,0.6,0.6,0.6,0.6,0.8,1.1,1.1,0.7,0.7,0.6,0.4,0.4,0.4,0.4,0.7,0.4,0.6,0.8,1.5,1.4,1.0,0.9
"""24-02-2023""",1.0,0.7,0.5,0.4,0.4,0.6,0.4,0.7,0.9,0.9,0.6,0.6,0.6,0.6,0.6,0.4,0.4,0.4,0.5,0.4,0.5,0.6,0.9,0.7
"""25-02-2023""",0.9,0.7,0.8,0.6,0.5,0.5,0.6,0.9,1.0,0.8,0.8,0.5,0.5,0.5,0.4,0.3,0.3,0.5,1.2,1.3,1.5,1.6,1.7,1.7
"""26-02-2023""",1.5,1.2,0.9,0.6,0.6,0.5,0.6,0.7,0.9,1.0,0.7,0.5,0.4,0.3,0.3,0.3,0.3,0.3,0.3,0.3,0.3,0.3,0.3,0.3
"""27-02-2023""",0.3,0.2,0.2,0.2,0.2,0.2,0.3,0.3,0.5,0.7,0.4,0.4,0.4,0.5,0.5,0.3,0.4,0.5,0.6,1.0,1.1,1.0,0.9,0.8
"""28-02-2023""",0.9,0.5,0.3,0.4,0.4,0.5,0.6,0.6,0.6,0.5,0.8,0.9,1.0,0.7,1.1,0.7,0.6,0.7,0.7,0.9,0.7,0.5,0.4,0.3
"""01-03-2023""",0.3,0.3,0.3,0.2,0.3,0.4,0.6,0.9,0.7,0.5,0.5,0.5,0.5,0.5,0.5,0.6,0.6,0.7,0.8,0.8,0.6,0.6,0.5,0.5
"""02-03-2023""",0.4,0.3,0.3,0.3,0.3,0.3,0.3,0.7,0.8,0.6,0.7,-9999.0,0.5,0.5,0.5,0.4,0.5,0.6,0.6,0.6,0.6,0.5,0.5,0.4
"""03-03-2023""",0.4,0.4,0.3,0.3,0.3,0.3,0.6,0.9,1.1,0.9,0.6,0.6,0.6,0.6,0.5,0.4,0.4,0.4,0.6,0.7,1.0,1.2,1.2,0.8
"""04-03-2023""",0.7,0.6,0.4,0.5,0.4,0.4,0.4,0.5,0.4,0.6,0.6,0.5,0.6,0.5,0.5,0.5,0.4,0.4,0.5,0.5,0.9,0.9,0.6,0.6
"""05-03-2023""",0.7,0.6,0.5,0.4,0.4,0.5,0.6,0.4,0.4,0.4,0.4,0.4,0.3,0.3,0.3,0.3,0.4,0.4,0.5,0.7,0.7,0.7,0.7,0.6
"""06-03-2023""",0.5,0.4,0.5,0.4,0.4,0.5,1.0,1.8,1.7,1.0,0.8,0.7,0.6,0.6,0.5,0.6,0.6,0.6,0.8,0.8,0.7,0.6,0.5,0.6
"""07-03-2023""",0.5,0.4,0.4,0.4,0.3,0.4,0.8,1.3,1.5,1.1,0.7,0.6,0.4,0.4,0.5,0.4,0.4,0.6,0.8,0.8,1.2,1.2,0.9,0.9
"""08-03-2023""",0.8,0.6,0.6,0.5,0.4,0.5,1.0,1.4,1.2,1.1,0.8,0.7,0.7,0.5,0.5,0.5,0.5,0.4,0.8,1.4,1.6,1.5,1.4,1.2
"""09-03-2023""",1.1,0.8,0.6,0.4,0.4,0.6,0.9,1.4,1.6,0.9,0.6,0.6,0.5,0.5,0.6,0.5,0.6,0.7,0.8,1.5,1.6,1.6,1.5,1.1
"""10-03-2023""",1.0,0.8,0.5,0.4,0.5,0.5,0.9,1.3,1.5,1.5,1.1,0.7,0.9,0.6,0.6,0.7,0.6,0.6,0.6,0.6,0.9,1.3,1.1,0.9
"""11-03-2023""",1.0,0.8,0.4,0.3,0.3,0.4,0.6,0.9,0.9,0.4,0.4,0.5,0.5,0.6,0.6,0.6,0.6,0.8,0.6,0.6,1.6,1.6,0.9,0.4
"""12-03-2023""",0.4,0.3,0.3,0.2,0.2,0.2,0.2,0.3,0.3,0.3,0.3,0.3,0.3,0.3,0.3,0.3,0.3,0.3,0.4,0.4,0.4,0.6,0.5,0.5
"""13-03-2023""",0.4,0.3,0.3,0.3,0.3,0.3,0.5,0.8,0.7,0.5,0.5,0.4,0.4,0.3,0.3,0.3,0.3,0.7,0.9,1.0,1.1,1.2,0.9,0.8
"""14-03-2023""",0.6,0.5,0.4,0.3,0.3,0.4,0.7,1.5,1.5,1.1,0.6,0.5,0.5,0.6,0.4,0.4,0.4,0.5,0.5,0.7,0.8,1.1,1.0,0.9
"""15-03-2023""",0.6,0.5,0.5,0.4,0.3,0.4,0.5,0.8,1.1,0.9,0.9,0.7,0.8,0.7,0.6,0.6,0.7,0.8,0.8,0.8,0.9,1.2,1.1,0.8
"""16-03-2023""",0.6,0.5,0.4,0.3,0.3,0.3,0.3,0.4,0.5,0.4,0.4,0.4,0.4,0.4,0.4,0.4,0.4,0.4,0.4,0.5,0.6,0.5,0.4,0.3
"""17-03-2023""",0.3,0.3,0.3,0.2,0.3,0.3,0.7,1.0,0.8,0.6,0.6,0.4,0.4,0.3,0.3,0.3,0.3,0.3,0.4,0.4,0.5,0.7,0.6,0.8
"""18-03-2023""",0.7,0.6,0.6,0.4,0.4,0.3,0.4,0.6,0.6,0.6,0.5,0.4,0.4,0.4,0.4,0.5,0.4,0.6,0.8,1.1,1.2,1.2,1.0,1.0
"""19-03-2023""",1.0,0.9,0.7,0.6,0.6,0.6,0.8,0.8,0.8,0.7,0.5,0.4,0.4,0.4,0.3,0.4,0.4,0.5,0.6,1.0,1.2,1.3,1.3,0.9
"""20-03-2023""",0.8,0.6,0.5,0.4,0.4,0.6,1.1,1.5,1.6,1.0,0.7,0.6,0.5,0.5,0.4,0.5,0.4,0.4,0.4,1.0,1.3,1.3,1.3,1.2
"""21-03-2023""",1.0,0.8,0.6,0.5,0.4,0.6,0.7,1.4,1.2,0.9,0.9,0.7,0.5,0.6,0.7,0.6,1.0,0.8,0.9,0.9,1.6,1.6,1.3,1.3
"""22-03-2023""",1.2,0.9,0.8,0.7,0.6,0.5,0.6,1.1,1.1,0.9,0.5,0.5,0.4,0.4,0.5,0.4,0.6,0.8,1.0,1.4,1.7,1.6,1.5,1.3
"""23-03-2023""",1.1,0.7,0.6,0.5,0.4,0.5,0.9,1.3,1.2,0.9,0.5,0.5,0.4,0.5,0.5,0.6,0.5,0.6,0.6,0.6,0.7,1.0,1.0,0.9
"""24-03-2023""",0.7,0.5,0.5,0.4,0.4,0.4,0.7,1.3,1.1,0.6,0.5,0.5,0.5,0.6,0.6,0.5,0.3,0.4,0.4,0.4,0.8,1.2,1.2,1.0
"""25-03-2023""",0.9,0.6,0.6,0.5,0.4,0.4,0.4,0.6,0.6,0.5,0.4,0.4,0.4,0.4,0.4,0.4,0.4,0.4,0.3,0.4,0.7,1.1,1.2,0.9
"""26-03-2023""",0.8,0.7,0.6,0.6,0.5,0.6,0.5,0.3,0.3,0.2,0.2,0.2,0.2,0.2,0.2,0.2,0.2,0.3,0.6,0.7,1.0,0.9,0.7,0.7
"""27-03-2023""",0.6,0.3,0.3,0.4,0.4,0.7,0.9,1.4,1.3,0.7,-9999.0,0.5,0.5,0.6,0.5,0.5,0.5,0.6,0.4,0.5,0.7,0.9,0.7,0.4
"""28-03-2023""",0.4,0.3,0.2,0.2,0.2,0.2,0.2,0.2,0.2,0.2,0.2,0.2,0.2,0.2,0.2,0.2,0.3,0.3,0.3,0.3,0.3,0.3,0.2,0.2
"""29-03-2023""",0.2,0.2,0.2,0.2,0.2,0.2,0.3,0.4,0.6,0.3,0.3,0.3,0.3,0.3,0.3,0.3,0.3,0.3,0.3,0.4,0.6,0.6,0.7,1.3
"""30-03-2023""",0.9,0.7,0.5,0.4,0.4,0.4,0.8,1.1,1.7,1.5,0.9,0.9,0.5,0.4,0.4,0.4,0.4,0.5,0.5,0.6,0.6,1.0,0.8,0.7
"""31-03-2023""",0.6,0.4,0.4,0.3,0.3,0.4,1.0,1.7,1.7,1.0,0.9,0.8,0.6,0.6,0.5,0.7,0.6,0.5,0.4,0.4,0.4,0.9,1.1,1.0
"""01-04-2023""",1.2,1.0,0.8,0.7,0.7,0.7,0.9,1.1,1.2,1.0,0.7,0.7,0.8,0.6,0.6,0.5,0.4,0.3,0.3,0.3,0.3,0.5,0.6,0.7
"""02-04-2023""",0.7,0.4,0.4,0.3,0.5,0.4,0.4,0.6,0.5,0.5,0.4,0.6,0.5,0.6,0.4,0.4,0.4,0.4,0.5,0.4,0.4,0.8,1.0,1.0
"""03-04-2023""",0.8,0.6,0.5,0.4,0.3,0.5,0.9,1.5,1.3,1.0,0.6,0.5,0.4,0.3,0.3,0.3,0.4,0.4,0.6,0.6,0.4,0.5,0.4,0.5
"""04-04-2023""",0.5,0.6,0.4,0.4,0.3,0.3,0.5,0.7,0.7,0.7,0.5,0.4,0.4,0.4,0.3,0.3,0.3,0.3,0.3,0.4,0.5,0.5,0.4,0.4
"""05-04-2023""",0.3,0.3,0.3,0.3,0.3,0.3,0.3,0.5,0.6,0.5,0.4,0.4,0.3,0.4,0.4,0.4,0.4,0.5,0.5,0.5,0.5,0.5,0.4,0.4
"""06-04-2023""",0.3,0.3,0.3,0.3,0.3,0.3,0.4,0.5,0.6,0.5,0.4,0.4,0.4,0.3,0.3,0.3,0.3,0.3,0.3,0.3,0.4,0.3,0.3,0.3
"""07-04-2023""",0.3,0.3,0.2,0.2,0.3,0.3,0.5,0.6,0.7,0.6,0.5,0.4,0.3,0.3,0.3,0.5,0.4,0.4,0.4,0.4,0.7,1.1,1.1,1.1
"""08-04-2023""",0.8,0.6,0.5,0.4,0.4,0.3,0.3,0.5,0.6,0.6,0.5,0.5,0.6,0.6,0.8,0.6,0.5,0.5,0.5,0.6,0.7,0.8,1.1,0.9
"""09-04-2023""",0.9,0.7,0.6,0.5,0.4,0.4,0.5,0.7,0.6,0.6,0.5,0.5,0.5,0.5,0.6,0.4,0.4,0.3,0.5,0.6,0.6,0.5,0.4,0.4
"""10-04-2023""",0.3,0.3,0.3,0.3,0.3,0.3,0.4,0.5,0.6,0.4,0.3,0.3,0.3,0.3,0.3,0.3,0.3,0.3,0.5,0.7,1.0,0.9,0.9,0.8
"""11-04-2023""",0.8,0.6,0.5,0.5,0.4,0.4,0.4,-9999.0,-9999.0,-9999.0,-9999.0,-9999.0,-9999.0,-9999.0,-9999.0,-9999.0,-9999.0,-9999.0,-9999.0,-9999.0,-9999.0,-9999.0,-9999.0,-9999.0
"""12-04-2023""",-9999.0,-9999.0,-9999.0,-9999.0,-9999.0,-9999.0,-9999.0,-9999.0,-9999.0,-9999.0,-9999.0,-9999.0,-9999.0,-9999.0,-9999.0,-9999.0,-9999.0,-9999.0,-9999.0,-9999.0,-9999.0,-9999.0,-9999.0,-9999.0
"""13-04-2023""",-9999.0,-9999.0,-9999.0,-9999.0,-9999.0,-9999.0,-9999.0,-9999.0,-9999.0,-9999.0,-9999.0,-9999.0,-9999.0,-9999.0,-9999.0,-9999.0,-9999.0,-9999.0,-9999.0,-9999.0,-9999.0,-9999.0,-9999.0,-9999.0
"""14-04-2023""",-9999.0,-9999.0,-9999.0,-9999.0,-9999.0,-9999.0,-9999.0,-9999.0,-9999.0,-9999.0,-9999.0,-9999.0,-9999.0,-9999.0,-9999.0,-9999.0,-9999.0,-9999.0,-9999.0,-9999.0,-9999.0,-9999.0,-9999.0,-9999.0
"""15-04-2023""",-9999.0,-9999.0,-9999.0,-9999.0,-9999.0,-9999.0,-9999.0,-9999.0,-9999.0,-9999.0,-9999.0,-9999.0,-9999.0,-9999.0,-9999.0,-9999.0,-9999.0,-9999.0,-9999.0,-9999.0,-9999.0,-9999.0,-9999.0,-9999.0
"""16-04-2023""",-9999.0,-9999.0,-9999.0,-9999.0,-9999.0,-9999.0,-9999.0,-9999.0,-9999.0,-9999.0,-9999.0,-9999.0,-9999.0,-9999.0,-9999.0,-9999.0,-9999.0,-9999.0,-9999.0,-9999.0,-9999.0,-9999.0,-9999.0,-9999.0
"""17-04-2023""",-9999.0,-9999.0,-9999.0,-9999.0,-9999.0,-9999.0,-9999.0,-9999.0,-9999.0,-9999.0,-9999.0,-9999.0,-9999.0,-9999.0,-9999.0,-9999.0,-9999.0,-9999.0,-9999.0,-9999.0,-9999.0,-9999.0,-9999.0,-9999.0
"""18-04-2023""",-9999.0,-9999.0,-9999.0,-9999.0,-9999.0,-9999.0,-9999.0,-9999.0,-9999.0,-9999.0,-9999.0,-9999.0,-9999.0,-9999.0,-9999.0,-9999.0,-9999.0,-9999.0,-9999.0,-9999.0,-9999.0,-9999.0,-9999.0,-9999.0
"""19-04-2023""",-9999.0,-9999.0,-9999.0,-9999.0,-9999.0,-9999.0,-9999.0,-9999.0,-9999.0,-9999.0,-9999.0,-9999.0,-9999.0,-9999.0,-9999.0,-9999.0,-9999.0,-9999.0,-9999.0,-9999.0,-9999.0,-9999.0,-9999.0,-9999.0
"""20-04-2023""",-9999.0,-9999.0,-9999.0,-9999.0,-9999.0,-9999.0,-9999.0,-9999.0,-9999.0,-9999.0,-9999.0,-9999.0,-9999.0,-9999.0,-9999.0,-9999.0,-9999.0,-9999.0,-9999.0,-9999.0,-9999.0,-9999.0,-9999.0,-9999.0
"""21-04-2023""",-9999.0,-9999.0,-9999.0,-9999.0,-9999.0,-9999.0,-9999.0,-9999.0,-9999.0,-9999.0,-9999.0,-9999.0,-9999.0,-9999.0,-9999.0,-9999.0,-9999.0,-9999.0,-9999.0,-9999.0,-9999.0,-9999.0,-9999.0,-9999.0
"""22-04-2023""",-9999.0,-9999.0,-9999.0,-9999.0,-9999.0,-9999.0,-9999.0,-9999.0,-9999.0,-9999.0,-9999.0,-9999.0,-9999.0,-9999.0,-9999.0,-9999.0,-9999.0,-9999.0,-9999.0,-9999.0,-9999.0,-9999.0,-9999.0,-9999.0
"""23-04-2023""",-9999.0,-9999.0,-9999.0,-9999.0,-9999.0,-9999.0,-9999.0,-9999.0,-9999.0,-9999.0,-9999.0,-9999.0,-9999.0,-9999.0,-9999.0,-9999.0,-9999.0,-9999.0,-9999.0,-9999.0,-9999.0,-9999.0,-9999.0,-9999.0
"""24-04-2023""",-9999.0,-9999.0,-9999.0,-9999.0,-9999.0,-9999.0,-9999.0,-9999.0,-9999.0,-9999.0,-9999.0,-9999.0,-9999.0,-9999.0,-9999.0,-9999.0,-9999.0,-9999.0,-9999.0,-9999.0,-9999.0,-9999.0,-9999.0,-9999.0
"""25-04-2023""",-9999.0,-9999.0,-9999.0,-9999.0,-9999.0,-9999.0,-9999.0,-9999.0,-9999.0,-9999.0,-9999.0,-9999.0,-9999.0,-9999.0,-9999.0,-9999.0,-9999.0,-9999.0,-9999.0,-9999.0,-9999.0,-9999.0,-9999.0,-9999.0
"""26-04-2023""",-9999.0,-9999.0,-9999.0,-9999.0,-9999.0,-9999.0,-9999.0,-9999.0,-9999.0,-9999.0,-9999.0,-9999.0,-9999.0,-9999.0,-9999.0,-9999.0,-9999.0,-9999.0,-9999.0,-9999.0,-9999.0,-9999.0,-9999.0,-9999.0
"""27-04-2023""",-9999.0,-9999.0,-9999.0,-9999.0,-9999.0,-9999.0,-9999.0,-9999.0,-9999.0,-9999.0,-9999.0,-9999.0,-9999.0,-9999.0,-9999.0,-9999.0,-9999.0,-9999.0,-9999.0,-9999.0,-9999.0,-9999.0,-9999.0,-9999.0
"""28-04-2023""",-9999.0,-9999.0,-9999.0,-9999.0,-9999.0,-9999.0,-9999.0,-9999.0,-9999.0,-9999.0,-9999.0,-9999.0,-9999.0,-9999.0,-9999.0,-9999.0,-9999.0,-9999.0,-9999.0,-9999.0,-9999.0,-9999.0,-9999.0,-9999.0
"""29-04-2023""",-9999.0,-9999.0,-9999.0,-9999.0,-9999.0,-9999.0,-9999.0,-9999.0,-9999.0,-9999.0,-9999.0,-9999.0,-9999.0,-9999.0,-9999.0,-9999.0,-9999.0,-9999.0,-9999.0,-9999.0,-9999.0,-9999.0,-9999.0,-9999.0
"""30-04-2023""",-9999.0,-9999.0,-9999.0,-9999.0,-9999.0,-9999.0,-9999.0,-9999.0,-9999.0,-9999.0,-9999.0,-9999.0,-9999.0,-9999.0,-9999.0,-9999.0,-9999.0,-9999.0,-9999.0,-9999.0,-9999.0,-9999.0,-9999.0,-9999.0
"""01-05-2023""",-9999.0,-9999.0,-9999.0,-9999.0,-9999.0,-9999.0,-9999.0,-9999.0,-9999.0,-9999.0,-9999.0,-9999.0,-9999.0,-9999.0,-9999.0,-9999.0,-9999.0,-9999.0,-9999.0,-9999.0,-9999.0,-9999.0,-9999.0,-9999.0
"""02-05-2023""",-9999.0,-9999.0,-9999.0,-9999.0,-9999.0,-9999.0,-9999.0,-9999.0,-9999.0,-9999.0,-9999.0,-9999.0,-9999.0,-9999.0,-9999.0,-9999.0,-9999.0,-9999.0,-9999.0,-9999.0,-9999.0,-9999.0,-9999.0,-9999.0
"""03-05-2023""",-9999.0,-9999.0,-9999.0,-9999.0,-9999.0,-9999.0,-9999.0,-9999.0,-9999.0,-9999.0,-9999.0,-9999.0,-9999.0,-9999.0,-9999.0,-9999.0,-9999.0,-9999.0,-9999.0,0.4,0.5,0.6,0.5,0.5
"""04-05-2023""",0.5,0.5,0.4,0.3,0.4,0.5,0.5,1.0,0.9,0.8,0.7,0.4,0.4,0.5,0.7,0.5,0.4,0.6,0.7,0.6,0.7,0.9,0.9,0.6
"""05-05-2023""",0.5,0.4,0.3,0.3,0.3,0.4,0.8,0.6,0.6,0.5,0.4,0.5,0.3,0.3,0.3,0.3,0.3,0.4,0.4,0.4,0.8,0.8,0.9,0.9
"""06-05-2023""",0.7,0.5,0.5,0.3,0.3,0.3,0.4,0.5,0.4,0.4,0.4,0.3,0.3,0.4,0.3,0.3,0.4,0.4,0.4,0.4,0.4,0.6,0.7,0.6
"""07-05-2023""",0.6,0.5,0.4,0.4,0.3,0.5,0.4,0.5,0.4,0.3,0.3,0.3,0.3,0.3,0.3,0.3,0.3,0.3,0.4,0.4,0.4,0.6,0.6,0.6
"""08-05-2023""",0.5,0.4,0.3,0.3,0.3,0.4,0.7,0.9,0.6,0.5,0.5,0.4,0.4,0.3,0.3,0.3,0.3,0.3,0.3,0.3,0.3,0.3,0.3,0.3
"""09-05-2023""",0.2,0.3,0.3,0.3,0.2,0.3,0.6,0.6,0.6,0.6,0.4,0.3,0.4,0.5,0.6,0.4,0.6,0.7,0.5,0.4,0.4,0.6,0.6,0.5
"""10-05-2023""",0.4,0.3,0.3,0.2,0.2,0.2,0.3,0.4,0.5,0.5,0.4,0.4,0.3,0.3,0.3,0.3,0.4,0.6,0.6,0.6,0.6,0.8,1.0,0.6
"""11-05-2023""",0.5,0.4,0.4,0.3,0.3,0.3,0.4,0.8,0.6,0.4,0.4,0.3,0.4,0.3,0.3,0.5,0.4,0.4,0.4,0.4,0.5,0.3,0.3,0.3
"""12-05-2023""",0.4,0.4,0.3,0.3,0.2,0.3,0.5,0.9,0.6,0.6,0.4,0.3,0.3,0.4,0.4,0.3,0.4,0.3,0.3,0.4,0.6,0.6,0.5,0.5
"""13-05-2023""",0.4,0.4,0.4,0.3,0.3,0.3,0.4,0.6,0.4,0.4,0.4,0.3,0.3,0.3,0.3,0.3,0.2,0.3,0.3,0.3,0.4,0.4,0.5,0.5
"""14-05-2023""",0.4,0.4,0.3,0.5,0.4,0.4,0.5,0.5,0.5,0.5,0.4,0.4,0.4,0.3,0.3,0.3,0.3,0.3,0.3,0.3,0.4,0.3,0.6,0.4
"""15-05-2023""",0.5,0.4,0.3,0.3,0.3,0.3,0.5,0.7,1.1,0.8,0.8,0.7,0.5,0.4,0.3,0.4,0.6,0.6,0.6,0.5,0.4,0.9,0.8,0.7
"""16-05-2023""",0.5,0.4,0.4,0.4,0.3,0.5,0.6,0.7,0.7,0.7,0.6,0.5,0.4,0.3,0.3,0.4,0.5,0.6,0.6,0.8,0.8,0.7,0.8,0.9
"""17-05-2023""",0.6,0.6,0.4,0.6,0.3,0.5,0.7,0.9,0.9,0.7,0.7,0.6,0.5,0.3,0.4,0.4,0.4,0.4,0.4,0.5,0.6,0.6,0.5,0.4
"""18-05-2023""",0.4,0.4,0.3,0.3,0.3,0.3,0.5,0.6,0.5,0.5,0.3,0.3,0.2,0.2,0.2,0.2,0.3,0.4,0.4,0.3,0.3,0.4,0.3,0.4
"""19-05-2023""",0.3,0.3,0.3,0.3,0.2,0.3,0.5,0.6,0.6,0.5,0.5,0.3,0.3,0.3,0.3,0.3,0.3,0.4,0.5,0.6,0.8,1.1,0.8,0.7
"""20-05-2023""",0.6,0.5,0.6,0.4,0.4,0.5,0.6,0.9,0.7,0.6,0.5,0.4,0.4,0.4,0.5,0.4,0.4,0.4,0.4,0.4,0.4,0.5,0.5,0.6
"""21-05-2023""",0.6,0.5,0.5,0.4,0.4,0.3,0.4,0.4,0.4,0.3,0.4,0.3,0.4,0.5,0.4,0.3,0.3,0.3,0.3,0.3,0.5,0.7,0.8,0.9
"""22-05-2023""",0.7,0.7,0.5,0.4,0.4,0.4,0.7,0.9,0.9,0.4,0.4,0.4,0.4,0.4,0.3,0.3,0.4,0.5,0.4,0.3,0.3,0.3,0.6,0.5
"""23-05-2023""",0.3,0.2,0.2,0.2,0.2,0.3,0.5,0.8,0.7,0.5,0.3,0.4,0.3,0.3,0.4,0.3,0.5,0.4,0.4,0.5,0.5,0.6,0.6,0.5
"""24-05-2023""",0.4,0.4,0.3,0.3,0.3,0.4,0.6,0.9,0.7,0.6,0.4,0.4,0.4,0.4,0.5,0.5,0.6,0.6,0.5,0.5,0.4,0.3,0.6,0.6
"""25-05-2023""",0.5,0.5,0.3,0.3,0.3,0.3,0.5,1.0,0.7,0.6,0.5,-9999.0,-9999.0,-9999.0,-9999.0,0.4,0.6,0.6,0.4,0.4,0.5,0.6,0.6,0.4
"""26-05-2023""",0.4,0.4,0.4,0.3,0.3,0.3,0.4,0.6,0.6,0.4,0.4,0.3,0.4,0.4,0.4,0.3,0.5,0.6,0.8,0.7,0.7,0.8,0.5,0.6
"""27-05-2023""",0.7,0.8,0.6,0.4,0.4,0.3,0.4,0.5,0.4,0.4,0.5,0.4,0.5,0.6,0.3,0.3,0.4,0.4,0.4,0.3,0.6,0.6,0.6,0.8
"""28-05-2023""",0.7,0.8,0.5,0.4,0.4,0.3,0.3,0.3,0.4,0.4,0.4,0.4,0.4,0.3,0.3,0.3,0.3,0.3,0.3,0.3,0.3,0.5,0.5,0.5
"""29-05-2023""",0.4,0.4,0.3,0.3,0.3,0.4,0.7,0.8,0.8,0.7,0.6,0.6,0.4,0.4,0.4,0.4,0.3,0.4,0.5,0.5,0.6,0.8,0.6,0.4
"""30-05-2023""",0.4,0.3,0.3,0.3,0.3,0.3,0.6,0.7,0.8,0.4,0.4,0.4,0.4,0.5,0.5,0.4,0.4,0.3,0.3,0.3,0.3,0.4,0.6,0.6
"""31-05-2023""",0.4,0.4,0.3,0.3,0.3,0.4,0.7,0.9,0.7,0.7,0.5,0.5,0.4,0.5,0.5,0.7,0.9,0.8,0.6,0.5,0.5,0.8,0.8,0.6
"""01-06-2023""",0.7,0.6,0.4,0.3,0.3,0.4,1.0,1.1,1.0,0.7,0.6,0.6,0.4,0.5,0.5,0.4,0.4,0.4,0.4,0.4,0.5,0.8,0.8,0.6
"""02-06-2023""",0.5,0.4,0.3,0.3,0.3,0.4,0.8,1.2,0.9,0.7,0.6,0.5,0.5,0.4,0.4,0.4,0.5,0.6,0.6,0.6,0.6,0.9,0.8,0.8
"""03-06-2023""",0.7,0.5,0.4,0.4,0.4,0.4,0.3,0.4,0.5,0.5,0.4,0.5,0.5,0.5,0.4,0.3,0.3,0.4,0.6,0.6,0.4,0.5,0.6,0.4
"""04-06-2023""",0.3,0.4,0.3,0.3,0.3,0.3,0.3,0.3,0.3,0.3,0.3,0.3,0.3,0.3,0.4,0.3,0.3,0.3,0.2,0.3,0.3,0.3,0.6,0.5
"""05-06-2023""",0.4,0.4,0.3,0.3,0.3,0.4,0.4,0.4,0.4,0.3,0.3,0.3,0.3,0.3,0.3,0.3,0.3,0.3,0.4,0.3,0.3,0.3,0.2,0.5
"""06-06-2023""",0.4,0.4,0.3,0.3,0.3,0.3,0.6,0.9,0.8,0.4,0.4,0.4,0.4,0.4,0.4,0.3,0.4,0.5,0.3,0.4,0.4,0.4,0.6,0.5
"""07-06-2023""",0.4,0.4,0.3,0.3,0.3,0.4,0.8,1.2,0.7,0.5,0.4,0.3,0.3,0.3,0.4,0.5,0.4,0.4,0.3,0.3,0.4,0.7,0.7,0.6
"""08-06-2023""",0.6,0.4,0.4,0.3,0.3,0.4,0.7,0.8,0.5,0.4,0.4,0.3,0.3,0.3,0.5,0.4,0.4,0.6,0.6,0.6,0.7,0.8,0.9,0.6
"""09-06-2023""",0.6,0.5,0.4,0.3,0.3,0.4,0.7,0.7,0.6,0.7,0.5,0.4,0.5,0.5,0.3,0.3,0.5,0.3,0.4,0.4,0.4,0.3,0.2,0.3
"""10-06-2023""",0.5,0.3,0.3,0.3,0.3,0.3,0.4,0.5,0.4,0.3,0.4,0.3,0.3,0.4,0.3,0.3,0.3,0.3,0.3,0.2,0.3,0.4,0.4,0.4
"""11-06-2023""",0.5,0.5,0.3,0.3,0.3,0.3,0.4,0.4,0.4,0.4,0.4,0.4,0.3,0.4,0.3,0.3,0.4,0.4,0.3,0.5,0.5,0.6,0.6,0.5
"""12-06-2023""",0.6,0.6,0.4,0.3,0.3,0.4,0.8,1.5,1.3,0.8,0.6,0.4,0.3,0.6,0.4,0.3,0.3,0.3,0.3,0.4,0.7,0.9,0.6,0.5
"""13-06-2023""",0.5,0.4,0.2,0.2,0.2,0.2,0.3,0.5,0.4,0.3,0.5,0.5,0.4,0.5,0.3,0.2,0.3,0.4,0.3,0.3,0.3,0.7,0.8,0.6
"""14-06-2023""",0.4,0.3,0.3,0.2,0.2,0.3,0.5,1.0,0.8,0.6,0.4,0.4,0.4,0.3,0.6,-9999.0,0.4,0.3,0.2,0.3,0.2,0.2,0.5,0.6
"""15-06-2023""",0.6,0.4,0.3,0.3,0.3,0.3,0.6,0.4,0.8,0.5,0.4,0.4,0.4,0.4,0.2,0.3,0.4,0.3,0.4,0.3,0.2,0.2,0.4,0.5
"""16-06-2023""",0.3,0.4,0.3,0.3,0.3,0.3,0.7,1.0,0.6,0.5,0.8,0.5,0.5,0.3,0.3,0.4,0.3,0.4,0.5,0.3,0.7,0.6,0.7,0.6
"""17-06-2023""",0.6,0.4,0.2,0.2,0.3,0.2,0.4,0.4,0.6,0.5,0.5,0.3,0.2,0.3,0.2,0.2,0.2,0.3,0.4,0.5,0.4,0.4,0.4,0.3
"""18-06-2023""",0.3,0.3,0.3,0.3,0.2,0.2,0.2,0.3,0.3,0.4,0.3,0.4,0.3,0.3,0.3,0.3,0.3,0.2,0.5,0.2,0.3,0.4,0.5,0.4
"""19-06-2023""",0.4,0.3,0.3,0.3,0.3,0.4,0.7,0.9,0.4,0.3,0.4,0.3,0.2,0.2,0.2,0.2,0.2,0.2,0.2,0.3,0.3,0.9,0.8,0.5
"""20-06-2023""",0.6,0.4,0.3,0.3,0.3,0.6,0.6,0.7,0.6,0.6,0.4,0.4,0.4,0.3,0.3,0.3,0.4,0.5,0.6,0.4,0.3,0.8,0.8,0.4
"""21-06-2023""",0.3,0.3,0.3,0.2,0.2,0.3,0.7,0.9,0.4,0.3,0.4,0.4,0.4,0.3,0.4,0.4,0.3,0.3,0.4,0.3,0.5,0.7,0.9,0.7
"""22-06-2023""",0.6,0.4,0.3,0.2,0.2,0.3,0.9,0.8,0.8,0.6,0.4,0.3,0.4,0.5,0.3,0.3,0.6,0.5,0.5,0.4,0.4,0.6,0.6,0.5
"""23-06-2023""",0.6,0.4,0.3,0.3,0.3,0.3,0.5,0.8,0.7,0.5,0.5,0.4,0.3,0.3,0.3,0.5,0.3,0.5,0.3,0.4,0.6,0.6,0.8,0.7
"""24-06-2023""",0.6,0.5,0.4,0.3,0.4,0.3,0.5,0.6,0.7,0.5,0.4,0.4,0.3,0.4,0.3,0.2,0.2,0.3,0.3,0.3,0.3,0.2,0.3,0.4
"""25-06-2023""",0.4,0.4,0.3,0.2,0.2,0.3,0.3,0.3,0.3,0.3,0.3,0.4,0.3,0.3,0.3,0.4,0.3,0.3,0.3,0.3,0.3,0.3,0.4,0.5
"""26-06-2023""",0.4,0.4,0.3,0.2,0.2,0.2,0.4,0.5,0.5,0.4,0.4,0.4,0.3,0.3,0.3,0.2,0.2,0.3,0.3,0.4,0.5,0.4,0.6,0.5
"""27-06-2023""",0.4,0.3,0.3,0.2,0.2,0.3,0.5,0.6,0.6,0.6,0.4,0.4,0.3,0.4,0.5,0.4,0.5,0.5,0.4,0.3,0.4,0.3,0.6,0.6
"""28-06-2023""",0.6,0.5,0.3,0.2,0.2,0.3,0.6,0.9,0.9,0.6,0.4,-9999.0,0.5,0.4,0.5,0.4,0.5,0.3,0.3,0.4,0.4,0.6,0.4,0.4
"""29-06-2023""",0.3,0.3,0.2,0.2,0.2,0.3,0.3,0.5,0.5,0.4,0.4,0.5,0.5,0.4,0.4,0.4,0.3,0.3,0.6,0.3,0.4,0.6,0.5,0.6
"""30-06-2023""",0.6,0.5,0.3,0.3,0.3,0.3,0.6,1.0,0.6,0.4,0.5,0.9,0.4,0.3,0.4,0.4,0.4,0.3,0.3,0.4,0.3,0.4,0.5,0.6
"""01-07-2023""",0.6,0.7,0.4,0.3,0.3,0.3,0.5,0.8,0.6,0.3,0.3,0.3,0.3,0.4,0.3,0.3,0.3,0.3,0.3,0.3,0.2,0.4,0.4,0.4
"""02-07-2023""",0.4,0.3,0.3,0.3,0.3,0.3,0.4,0.4,0.3,0.3,0.3,0.3,0.3,0.3,0.3,0.2,0.3,0.3,0.3,0.3,0.4,0.5,0.3,0.3
"""03-07-2023""",0.4,0.3,0.3,0.3,0.3,0.3,0.4,0.5,0.5,0.3,0.3,0.4,0.4,0.3,0.3,0.3,0.3,0.3,0.4,0.6,0.6,0.5,1.0,0.7
"""04-07-2023""",0.5,0.5,0.3,0.3,0.3,0.3,0.7,0.9,0.6,0.7,0.5,0.5,0.3,0.3,0.4,0.3,0.4,0.4,0.4,0.4,0.4,0.5,0.9,0.8
"""05-07-2023""",0.5,0.5,0.4,0.3,0.3,0.5,0.7,0.6,0.6,0.6,0.5,0.5,0.4,0.5,0.3,0.4,0.5,0.4,0.6,0.4,0.4,0.3,0.3,0.3
"""06-07-2023""",0.4,0.3,0.2,0.2,0.2,0.3,0.4,0.6,0.5,0.4,0.3,0.3,0.4,0.3,0.2,0.2,0.2,0.2,0.2,0.3,0.5,0.6,0.7,0.5
"""07-07-2023""",0.5,0.3,0.3,0.3,0.3,0.3,0.4,0.6,0.4,0.4,0.4,0.4,0.3,0.3,0.3,0.3,0.3,0.3,0.4,0.4,0.8,0.6,0.4,0.4
"""08-07-2023""",0.3,0.3,0.2,0.2,0.2,0.2,0.3,0.3,0.3,0.3,0.2,0.3,0.3,0.3,0.2,0.2,0.2,0.2,0.2,0.2,0.2,0.3,0.4,0.4
"""09-07-2023""",0.4,0.2,0.3,0.3,0.2,0.2,0.3,0.3,0.3,0.3,0.3,0.3,0.3,0.2,0.2,0.2,0.2,0.2,0.3,0.2,0.3,0.3,0.3,0.3
"""10-07-2023""",0.3,0.3,0.2,0.2,0.3,0.3,0.5,0.6,0.6,0.5,0.4,0.3,0.3,0.3,0.2,0.2,0.2,0.2,0.3,0.3,0.3,0.6,0.8,0.7
"""11-07-2023""",0.3,0.4,0.3,0.3,0.2,0.3,0.6,0.6,0.6,0.5,0.3,0.2,0.3,0.3,0.4,0.3,0.4,0.4,0.5,0.5,0.4,1.0,0.8,0.6
"""12-07-2023""",0.4,0.3,0.3,0.3,0.3,0.4,0.7,1.2,1.0,0.8,0.7,0.5,0.5,0.4,0.4,0.3,0.4,0.5,0.3,0.3,0.3,0.5,0.9,0.6
"""13-07-2023""",0.6,0.4,0.3,0.3,0.3,0.6,0.8,1.3,1.1,0.7,0.5,0.6,0.5,0.4,0.4,0.3,0.4,0.4,0.3,0.3,0.4,0.9,0.9,0.6
"""14-07-2023""",0.5,0.4,0.4,0.3,0.4,0.4,0.7,1.0,0.9,1.0,0.6,0.6,0.6,0.6,0.6,0.5,0.6,0.6,0.6,0.5,0.7,1.1,0.7,0.6
"""15-07-2023""",1.0,0.4,0.7,0.5,0.5,0.4,0.5,0.9,0.6,0.6,0.4,0.5,0.4,0.4,0.4,0.3,0.4,0.3,0.3,0.3,0.4,0.4,0.8,0.6
"""16-07-2023""",0.6,0.5,0.4,0.3,0.2,0.2,0.3,0.4,0.3,0.3,0.3,0.2,0.3,0.3,0.3,0.2,0.2,0.2,0.3,0.3,0.3,0.3,0.5,0.6
"""17-07-2023""",0.4,0.4,0.3,0.2,0.2,0.4,0.7,0.9,0.6,0.4,0.3,0.3,0.3,0.4,0.4,0.5,0.4,0.3,0.3,0.5,0.3,0.3,0.5,0.6
"""18-07-2023""",0.5,0.6,0.4,0.3,0.3,0.4,0.7,1.1,0.7,0.5,0.6,0.7,0.5,0.4,0.5,0.6,0.5,0.4,0.3,0.3,0.3,0.3,0.8,0.7
"""19-07-2023""",0.5,0.6,0.4,0.3,0.2,0.3,0.7,0.6,0.6,0.6,0.4,0.4,0.4,0.4,0.4,0.3,0.5,0.5,0.4,0.3,0.4,0.3,0.8,0.6
"""20-07-2023""",0.4,0.4,0.3,0.3,0.2,0.4,0.6,1.1,1.0,0.6,0.5,0.4,0.4,0.3,0.3,0.3,0.3,0.3,0.2,0.3,0.3,0.5,0.7,0.5
"""21-07-2023""",0.5,0.4,0.5,0.3,0.3,0.5,0.6,0.6,0.4,0.7,0.6,0.4,0.3,0.3,0.4,0.3,0.3,0.2,0.3,0.2,0.3,0.3,0.4,0.6
"""22-07-2023""",0.4,0.4,0.3,0.3,0.3,0.4,0.5,0.7,0.6,0.4,0.3,0.3,0.3,0.3,0.3,0.3,0.2,0.2,0.2,0.2,0.3,0.5,0.8,0.6
"""23-07-2023""",0.6,0.5,0.5,0.3,0.3,0.4,0.3,0.6,0.5,0.5,0.3,0.3,0.2,0.2,0.2,0.2,0.3,0.3,0.2,0.4,0.6,0.6,0.4,0.4
"""24-07-2023""",0.3,0.4,0.3,0.2,0.3,0.3,0.8,0.5,0.5,0.5,0.3,0.3,0.3,0.2,-9999.0,0.3,0.2,0.3,0.2,0.3,0.3,0.3,0.4,0.4
"""25-07-2023""",0.4,0.3,0.2,0.2,0.2,0.2,0.4,0.6,0.6,0.4,0.3,0.3,0.3,0.3,0.2,0.2,0.2,0.2,0.2,0.2,0.2,0.2,0.5,0.5
"""26-07-2023""",0.4,0.3,0.3,0.2,0.2,0.3,0.6,0.8,0.3,0.4,0.3,0.3,0.3,0.2,0.3,0.3,0.4,0.3,0.2,0.2,0.4,0.3,0.2,0.2
"""27-07-2023""",0.2,0.2,0.2,0.2,0.2,0.2,0.2,0.2,0.2,0.2,0.2,0.2,0.2,0.2,0.2,0.2,0.2,0.2,0.2,0.2,0.2,0.2,0.3,0.3
"""28-07-2023""",0.3,0.2,0.2,0.2,0.2,0.2,0.3,0.3,0.4,0.3,0.3,0.3,0.3,0.3,0.3,0.2,0.3,0.3,0.3,0.4,0.3,0.4,0.4,0.4
"""29-07-2023""",0.4,0.3,0.2,0.2,0.2,0.2,0.3,0.5,0.4,0.3,0.3,0.3,0.3,0.2,0.3,0.3,0.2,0.2,0.2,0.2,0.2,0.2,0.5,0.5
"""30-07-2023""",0.5,0.3,0.3,0.3,0.2,0.2,0.3,0.3,0.4,0.3,0.3,0.3,0.2,0.3,0.2,0.2,0.2,0.2,0.2,0.2,0.2,0.2,0.2,0.5
"""31-07-2023""",0.5,0.3,0.3,0.2,0.2,0.3,0.4,0.6,0.3,0.2,0.3,0.3,0.2,0.2,0.2,0.2,0.2,0.2,0.2,0.2,0.4,0.2,0.3,0.3
"""01-08-2023""",0.3,0.3,0.2,0.2,0.2,0.2,0.4,0.5,0.4,0.2,0.3,0.3,0.3,0.3,0.3,0.2,0.3,0.3,0.3,0.2,0.2,0.3,0.4,0.3
"""02-08-2023""",0.4,0.3,0.2,0.2,0.2,0.3,0.4,0.7,0.3,0.3,0.3,0.3,0.3,0.2,0.2,0.3,0.2,0.2,0.2,0.2,0.2,0.2,0.3,0.4
"""03-08-2023""",0.4,0.3,0.3,0.2,0.2,0.4,0.6,0.9,0.4,0.4,0.4,0.3,0.2,0.2,0.2,0.2,0.2,0.2,0.2,0.2,0.2,0.2,0.3,0.5
"""04-08-2023""",0.5,0.3,0.2,0.2,0.2,0.3,0.7,1.1,0.6,0.3,0.3,0.2,0.2,0.3,0.2,0.3,0.2,0.2,0.2,0.2,0.2,0.8,0.6,0.4
"""05-08-2023""",0.3,0.3,0.3,0.3,0.4,0.5,0.5,0.8,0.4,0.3,0.3,0.2,0.3,0.2,0.2,0.2,0.2,0.2,0.2,0.2,0.2,0.2,0.3,0.3
"""06-08-2023""",0.3,0.3,0.2,0.2,0.2,0.2,0.3,0.2,0.2,0.1,0.2,0.2,0.2,0.2,0.2,0.2,0.2,0.2,0.2,0.2,0.2,0.2,0.2,0.2
"""07-08-2023""",0.2,0.2,0.2,0.2,0.2,0.2,0.3,0.4,0.4,0.3,0.3,0.3,0.2,0.2,0.2,0.2,0.2,0.3,0.3,0.3,0.2,0.4,0.4,0.4
"""08-08-2023""",0.3,0.3,0.2,0.2,0.2,0.2,0.2,0.3,0.2,0.2,0.3,0.2,0.2,0.2,0.2,0.2,0.2,0.2,0.2,0.2,0.3,0.4,0.3,0.3
"""09-08-2023""",0.2,0.3,0.2,0.2,0.2,0.2,0.3,0.4,0.3,0.2,0.3,0.3,0.2,0.2,0.3,0.2,0.2,0.3,0.2,0.3,0.4,0.4,0.4,0.5
"""10-08-2023""",0.3,0.3,0.2,0.2,0.2,0.2,0.5,0.5,0.6,0.4,0.3,0.2,0.3,0.3,0.3,0.3,0.3,0.2,0.3,0.3,0.2,0.3,0.5,0.4
"""11-08-2023""",0.3,0.4,0.3,0.2,0.2,0.2,0.3,0.4,0.3,0.3,0.3,0.3,0.2,0.2,0.2,0.2,0.2,0.3,0.4,0.4,0.3,0.4,0.6,0.6
"""12-08-2023""",0.5,0.3,0.3,0.2,0.3,0.3,0.3,0.3,0.3,0.2,0.3,0.2,0.3,0.2,0.2,0.2,0.2,0.2,0.2,0.2,0.3,0.4,0.5,0.3
"""13-08-2023""",0.3,0.3,0.2,0.2,0.2,0.2,0.2,0.3,0.3,0.2,0.2,0.3,0.2,0.2,0.2,0.2,0.2,0.2,0.3,0.3,0.2,0.4,0.4,0.3
"""14-08-2023""",0.3,0.3,0.2,0.2,0.2,0.3,0.3,0.2,0.2,0.2,0.3,0.3,0.3,0.3,0.2,0.3,0.3,0.3,0.3,0.2,0.2,0.2,0.3,0.4
"""15-08-2023""",0.3,0.3,0.2,0.3,0.2,0.2,0.2,0.3,0.3,0.2,0.2,0.3,0.2,0.2,0.2,0.2,0.2,0.2,0.2,0.3,0.3,0.3,0.4,0.4
"""16-08-2023""",0.3,0.3,0.3,0.2,0.2,0.3,0.3,0.3,0.3,0.3,0.3,0.3,0.2,0.2,0.2,0.2,0.2,0.2,0.2,0.2,0.3,0.4,0.5,0.5
"""17-08-2023""",0.5,0.4,0.3,0.3,0.3,0.2,0.3,0.5,0.4,0.3,0.3,0.2,0.3,0.2,0.3,0.2,0.2,0.3,0.4,0.2,0.3,0.6,0.4,0.4
"""18-08-2023""",0.4,0.3,0.3,0.2,0.2,0.3,0.4,0.5,0.4,0.3,0.2,0.2,0.3,0.2,0.2,0.2,0.3,0.3,0.4,0.3,0.3,0.5,0.5,0.4
"""19-08-2023""",0.4,0.4,0.3,0.3,0.2,0.3,0.4,0.3,0.5,0.3,0.3,0.3,0.2,0.2,0.2,0.2,0.3,0.3,0.3,0.3,0.3,0.4,0.6,0.6
"""20-08-2023""",0.5,0.4,0.4,0.3,0.3,0.3,0.3,0.3,0.3,0.3,0.3,0.2,0.2,0.2,0.2,0.3,0.2,0.3,0.3,0.4,0.5,0.5,0.5,0.5
"""21-08-2023""",0.4,0.5,0.3,0.2,0.2,0.3,0.7,0.8,0.6,0.4,0.3,0.3,0.3,0.3,0.2,0.2,0.2,0.3,0.4,0.3,0.5,0.7,0.5,0.6
"""22-08-2023""",0.4,0.4,0.4,0.3,0.3,0.3,0.6,1.2,0.5,0.4,0.3,0.3,0.3,0.3,0.3,0.3,0.3,0.4,0.5,0.4,0.5,0.7,0.5,0.4
"""23-08-2023""",0.4,0.4,0.4,0.3,0.2,0.3,0.6,0.9,0.8,0.6,0.7,0.5,0.5,0.3,0.2,0.2,0.3,0.4,0.4,0.3,0.6,0.7,0.6,0.6
"""24-08-2023""",0.5,0.4,0.4,0.3,0.3,0.3,0.5,1.0,0.9,0.5,0.4,0.4,0.3,0.4,0.3,0.3,0.3,0.5,0.4,0.4,0.5,0.7,0.6,0.5
"""25-08-2023""",0.6,0.4,0.4,0.4,0.3,0.3,0.6,1.0,0.5,0.4,0.4,-9999.0,-9999.0,0.3,0.3,0.3,0.3,0.3,0.2,0.4,0.3,0.9,0.6,0.6
"""26-08-2023""",0.5,0.3,0.3,0.3,0.3,0.3,0.4,0.6,0.4,0.3,0.3,0.3,0.3,0.3,0.3,0.2,0.3,0.3,0.2,0.3,0.4,0.4,0.3,0.3
"""27-08-2023""",0.3,0.3,0.3,0.5,0.3,0.3,0.3,0.3,0.3,0.3,0.2,0.2,0.2,0.2,0.2,0.2,0.2,0.2,0.3,0.3,0.5,0.5,0.6,0.6
"""28-08-2023""",0.5,0.6,0.4,0.3,0.3,0.4,0.6,0.8,0.8,0.3,0.3,0.3,0.2,0.3,0.3,0.2,0.2,0.2,0.3,0.3,0.3,0.3,0.4,0.5
"""29-08-2023""",0.4,0.4,0.3,0.2,0.2,0.3,0.4,0.8,0.7,0.3,0.2,0.2,0.3,0.2,0.2,0.2,0.3,0.3,0.2,0.2,0.4,0.2,0.3,0.4
"""30-08-2023""",0.3,0.3,0.2,0.2,0.2,0.2,0.5,0.7,0.8,0.3,0.2,0.2,0.1,0.2,0.2,0.4,0.4,0.3,0.3,0.3,0.2,0.2,0.3,0.6
"""31-08-2023""",0.5,0.3,0.3,0.2,0.2,0.2,0.4,0.5,0.9,0.5,0.2,0.2,-9999.0,0.2,0.3,0.2,0.2,0.3,0.3,0.2,0.4,0.4,0.3,0.5
"""01-09-2023""",0.3,0.4,0.2,0.2,0.2,0.2,0.4,0.6,0.5,0.5,0.4,0.4,0.2,0.3,0.3,0.3,0.3,0.3,0.3,0.3,0.3,0.4,0.8,0.5
"""02-09-2023""",0.4,0.4,0.3,0.3,0.3,0.3,0.3,0.4,0.4,0.4,0.4,0.2,0.3,0.3,0.2,0.3,0.3,0.2,0.2,0.2,0.4,0.6,0.4,0.4
"""03-09-2023""",0.4,0.5,0.5,0.3,0.2,0.3,0.4,0.4,0.4,0.3,0.2,0.2,0.2,0.2,0.2,0.2,0.2,0.3,0.3,0.4,0.4,0.3,0.4,0.5
"""04-09-2023""",0.4,0.3,0.3,0.2,0.2,0.2,0.2,0.3,0.4,0.6,0.3,0.3,0.2,0.2,0.2,0.2,0.4,0.5,0.5,0.3,0.2,0.2,0.2,0.2
"""05-09-2023""",0.2,0.3,0.2,0.1,0.1,0.2,0.2,0.3,0.3,0.2,0.2,0.3,0.5,0.3,0.2,0.2,0.3,0.3,0.4,0.5,0.4,0.3,0.4,0.2
"""06-09-2023""",0.2,0.2,0.2,0.1,0.1,0.2,0.2,0.2,0.2,0.3,0.3,0.3,0.3,0.3,0.2,0.3,0.5,0.6,0.5,0.3,0.3,0.3,0.3,0.3
"""07-09-2023""",0.2,0.2,0.2,0.2,0.2,0.3,0.8,0.4,0.4,0.4,0.4,0.2,0.2,0.4,0.5,0.3,0.2,0.4,0.3,0.3,0.3,0.6,0.5,0.6
"""08-09-2023""",0.6,0.3,0.3,0.3,0.3,0.3,0.4,1.0,0.9,0.9,0.5,0.3,0.3,0.3,0.3,0.4,0.4,0.4,0.4,0.3,0.8,0.6,0.4,0.4
"""09-09-2023""",0.4,0.3,0.3,0.4,0.2,0.3,0.4,0.3,0.4,0.3,0.3,0.2,0.3,0.2,0.2,0.3,0.3,0.3,0.3,0.2,0.5,0.8,0.4,0.5
"""10-09-2023""",0.6,0.4,0.4,0.4,0.3,0.3,0.3,0.4,0.5,0.4,0.3,0.2,0.2,0.2,0.2,0.2,0.2,0.3,0.3,0.6,0.6,0.7,0.6,0.6
"""11-09-2023""",0.4,0.3,0.3,0.3,0.2,0.2,0.3,0.7,0.9,0.4,0.3,0.2,0.2,0.2,0.3,0.4,0.4,0.4,0.4,0.5,0.7,0.7,0.4,0.5
"""12-09-2023""",0.5,0.3,0.3,0.2,0.2,0.3,0.5,1.0,1.2,0.7,0.3,0.2,0.2,0.3,0.3,0.3,0.4,0.3,0.3,0.4,0.5,0.9,0.7,0.6
"""13-09-2023""",0.4,0.3,0.2,0.2,0.2,0.3,0.6,0.8,1.1,0.6,0.4,0.3,0.3,0.3,0.2,0.2,0.3,0.2,0.2,0.2,0.2,0.3,0.6,0.5
"""14-09-2023""",0.4,0.3,0.2,0.2,0.2,0.3,0.6,1.2,1.2,0.5,0.4,0.5,0.3,0.2,0.2,0.3,0.2,0.3,0.2,0.2,0.2,0.6,0.8,0.6
"""15-09-2023""",0.6,0.6,0.4,0.2,0.2,0.3,0.7,1.1,0.8,0.5,0.4,0.5,0.3,0.3,0.3,0.5,0.2,0.2,0.2,0.3,0.5,0.9,0.8,0.9
"""16-09-2023""",1.3,1.1,0.6,0.5,0.4,0.3,0.4,0.4,0.9,0.5,0.4,0.3,0.3,0.3,0.2,0.3,0.2,0.2,0.2,0.2,0.2,0.2,0.9,0.6
"""17-09-2023""",0.6,0.8,0.6,0.4,0.2,0.3,0.3,0.4,0.4,0.4,0.2,0.2,0.2,0.2,0.3,0.3,0.3,0.2,0.2,0.2,0.5,0.5,0.5,0.5
"""18-09-2023""",0.4,0.4,0.3,0.2,0.3,0.2,0.3,0.4,0.5,0.3,0.3,0.5,0.3,0.2,0.3,0.2,0.3,0.3,0.3,0.5,0.5,0.5,0.4,0.5
"""19-09-2023""",0.4,0.3,0.3,0.2,0.2,0.3,0.7,0.7,1.1,0.3,0.2,0.2,0.2,0.2,0.2,0.2,0.4,0.3,0.3,0.4,0.5,0.6,0.7,0.6
"""20-09-2023""",0.4,0.3,0.3,0.2,0.2,0.3,0.6,0.9,1.1,0.6,0.5,0.3,0.2,0.3,0.4,0.3,0.4,0.4,0.3,0.2,0.2,0.5,0.6,0.6
"""21-09-2023""",0.4,0.3,0.3,0.2,0.2,0.3,0.6,1.1,1.0,0.5,0.4,0.3,0.2,0.3,0.3,0.2,0.2,0.2,0.2,0.4,0.3,0.6,0.6,0.5
"""22-09-2023""",0.4,0.3,0.3,0.2,0.2,0.2,0.5,1.1,1.0,0.5,0.4,0.3,0.2,0.2,0.3,0.2,0.2,0.2,0.2,0.2,0.2,0.6,0.8,0.6
"""23-09-2023""",0.5,0.5,0.3,0.3,0.2,0.3,0.6,0.6,0.8,0.5,0.4,0.4,0.4,0.5,0.3,0.3,0.2,0.2,0.2,0.3,0.2,0.3,0.8,0.7
"""24-09-2023""",0.5,0.4,0.4,0.3,0.4,0.3,0.3,0.3,0.5,0.3,0.3,0.3,0.2,0.2,0.2,0.2,0.2,0.2,0.2,0.3,0.3,0.7,0.8,0.5
"""25-09-2023""",0.6,0.4,0.3,0.2,0.2,0.3,0.3,0.3,0.5,0.4,0.3,0.3,0.3,0.3,0.3,0.3,0.2,0.2,0.2,0.2,0.3,0.7,0.4,0.3
"""26-09-2023""",0.3,0.3,0.3,0.2,0.2,0.3,0.4,0.7,0.9,0.4,0.3,0.3,0.2,0.2,0.2,0.3,0.5,0.5,0.2,0.2,0.6,0.7,0.6,0.5
"""27-09-2023""",0.3,0.3,0.2,0.2,0.2,0.2,0.5,0.6,0.8,0.7,0.4,0.5,0.3,0.2,0.2,0.3,0.4,0.3,0.2,0.9,1.0,0.6,0.4,0.4
"""28-09-2023""",0.3,0.3,0.3,0.2,0.2,0.3,0.5,0.9,0.8,0.4,0.4,0.3,0.2,0.2,0.4,0.3,0.4,0.5,0.4,0.4,0.7,0.6,0.6,0.7
"""29-09-2023""",0.5,0.4,0.3,0.3,0.3,0.3,0.5,0.8,0.9,-9999.0,-9999.0,-9999.0,0.2,0.5,0.4,0.6,0.2,0.3,0.7,0.8,0.7,1.0,0.8,0.6
"""30-09-2023""",0.3,0.5,0.6,0.4,0.3,0.5,0.5,0.9,1.0,0.9,0.5,0.5,0.3,0.3,0.3,0.3,0.3,0.4,0.6,0.9,1.2,0.7,0.7,0.6
"""01-10-2023""",0.7,0.5,0.3,0.3,0.3,0.3,0.3,0.3,0.4,0.4,0.3,0.3,0.2,0.2,0.2,0.2,0.2,0.2,0.2,0.2,0.2,0.3,0.3,0.3
"""02-10-2023""",0.3,0.3,0.2,0.2,0.2,0.2,0.3,0.5,0.6,0.5,0.3,0.3,0.3,0.2,0.3,0.3,0.3,0.3,0.3,0.5,0.5,0.4,0.4,0.3
"""03-10-2023""",0.3,0.3,0.3,0.2,0.2,0.2,0.4,0.9,0.9,0.7,0.5,0.3,0.3,0.2,0.3,0.3,0.4,0.3,0.2,0.7,0.9,0.9,0.6,0.5
"""04-10-2023""",0.3,0.3,0.3,0.2,0.3,0.3,0.5,1.0,1.3,1.3,0.9,0.5,0.5,0.4,0.4,0.3,0.6,0.5,0.6,0.7,1.0,1.0,0.8,0.6
"""05-10-2023""",0.5,0.4,0.3,0.3,0.3,0.4,0.6,1.5,1.1,0.4,0.6,0.6,0.3,0.3,0.4,0.5,0.6,0.6,0.5,0.7,1.2,1.2,1.1,0.5
"""06-10-2023""",0.6,0.4,0.3,0.3,0.3,0.3,0.7,1.3,1.4,1.1,0.5,0.3,0.3,0.4,0.5,0.4,0.5,0.4,0.9,1.1,1.3,1.4,1.1,1.1
"""07-10-2023""",0.4,0.5,0.3,0.3,0.2,0.3,0.4,0.5,0.8,0.8,0.4,0.5,0.4,0.4,0.4,0.4,0.4,0.4,0.6,0.4,1.0,0.8,0.6,0.6
"""08-10-2023""",0.5,0.4,0.4,0.3,0.3,0.3,0.5,0.6,0.8,0.4,0.3,0.3,0.3,0.2,0.2,0.2,0.2,0.2,0.2,0.3,0.3,0.5,0.2,0.2
"""09-10-2023""",0.2,0.2,0.2,0.2,0.2,0.2,0.2,0.5,0.5,0.2,0.3,0.3,0.3,0.3,0.4,0.2,0.2,0.5,0.6,0.6,0.6,0.7,0.7,0.6
"""10-10-2023""",0.5,0.3,0.3,0.2,0.2,0.3,0.5,1.2,1.2,0.9,0.6,0.3,0.3,0.3,0.2,0.2,0.2,0.2,0.3,0.5,0.8,1.0,0.6,0.3
"""11-10-2023""",0.3,0.3,0.2,0.2,0.2,0.3,0.4,0.4,0.4,0.3,0.3,0.4,0.4,0.4,0.4,0.3,0.4,0.5,0.4,0.6,0.7,0.6,0.7,0.6
"""12-10-2023""",0.4,0.3,0.2,0.2,0.2,0.3,0.6,0.8,0.8,0.9,0.5,0.4,0.4,0.3,0.4,0.5,0.6,0.5,0.5,0.4,0.9,1.0,0.6,0.5
"""13-10-2023""",0.4,0.3,0.3,0.2,0.3,0.3,0.7,1.3,1.5,1.0,0.9,0.5,0.5,0.4,0.5,0.4,0.4,0.3,0.4,0.8,1.4,1.2,0.9,0.7
"""14-10-2023""",0.7,0.6,0.5,0.4,0.5,0.7,0.8,1.2,1.3,1.1,0.6,0.6,0.4,0.4,0.4,0.3,0.3,0.3,0.3,0.4,1.1,0.9,0.9,0.9
"""15-10-2023""",0.6,0.4,0.5,0.5,0.5,0.4,0.5,0.5,0.7,0.8,0.4,0.4,0.4,0.3,0.3,0.4,0.3,0.4,0.3,0.3,1.1,1.5,1.2,0.9
"""16-10-2023""",0.5,0.4,0.3,0.3,0.2,0.2,0.3,0.4,0.4,0.3,0.3,0.3,0.3,0.3,0.3,0.3,0.3,0.3,0.6,0.6,0.3,0.3,0.2,0.2
"""17-10-2023""",0.2,0.2,0.2,0.2,0.2,0.2,0.3,0.4,0.4,0.4,0.3,0.3,0.4,0.4,0.4,0.5,0.6,0.6,0.4,0.3,0.3,0.3,0.4,0.3
"""18-10-2023""",0.2,0.2,0.2,0.2,0.2,0.3,0.5,0.6,0.7,0.5,0.6,0.6,0.6,0.4,0.4,0.5,0.6,0.6,0.7,1.3,1.1,0.9,0.7,0.6
"""19-10-2023""",0.4,0.3,0.3,0.3,0.3,0.4,0.5,0.8,0.9,0.6,0.6,0.5,0.4,0.3,0.5,0.4,0.3,0.3,0.6,0.8,0.7,0.8,0.8,0.5
"""20-10-2023""",0.5,0.5,0.5,0.4,0.3,0.4,0.5,1.0,1.3,1.1,0.8,0.4,0.3,0.4,0.3,0.4,0.4,0.4,0.3,0.4,1.4,1.1,1.0,0.7
"""21-10-2023""",0.9,0.6,0.4,0.6,0.3,0.6,0.8,1.1,1.3,1.2,0.8,0.4,0.4,0.4,0.5,0.4,0.4,0.4,0.3,0.6,1.5,1.3,0.8,0.8
"""22-10-2023""",0.5,0.7,0.3,0.2,0.3,0.4,0.4,0.4,0.5,0.4,0.4,0.4,0.3,0.3,0.3,0.3,0.4,0.4,0.2,0.4,1.0,1.3,0.9,0.6
"""23-10-2023""",0.5,0.5,0.3,0.3,0.2,0.4,0.8,1.4,1.1,0.6,0.6,0.6,0.5,0.3,0.4,0.5,0.6,0.6,0.5,0.4,1.5,1.0,0.8,0.7
"""24-10-2023""",0.6,0.4,0.3,0.3,0.3,0.4,1.0,1.6,2.0,2.1,1.6,0.7,0.7,0.6,0.6,0.7,0.8,0.4,0.8,1.8,1.4,1.3,1.0,0.8
"""25-10-2023""",0.7,0.4,0.3,0.3,0.3,0.3,0.8,1.2,1.9,1.1,0.5,0.5,0.4,0.3,0.3,0.6,0.4,0.6,0.4,0.7,1.2,0.6,0.4,0.5
"""26-10-2023""",0.7,0.8,0.6,0.3,0.3,0.3,0.3,0.5,0.5,0.5,0.6,0.6,0.7,0.4,0.3,0.3,0.4,0.4,0.4,0.6,0.8,0.7,1.1,0.6
"""27-10-2023""",0.5,0.3,0.4,0.3,0.3,0.4,0.7,1.4,1.7,1.3,0.7,0.5,0.4,0.5,0.6,0.4,0.6,0.9,0.8,0.7,0.6,0.5,0.5,1.3
"""28-10-2023""",0.8,0.7,0.6,0.5,0.5,0.3,0.4,0.6,0.7,1.2,1.0,0.4,0.3,0.3,0.3,0.3,0.3,0.2,0.5,1.4,0.9,1.1,1.2,1.1
"""29-10-2023""",0.7,0.5,0.6,0.6,0.6,0.6,0.7,0.7,0.8,0.5,0.3,0.3,0.3,0.2,0.2,0.2,0.2,0.2,1.1,1.4,1.2,0.7,0.6,0.7
"""30-10-2023""",0.6,0.5,0.3,0.3,0.3,0.3,0.4,1.0,2.0,1.9,1.1,0.6,0.5,0.4,0.7,0.5,0.4,1.1,-9999.0,-9999.0,0.8,0.6,0.7,0.6
"""31-10-2023""",0.6,0.4,0.3,0.3,0.3,0.3,0.8,1.5,1.4,0.9,0.6,0.4,0.4,0.4,0.4,0.2,0.3,1.0,0.4,0.8,1.2,1.1,1.0,0.6
"""01-11-2023""",0.6,0.4,0.4,0.3,0.3,0.3,0.7,1.4,1.7,0.9,0.6,0.5,0.3,0.3,0.6,0.5,0.8,1.1,1.6,1.5,1.1,1.0,0.7,0.8
"""02-11-2023""",0.8,0.6,0.4,0.3,0.3,0.5,0.9,1.1,1.1,0.8,0.5,0.5,0.4,0.4,0.4,0.4,0.4,1.0,1.1,1.1,1.3,1.2,0.9,1.1
"""03-11-2023""",0.6,0.4,0.4,0.5,0.2,0.2,0.5,0.8,1.0,1.2,0.6,0.4,0.5,0.6,0.5,0.5,0.7,0.8,0.6,0.6,0.7,0.7,1.0,0.9
"""04-11-2023""",1.0,0.4,0.3,0.3,0.2,0.3,0.5,0.7,0.8,0.6,0.3,0.3,0.5,0.3,0.4,0.2,0.3,1.1,1.7,1.4,1.3,1.3,1.2,0.8
"""05-11-2023""",0.7,0.6,0.4,0.3,0.3,0.3,0.4,0.5,0.6,0.6,0.4,0.4,0.4,0.5,0.5,0.4,0.4,0.6,0.5,0.6,1.2,0.9,1.2,1.2
"""06-11-2023""",1.0,0.7,0.4,0.4,0.4,0.5,1.2,2.3,2.5,2.0,0.9,0.5,0.3,0.3,0.4,0.4,0.5,1.8,1.7,1.1,1.1,1.2,0.9,0.6
"""07-11-2023""",0.8,0.5,0.4,0.3,0.3,0.5,1.1,1.4,1.5,0.8,0.7,0.6,0.5,0.4,0.3,0.5,0.8,1.1,2.0,1.0,1.0,1.0,0.9,0.8
"""08-11-2023""",0.7,0.5,0.3,0.3,0.3,0.5,0.9,1.3,1.5,1.4,0.5,0.3,0.3,0.2,0.4,0.5,1.0,0.8,0.9,0.6,0.7,0.6,0.3,0.2
"""09-11-2023""",0.2,0.2,0.2,0.2,0.2,0.2,0.4,0.8,0.6,0.5,0.4,0.4,0.3,0.4,0.4,0.3,0.6,1.1,1.9,1.4,1.2,0.8,0.5,0.4
"""10-11-2023""",0.3,0.2,0.2,0.3,0.4,0.3,0.3,0.5,0.6,0.6,0.5,0.5,0.5,0.5,0.6,0.6,0.6,0.7,0.9,0.9,0.8,0.9,0.9,1.2
"""11-11-2023""",0.8,0.8,0.9,0.8,0.4,0.6,0.5,0.6,0.8,0.9,0.8,0.9,0.7,0.6,0.5,0.3,0.9,1.3,1.7,1.8,1.9,1.6,1.9,1.4
"""12-11-2023""",1.0,0.6,0.5,0.4,0.6,0.4,0.4,0.7,1.2,0.9,0.6,0.5,0.4,0.5,0.5,0.8,1.3,1.8,1.1,0.8,0.9,1.5,1.4,0.5
"""13-11-2023""",0.9,0.6,0.2,0.2,0.2,0.3,0.5,1.1,1.1,0.6,0.3,0.3,0.3,0.3,0.3,0.2,0.4,0.8,1.0,0.8,1.0,0.6,1.0,1.0
"""14-11-2023""",0.9,0.5,0.4,0.4,0.3,0.6,1.1,2.0,2.1,1.6,1.2,0.6,0.3,0.4,0.4,0.3,0.3,0.5,1.0,1.6,1.3,1.3,1.1,1.0
"""15-11-2023""",1.2,0.7,0.5,0.3,0.3,0.5,0.9,1.9,1.8,1.0,0.6,0.6,0.4,0.4,0.3,0.4,0.7,1.5,1.5,0.6,0.4,0.3,0.3,0.3
"""16-11-2023""",0.2,0.2,0.2,0.2,0.2,0.2,0.3,0.3,0.3,0.4,0.3,0.2,0.3,0.3,0.3,0.3,0.3,0.7,1.1,1.0,0.9,0.9,1.1,0.8
"""17-11-2023""",0.9,0.6,0.6,0.4,0.4,0.5,0.9,1.6,2.2,1.3,0.6,0.5,0.6,0.6,0.6,0.6,0.5,1.6,2.2,1.8,2.0,2.4,1.1,0.3
"""18-11-2023""",0.3,0.2,0.2,0.2,0.2,0.2,0.2,0.2,0.2,0.2,0.2,0.2,0.2,0.2,0.2,0.2,0.2,0.2,0.2,0.2,0.2,0.2,0.2,0.2
"""19-11-2023""",0.2,0.2,0.2,0.2,0.2,0.2,0.2,0.2,0.2,0.2,0.3,0.3,0.3,0.3,0.3,0.3,0.3,0.5,0.4,0.6,0.6,0.8,0.5,0.6
"""20-11-2023""",0.6,0.4,0.3,0.2,0.3,0.7,1.3,2.3,1.6,0.7,0.8,0.4,0.4,0.3,0.7,0.7,1.0,2.6,2.1,1.8,1.8,1.4,1.4,1.0
"""21-11-2023""",1.0,0.7,0.9,0.5,0.6,0.7,1.3,2.4,2.9,2.1,1.8,0.8,0.6,0.5,0.5,0.4,1.0,3.1,2.4,2.8,3.1,1.7,1.4,1.4
"""22-11-2023""",1.3,0.8,0.9,0.6,0.5,0.6,1.3,1.1,2.1,1.7,1.1,0.9,1.1,0.9,1.2,1.7,1.7,2.6,2.4,2.5,3.0,3.4,3.3,2.8
"""23-11-2023""",1.1,0.3,0.2,0.3,0.3,0.4,0.6,1.3,1.0,0.8,0.4,0.4,0.4,0.4,0.4,0.6,0.9,1.0,1.1,0.9,1.0,1.0,0.9,0.9
"""24-11-2023""",0.4,0.5,0.4,0.3,0.5,0.6,1.1,2.3,2.2,1.4,0.8,0.6,0.5,0.4,0.4,0.3,0.8,1.2,1.9,2.6,1.8,1.9,0.7,0.4
"""25-11-2023""",0.4,0.4,0.2,0.3,0.2,0.2,0.3,0.4,0.6,0.7,0.6,0.6,0.6,0.7,0.8,0.7,0.6,0.7,0.4,0.4,0.3,0.3,0.2,0.2
"""26-11-2023""",0.2,0.2,0.2,0.2,0.2,0.2,0.2,0.2,0.2,0.2,0.2,0.2,0.2,0.2,0.2,0.2,0.3,0.4,0.5,0.7,0.6,0.4,0.3,0.3
"""27-11-2023""",0.3,0.3,0.2,0.2,0.2,0.3,0.5,1.4,1.4,0.5,0.5,0.5,0.4,0.3,0.3,0.4,0.6,1.6,1.6,1.4,1.4,1.4,1.2,1.5
"""28-11-2023""",1.5,1.3,0.9,0.9,0.8,0.7,1.4,1.6,2.4,1.1,0.9,0.9,-9999.0,1.2,1.4,1.4,1.4,1.3,2.6,3.3,3.6,3.0,2.6,2.4
"""29-11-2023""",2.1,1.0,0.6,0.4,0.6,0.9,1.8,3.8,3.9,3.6,2.9,1.3,0.9,0.5,0.5,0.7,2.0,2.5,1.9,1.5,1.1,1.5,1.7,1.5
"""30-11-2023""",0.8,1.1,0.5,0.8,0.4,0.7,1.3,2.6,3.0,1.7,1.2,0.7,0.9,0.4,0.5,0.6,1.5,4.0,2.4,2.4,1.9,2.2,2.2,1.9
"""01-12-2023""",1.7,1.4,0.9,0.7,0.8,0.9,1.6,2.5,3.5,3.1,2.1,1.5,1.1,0.9,0.8,1.2,2.3,4.0,3.2,2.8,3.2,2.9,2.2,2.5
"""02-12-2023""",2.8,1.5,1.1,1.0,0.9,0.7,1.0,1.5,2.0,2.1,2.4,1.9,2.8,3.3,3.7,1.3,0.6,0.5,0.5,0.5,0.5,0.5,0.7,1.3
"""03-12-2023""",0.5,0.3,0.3,0.4,0.8,1.1,1.0,1.1,1.2,1.7,1.9,1.0,0.7,0.6,0.5,1.0,0.9,0.9,0.8,0.6,0.5,0.5,0.5,0.4
"""04-12-2023""",0.3,0.3,0.3,0.3,0.3,0.3,0.4,0.5,0.6,0.5,0.5,0.6,0.6,0.6,0.6,0.8,1.0,1.0,0.9,0.9,0.9,0.9,0.7,0.5
"""05-12-2023""",0.4,0.3,0.3,0.3,0.3,0.5,0.4,1.0,1.1,0.7,0.7,0.7,1.0,0.6,0.6,0.9,0.9,0.7,0.9,1.1,1.0,1.2,0.9,1.0
"""06-12-2023""",0.7,0.6,0.3,0.3,0.2,0.3,0.3,0.4,0.4,0.4,0.4,0.4,0.6,0.8,0.5,0.6,0.8,1.0,1.2,0.8,1.5,1.6,1.7,1.8
"""07-12-2023""",1.1,0.9,0.6,0.5,0.5,0.8,1.3,2.1,2.2,1.9,1.4,0.7,0.6,0.4,0.4,0.6,0.8,0.9,0.7,0.6,0.6,0.5,0.4,0.4
"""08-12-2023""",0.4,0.4,0.3,0.3,0.3,0.4,0.6,0.8,0.7,0.7,0.7,0.4,0.4,0.4,0.5,0.5,0.5,1.3,1.0,0.6,0.7,0.8,0.8,0.6
"""09-12-2023""",0.6,0.6,0.6,0.4,0.5,0.5,1.0,1.0,0.9,0.6,0.6,0.6,0.6,0.5,0.3,0.4,0.5,0.9,1.9,1.5,1.6,1.7,1.6,1.6
"""10-12-2023""",1.5,1.4,1.1,0.8,0.8,0.6,0.8,1.1,1.7,1.7,0.9,0.8,0.7,0.5,0.5,0.6,1.0,0.9,1.6,1.3,1.5,1.2,1.0,0.9
"""11-12-2023""",0.6,0.8,0.5,0.4,0.4,0.8,1.2,0.7,1.3,0.8,0.6,0.6,0.4,0.3,0.4,0.4,0.6,2.3,1.9,1.6,1.6,1.6,1.3,1.2
"""12-12-2023""",1.0,0.9,0.7,0.7,0.8,0.8,1.3,2.4,3.0,2.6,1.2,0.9,0.7,0.6,0.7,0.9,1.3,2.9,2.6,2.1,1.8,2.2,1.7,1.3
"""13-12-2023""",1.1,1.3,0.9,0.7,0.6,0.8,1.6,2.9,3.5,2.6,2.7,2.7,2.3,2.1,2.1,1.5,2.0,2.5,3.3,2.9,4.9,5.4,5.2,4.4
"""14-12-2023""",2.7,2.7,2.0,1.2,0.8,0.8,1.3,2.1,3.0,2.0,1.1,0.7,1.0,0.7,1.0,1.2,1.2,2.7,3.2,3.1,2.6,2.1,2.8,1.9
"""15-12-2023""",0.4,0.3,0.3,0.2,0.2,0.3,0.3,0.6,0.6,0.5,0.5,0.6,0.6,0.6,0.6,0.7,0.6,0.7,0.8,0.6,0.7,0.7,0.5,0.4
"""16-12-2023""",0.4,0.4,0.3,0.3,0.3,0.3,0.3,0.4,0.4,0.4,0.6,0.4,0.5,0.5,0.5,0.5,0.5,0.7,0.6,0.6,0.6,0.9,0.7,0.7
"""17-12-2023""",0.6,0.5,0.4,0.4,0.4,0.4,0.4,0.5,0.6,0.5,0.5,0.6,0.5,0.4,0.4,0.4,0.5,0.6,1.1,1.6,1.9,1.6,1.7,1.5
"""18-12-2023""",0.8,0.6,0.9,0.7,0.6,0.9,1.1,1.8,2.0,0.8,0.7,0.6,0.4,0.4,0.7,0.6,0.6,2.3,2.7,3.0,3.3,2.4,2.2,1.8
"""19-12-2023""",1.5,1.4,1.0,0.7,0.8,1.3,3.1,5.4,6.7,3.4,1.2,0.8,0.8,0.6,0.8,1.0,2.1,3.7,2.5,2.8,2.1,2.0,2.0,2.5
"""20-12-2023""",1.8,1.3,0.9,0.8,0.8,0.9,1.6,2.9,3.5,3.2,2.1,1.4,0.8,0.6,0.5,0.9,2.3,2.5,2.7,2.5,2.9,2.1,2.2,1.6
"""21-12-2023""",1.5,1.0,1.4,1.0,0.9,0.9,1.0,1.1,0.7,0.7,0.7,0.6,0.4,0.4,0.4,0.4,0.7,1.4,1.2,1.1,0.8,0.8,0.8,1.2
"""22-12-2023""",1.0,1.1,0.8,0.5,0.7,0.7,1.2,1.8,3.1,2.6,3.0,2.1,0.8,1.3,1.4,1.7,0.9,0.8,0.6,0.6,0.6,0.4,0.5,0.8
"""23-12-2023""",1.4,0.7,0.6,1.1,0.7,0.7,0.9,1.4,2.1,2.6,1.5,1.3,1.1,0.8,0.8,0.9,1.3,3.0,3.1,3.0,2.9,2.5,2.6,2.6
"""24-12-2023""",2.1,1.7,1.3,0.9,0.8,0.7,0.8,0.9,1.5,2.0,3.2,2.1,1.4,1.0,0.8,0.9,1.7,3.4,2.8,2.5,2.0,2.0,2.1,1.6
"""25-12-2023""",1.4,1.4,1.5,1.3,1.2,1.2,0.9,1.1,1.2,1.6,1.3,1.0,0.9,0.9,0.9,0.7,1.9,3.2,2.7,2.5,2.2,1.6,1.9,1.5
"""26-12-2023""",1.4,1.0,1.1,1.1,0.9,0.9,1.1,1.2,1.3,2.0,1.1,1.4,0.7,0.6,0.4,0.5,0.9,2.2,1.8,1.9,1.9,1.8,2.0,-9999.0
"""27-12-2023""",-9999.0,-9999.0,-9999.0,-9999.0,-9999.0,-9999.0,-9999.0,-9999.0,-9999.0,-9999.0,-9999.0,-9999.0,-9999.0,-9999.0,-9999.0,-9999.0,-9999.0,-9999.0,-9999.0,-9999.0,-9999.0,-9999.0,-9999.0,-9999.0
