"""01-01-2011""",2,1,2.1,1.1,2.2,2.3,1.2,3,2.4,2.5,4,11,22,30,35,49,45,6,4.1,4.2,3.1,2.6,1.3,1.4
"""02-01-2011""",1,6,9,4,2,2,1,1,1,1,2,2,2,2,1,1,1,1,1,1,1,1,1,4
"""03-01-2011""",22,30,31,37,41,39,46,41,39,43,46,40,38,42,42,37,34,43,40,36,33,38,42,45
"""04-01-2011""",52,52,53,51,45,44,40,35,37,35,32,33,34,29,33,26,25,19,11,12,18,39,24,43
"""05-01-2011""",62,52,43,31,20,19,14,30,5,2,5,9,20,30,26,17,20,17,11,13,12,5,10,29
"""06-01-2011""",34,33,24,16,21,12,5,3,2,3,6,7,5,12,16,15,12,1,1,1,2,1,1,1
"""07-01-2011""",1,1,1,1,1,1,1,1,1,1,1,1,4,10,14,24,17,4,2,2,2,2,2,1
"""08-01-2011""",1,1,1,1,1,1,1,1,1,1,3,10,9,16,23,34,25,5,2,2,2,2,1,1
"""09-01-2011""",1,1,1,1,1,1,1,1,1,1,1,2,4,6,11,16,7,2,2,2,2,2,2,1
"""10-01-2011""",1,1,1,1,1,1,1,1,1,1,1,1,2,3,6,4,4,2,2,2,2,2,2,2
"""11-01-2011""",2,2,1,1,1,1,1,1,1,1,1,1,2,2,2,2,1,2,3,11,12,2,3,3
"""12-01-2011""",7,7,7,5,5,2,2,2,2,2,2,2,2,2,5,6,2,2,2,2,2,2,2,2
"""13-01-2011""",2,2,8,14,16,14,13,7,5,4,9,11,6,13,20,26,9,6,4,2,2,2,2,2
"""14-01-2011""",2,1,1,1,1,1,1,1,1,2,9,21,24,27,21,17,22,12,2,2,2,1,2,2
"""15-01-2011""",1,1,1,1,3,1,1,1,1,1,1,4,6,9,23,20,12,5,3,3,14,27,32,39
"""16-01-2011""",39,37,34,48,51,51,50,48,49,48,49,54,51,50,53,52,51,43,53,55,52,46,34,38
"""17-01-2011""",40,49,47,47,42,27,2,1,1,1,1,5,10,25,25,30,31,13,2,2,2,2,2,1
"""18-01-2011""",1,1,1,1,1,1,1,1,1,1,1,2,4,4,4,11,13,3,1,1,1,1,1,1
"""19-01-2011""",1,1,1,1,1,1,1,1,1,1,1,1,1,14,36,36,35,4,1,1,1,2,1,2
"""20-01-2011""",2,1,1,2,1,1,1,1,1,1,1,1,1,2,2,9,3,1,1,1,1,1,1,2
"""21-01-2011""",5,4,4,2,1,1,1,1,1,1,1,1,1,1,1,1,1,1,1,1,1,1,1,1
"""22-01-2011""",1,1,1,1,1,1,1,2,1,2,2,2,3,11,10,5,2,1,1,1,1,1,1,1
"""23-01-2011""",2,2,2,1,1,3,2,15,7,1,4,10,14,19,23,17,9,2,1,1,2,2,1,1
"""24-01-2011""",1,1,1,3,30,33,28,22,21,24,30,26,30,17,10,12,17,14,22,24,35,42,44,44
"""25-01-2011""",44,40,44,44,42,42,36,27,34,34,39,44,44,46,49,53,51,48,41,45,34,29,28,29
"""26-01-2011""",37,47,49,47,35,30,6,1,1,2,3,15,19,32,37,45,32,6,1,1,1,1,1,1
"""27-01-2011""",1,1,1,1,1,1,1,1,1,1,1,1,3,12,24,29,37,16,1,1,1,1,1,1
"""28-01-2011""",1,1,1,5,16,44,46,42,29,37,40,44,38,40,41,36,33,25,8,9,13,12,7,5
"""29-01-2011""",10,12,10,22,19,15,8,8,11,3,17,36,42,39,38,51,42,27,15,30,41,40,39,23
"""30-01-2011""",30,36,27,28,27,26,17,17,28,26,35,38,37,33,35,38,48,46,24,2,2,2,3,16
"""31-01-2011""",29,34,33,22,35,43,43,37,38,41,35,-9999,59,60,59,60,54,39,18,23,21,21,53,41
"""01-02-2011""",53,31,48,45,40,38,43,27,9,20,19,36,45,49,52,52,66,51,12,17,41,15,7,7
"""02-02-2011""",9,36,55,32,17,13,9,6,6,7,8,14,28,48,52,55,59,33,8,10,8,9,33,51
"""03-02-2011""",31,20,16,20,15,37,36,36,22,43,46,64,60,52,55,54,42,39,55,44,59,66,70,57
"""04-02-2011""",69,70,68,56,51,61,51,40,49,48,37,46,64,61,64,62,65,54,44,54,63,60,40,18
"""05-02-2011""",25,60,65,62,49,52,45,42,39,18,38,44,52,56,57,58,70,60,8,7,7,8,7,7
"""06-02-2011""",7,6,6,11,12,10,7,6,7,8,15,29,28,43,47,53,55,12,6,6,8,6,6,6
"""07-02-2011""",7,7,50,73,76,59,71,60,36,46,57,63,57,54,50,55,63,35,7,7,6,7,7,7
"""08-02-2011""",7,8,9,6,8,7,6,6,6,8,8,8,10,15,42,50,47,21,7,9,7,6,8,16
"""09-02-2011""",12,6,6,9,33,66,65,55,61,70,68,68,73,70,69,61,62,51,36,46,37,41,48,77
"""10-02-2011""",69,47,78,84,86,83,72,47,49,62,71,70,69,73,71,68,55,50,32,60,66,60,31,20
"""11-02-2011""",11,8,13,19,23,12,7,6,6,7,8,12,25,58,64,69,69,62,43,11,18,19,18,20
"""12-02-2011""",33,16,13,12,8,8,6,6,7,7,9,24,38,41,58,48,64,41,7,7,47,81,81,84
"""13-02-2011""",85,85,80,78,67,43,50,42,29,30,49,56,60,62,63,62,63,62,59,54,47,40,60,62
"""14-02-2011""",62,59,69,56,54,41,19,18,24,40,41,37,35,42,46,48,60,51,63,14,9,9,38,46
"""15-02-2011""",76,62,58,45,60,55,31,30,33,41,36,42,45,38,45,41,44,42,39,37,52,55,60,63
"""16-02-2011""",67,55,55,48,49,46,38,27,22,22,23,28,35,37,31,21,35,37,40,42,45,50,57,78
"""17-02-2011""",76,66,55,52,46,50,33,29,24,29,30,32,25,31,29,16,12,16,18,18,17,20,24,19
"""18-02-2011""",28,20,15,13,10,13,9,8,7,7,7,11,13,13,16,12,9,11,48,63,71,77,79,77
"""19-02-2011""",82,81,71,67,68,56,53,43,20,30,30,27,30,28,28,33,36,40,39,38,41,41,44,42
"""20-02-2011""",39,37,42,46,48,45,42,40,37,35,37,42,51,53,57,57,55,45,26,16,27,29,21,37
"""21-02-2011""",47,49,44,45,40,33,35,35,38,32,42,42,39,42,42,40,45,49,60,66,70,69,72,72
"""22-02-2011""",75,69,67,65,64,61,56,50,46,42,39,38,44,35,36,37,36,28,31,35,37,35,51,58
"""23-02-2011""",65,58,60,61,61,62,61,58,57,58,54,49,53,50,40,32,39,23,28,37,41,35,35,39
"""24-02-2011""",48,44,41,42,43,49,43,42,33,48,54,55,57,51,48,38,50,48,38,38,39,36,34,39
"""25-02-2011""",38,36,43,42,45,41,35,18,20,24,26,31,34,31,31,31,37,42,37,31,22,31,33,37
"""26-02-2011""",48,44,39,41,44,40,34,26,26,22,22,35,30,26,36,40,40,34,20,20,27,31,45,49
"""27-02-2011""",64,48,51,52,55,55,59,60,55,56,56,54,56,60,62,63,62,61,41,24,20,37,68,66
"""28-02-2011""",70,52,49,43,49,44,24,19,24,30,33,34,38,41,41,46,45,51,53,48,34,32,30,53
"""01-03-2011""",69,63,59,60,58,55,47,21,21,32,29,37,43,29,32,36,39,45,49,55,57,50,56,69
"""02-03-2011""",71,64,63,67,69,70,68,63,66,67,63,58,59,56,47,55,54,59,66,69,72,69,65,69
"""03-03-2011""",78,57,56,54,54,47,39,26,29,41,51,50,53,38,38,47,48,43,43,32,29,26,52,54
"""04-03-2011""",72,39,41,30,27,41,47,43,24,24,29,30,25,26,40,47,49,54,44,31,31,29,46,43
"""05-03-2011""",46,42,55,41,39,40,33,33,30,27,30,30,21,38,41,37,27,28,20,30,28,46,39,38
"""06-03-2011""",50,43,43,43,48,34,23,33,42,43,47,54,56,64,63,66,74,82,77,82,84,85,84,86
"""07-03-2011""",94,88,84,80,79,76,70,68,68,68,67,70,71,69,65,59,49,63,85,85,64,45,49,49
"""08-03-2011""",56,52,52,42,49,48,46,38,37,57,58,66,72,70,76,77,67,66,65,70,59,45,63,70
"""09-03-2011""",77,67,65,55,60,54,28,27,49,65,71,73,75,75,76,72,72,68,54,42,41,39,43,45
"""10-03-2011""",61,66,70,65,50,25,20,10,37,60,61,75,79,72,72,-9999,-9999,-9999,-9999,-9999,14,15,21,33
"""11-03-2011""",37,16,28,36,35,12,9,6,7,10,30,42,64,70,75,76,80,74,59,24,14,7,14,24
"""12-03-2011""",40,28,38,53,36,15,9,8,8,15,27,41,79,81,81,88,79,72,61,34,9,10,26,26
"""13-03-2011""",14,10,14,16,22,29,14,12,13,17,22,55,83,79,80,89,84,81,76,59,19,25,17,36
"""14-03-2011""",43,56,63,70,64,39,9,7,21,15,29,28,66,87,90,83,87,80,76,46,11,9,12,26
"""15-03-2011""",36,44,44,46,53,36,17,25,27,40,47,44,62,76,76,81,78,77,74,13,8,8,10,11
"""16-03-2011""",11,20,18,38,16,23,27,24,20,28,41,65,62,80,79,76,78,80,81,66,72,64,67,39
"""17-03-2011""",53,51,31,49,35,56,26,26,37,32,60,58,40,56,52,57,68,56,51,39,36,13,29,33
"""18-03-2011""",23,22,86,43,83,26,9,15,8,11,9,26,32,64,70,69,68,56,67,55,26,33,32,33
"""19-03-2011""",45,63,28,37,35,41,29,39,36,27,39,61,77,73,64,71,53,39,43,49,45,57,42,45
"""20-03-2011""",57,69,68,82,70,64,41,44,58,58,71,62,54,45,42,39,37,45,67,72,77,72,77,84
"""21-03-2011""",89,87,88,98,77,61,37,42,28,30,42,50,50,56,52,41,42,61,41,24,25,19,34,51
"""22-03-2011""",63,66,71,67,86,55,36,15,33,35,54,53,52,58,67,60,53,57,49,47,39,20,11,19
"""23-03-2011""",56,64,46,67,50,29,14,10,39,49,62,65,69,73,71,68,75,73,61,12,9,10,20,46
"""24-03-2011""",68,59,65,74,75,57,34,47,50,53,59,75,75,74,77,76,78,56,51,32,11,16,15,8
"""25-03-2011""",25,40,39,87,90,84,86,82,76,72,67,66,76,81,85,93,88,89,75,70,28,11,32,72
"""26-03-2011""",32,41,86,54,52,40,24,30,19,23,33,34,53,70,64,71,72,76,73,42,27,50,23,30
"""27-03-2011""",27,36,35,31,44,27,37,45,43,72,73,78,82,85,79,71,75,76,74,21,21,23,38,52
"""28-03-2011""",87,71,47,39,44,34,8,-9999,10,16,26,39,72,78,76,74,71,68,68,62,64,63,45,32
"""29-03-2011""",32,29,35,38,50,49,36,21,26,9,21,24,20,19,35,46,60,70,63,53,20,17,15,18
"""30-03-2011""",16,54,74,62,62,65,55,33,36,51,58,59,58,64,63,60,64,68,75,103,53,20,19,32
"""31-03-2011""",49,63,42,37,55,41,33,32,28,31,59,44,57,57,57,54,60,61,59,56,58,50,51,52
"""01-04-2011""",64,68,68,66,73,72,54,45,45,44,44,52,52,41,54,65,48,62,62,61,71,43,46,50
"""02-04-2011""",38,36,28,44,36,27,20,22,51,60,61,65,67,76,80,82,81,80,78,60,53,56,57,49
"""03-04-2011""",64,69,60,61,61,56,46,27,38,38,42,74,77,79,79,84,85,85,86,82,81,59,52,45
"""04-04-2011""",59,47,71,70,62,69,57,46,59,60,57,55,57,65,74,80,81,76,74,72,59,26,12,25
"""05-04-2011""",48,40,43,69,77,87,30,17,45,58,50,54,63,65,74,70,63,65,48,57,16,21,38,40
"""06-04-2011""",58,61,63,66,62,58,59,56,58,59,59,54,49,57,60,61,63,58,55,50,40,33,44,43
"""07-04-2011""",51,51,44,41,43,43,33,9,13,28,50,54,65,73,74,72,75,86,82,72,52,34,14,25
"""08-04-2011""",41,55,44,42,52,39,23,10,15,9,13,20,29,41,61,83,85,82,79,79,80,70,62,48
"""09-04-2011""",72,80,92,92,93,86,49,44,41,49,61,64,60,71,76,86,92,96,98,99,98,95,104,105
"""10-04-2011""",108,106,103,105,102,98,89,82,76,83,93,93,96,95,97,100,101,105,104,101,97,91,94,86
"""11-04-2011""",92,96,91,91,93,87,75,69,72,83,83,89,94,94,95,95,97,98,93,88,85,83,78,78
"""12-04-2011""",80,77,77,76,77,52,26,10,20,19,50,72,80,80,82,91,85,84,92,69,63,52,28,27
"""13-04-2011""",39,60,63,48,52,48,17,10,10,17,13,40,58,77,82,82,88,91,92,88,82,81,88,69
"""14-04-2011""",75,76,77,79,79,78,68,61,64,72,74,77,79,80,77,83,84,82,82,78,75,74,74,73
"""15-04-2011""",74,72,73,64,60,58,40,25,46,20,59,78,79,78,79,78,79,75,76,82,57,19,18,26
"""16-04-2011""",41,54,70,65,54,49,52,31,34,50,70,64,73,69,77,72,69,64,65,62,52,56,70,71
"""17-04-2011""",71,63,55,72,78,71,65,60,66,71,76,77,76,79,80,83,90,89,87,82,78,53,59,64
"""18-04-2011""",71,73,81,94,92,87,78,72,68,61,65,53,52,59,67,60,67,68,65,55,56,71,77,63
"""19-04-2011""",74,65,67,70,75,54,26,22,39,31,47,74,77,77,78,80,84,75,73,74,71,68,62,48
"""20-04-2011""",64,46,48,52,51,57,66,37,21,16,25,40,40,57,76,85,84,92,75,66,65,46,37,51
"""21-04-2011""",82,91,95,69,91,79,41,17,68,73,79,77,85,91,88,97,100,93,92,85,79,72,67,66
"""22-04-2011""",63,67,68,67,71,62,48,21,33,79,86,89,96,93,93,94,90,92,92,79,74,69,42,28
"""23-04-2011""",52,54,53,49,52,54,48,41,68,79,83,88,91,88,88,87,92,96,93,83,87,81,84,72
"""24-04-2011""",60,57,62,61,61,62,57,46,54,68,77,86,90,88,86,90,91,90,91,81,83,82,53,47
"""25-04-2011""",51,51,46,45,61,61,49,29,57,64,80,82,89,91,90,90,86,86,85,81,84,74,68,80
"""26-04-2011""",71,76,71,88,63,43,50,65,54,69,60,58,57,62,70,73,71,70,74,73,66,42,32,29
"""27-04-2011""",38,52,44,41,44,54,40,32,40,52,54,50,40,47,50,52,55,51,59,53,70,63,58,51
"""28-04-2011""",52,54,56,56,45,59,49,42,41,23,29,45,56,60,64,70,74,71,75,61,46,51,49,31
"""29-04-2011""",31,34,43,39,35,34,42,17,38,55,53,58,67,81,76,78,82,70,65,78,74,46,31,30
"""30-04-2011""",33,16,32,61,21,21,29,31,43,30,36,47,61,72,77,69,85,80,73,69,64,64,68,63
"""01-05-2011""",77,71,63,64,49,57,53,60,60,62,60,58,58,69,69,70,63,62,55,59,75,76,74,51
"""02-05-2011""",45,41,41,41,40,18,21,23,27,33,51,67,71,65,62,63,60,60,54,46,59,35,40,46
"""03-05-2011""",37,33,40,41,39,24,48,35,28,50,44,44,35,40,49,43,34,32,53,39,28,19,10,20
"""04-05-2011""",24,17,24,18,16,13,10,8,10,16,29,59,68,64,75,80,61,28,29,43,54,44,39,50
"""05-05-2011""",53,54,54,59,60,60,56,52,51,49,42,30,32,35,37,47,39,42,41,42,53,47,52,59
"""06-05-2011""",68,66,63,70,74,82,78,67,66,71,65,71,65,66,76,80,85,82,72,78,74,68,35,44
"""07-05-2011""",41,45,43,45,44,31,18,13,20,29,56,58,72,74,83,88,83,84,78,75,69,56,32,35
"""08-05-2011""",31,37,44,37,19,12,16,14,22,26,24,45,67,71,80,78,79,75,83,85,88,81,84,71
"""09-05-2011""",66,71,71,74,80,78,75,67,69,68,64,60,67,68,59,55,60,53,58,49,37,37,29,29
"""10-05-2011""",26,32,31,21,20,20,16,15,30,46,36,51,52,63,62,63,76,73,61,47,21,8,36,62
"""11-05-2011""",42,25,28,43,37,32,27,10,9,12,25,25,42,54,67,66,72,56,65,73,59,48,74,70
"""12-05-2011""",56,68,65,70,59,59,48,19,17,13,32,51,56,50,53,53,48,40,67,68,38,16,12,13
"""13-05-2011""",17,63,69,76,84,47,70,31,63,58,58,66,72,77,84,96,94,96,83,81,76,23,18,29
"""14-05-2011""",55,46,43,48,39,34,31,21,28,31,38,58,74,85,89,91,101,86,93,92,90,62,57,46
"""15-05-2011""",49,39,32,44,51,43,34,28,30,46,52,67,86,90,87,76,84,89,81,83,90,82,82,48
"""16-05-2011""",34,37,42,36,37,50,35,10,14,38,66,79,81,78,65,63,57,59,70,70,53,49,34,34
"""17-05-2011""",48,25,47,41,55,51,29,24,17,125,62,90,93,79,80,81,78,95,86,76,68,79,64,75
"""18-05-2011""",80,73,66,78,60,49,63,25,25,53,63,71,36,87,83,82,80,79,72,70,72,67,68,53
"""19-05-2011""",63,66,62,73,71,67,56,58,48,48,41,42,56,62,47,43,55,52,50,49,38,7,13,25
"""20-05-2011""",19,7,26,10,8,14,31,18,8,12,30,49,61,65,73,74,95,90,79,73,39,20,17,40
"""21-05-2011""",32,14,37,40,36,16,27,13,29,26,40,65,75,80,78,87,95,95,92,78,71,31,40,30
"""22-05-2011""",65,56,58,52,47,40,20,26,35,37,38,53,59,77,75,71,74,80,75,70,49,19,25,28
"""23-05-2011""",19,54,60,58,44,41,47,29,25,24,32,70,72,71,49,26,35,56,57,55,88,13,17,50
"""24-05-2011""",41,64,85,48,64,30,37,15,27,18,31,45,54,51,69,76,65,64,63,61,39,7,18,22
"""25-05-2011""",26,19,7,13,17,9,3,5,12,13,35,56,71,75,76,76,63,56,51,43,39,22,10,21
"""26-05-2011""",54,74,49,59,59,46,31,22,9,18,45,49,49,59,66,59,72,79,67,53,36,24,51,76
"""27-05-2011""",75,82,79,52,36,22,32,34,30,33,33,49,59,62,57,62,65,64,53,54,37,19,12,11
"""28-05-2011""",7,22,25,33,32,35,14,5,15,29,32,44,63,66,69,64,59,68,66,58,50,41,26,21
"""29-05-2011""",18,16,19,8,31,23,23,25,39,35,40,55,53,58,62,69,71,38,39,33,30,21,8,20
"""30-05-2011""",53,60,41,58,48,42,23,15,27,34,35,37,45,63,66,63,72,104,63,53,42,35,30,17
"""31-05-2011""",19,19,19,21,23,18,11,9,21,24,32,45,68,66,67,73,64,70,57,54,45,41,36,25
"""01-06-2011""",22,24,25,24,21,19,13,8,16,30,40,57,60,61,63,58,49,55,54,46,48,38,18,16
"""02-06-2011""",13,16,23,22,11,5,5,11,13,11,24,36,56,64,43,10,11,11,21,19,14,7,12,6
"""03-06-2011""",3,5,6,6,9,4,4,5,6,10,22,36,46,26,12,7,22,36,37,28,15,9,4,4
"""04-06-2011""",4,4,5,6,5,5,5,6,9,18,21,32,25,43,51,51,51,42,44,38,23,17,19,12
"""05-06-2011""",15,23,6,7,14,12,14,10,14,24,25,38,43,59,59,65,52,57,61,50,49,22,15,21
"""06-06-2011""",20,20,21,19,22,20,6,4,18,28,40,54,60,55,58,63,45,42,38,58,37,26,19,7
"""07-06-2011""",9,16,17,17,13,10,6,8,12,26,37,48,49,58,65,62,49,49,53,43,43,40,22,10
"""08-06-2011""",16,13,14,14,16,11,5,7,11,23,31,39,46,47,55,51,51,58,64,65,48,26,8,9
"""09-06-2011""",16,17,27,23,24,15,7,5,13,28,33,37,48,58,43,44,61,39,45,32,26,6,4,4
"""10-06-2011""",15,31,30,45,65,48,56,46,49,53,70,74,71,73,71,70,79,81,77,77,77,62,63,66
"""11-06-2011""",65,73,77,85,84,86,88,84,88,94,89,87,82,83,77,78,81,84,80,77,78,78,79,76
"""12-06-2011""",73,63,71,73,78,76,70,65,65,63,63,57,57,60,64,64,62,42,20,30,15,6,7,13
"""13-06-2011""",52,63,65,70,67,60,54,47,55,66,65,53,56,69,73,59,71,67,62,49,38,30,18,15
"""14-06-2011""",19,12,13,19,17,22,48,36,60,70,56,68,75,83,78,77,81,81,67,63,70,40,39,75
"""15-06-2011""",72,36,25,29,32,21,22,25,28,29,38,48,38,43,13,23,24,30,45,52,52,39,20,15
"""16-06-2011""",37,27,29,27,19,24,8,5,11,21,40,43,59,62,62,69,73,77,74,62,27,10,9,15
"""17-06-2011""",14,13,21,19,19,16,10,5,11,18,44,54,66,65,56,57,65,67,71,71,60,33,11,13
"""18-06-2011""",22,31,31,34,23,17,9,9,16,20,29,42,52,65,66,59,67,76,79,56,42,31,12,8
"""19-06-2011""",7,13,22,23,26,25,16,15,22,23,30,54,58,48,51,36,39,48,59,58,46,31,8,7
"""20-06-2011""",9,13,17,14,14,13,42,65,64,65,64,63,65,62,62,66,71,66,70,69,66,60,73,74
"""21-06-2011""",79,77,72,60,46,38,39,41,37,38,53,56,58,58,57,55,53,50,53,48,41,20,6,8
"""22-06-2011""",18,20,16,14,17,29,16,18,16,19,33,59,60,62,56,57,58,57,66,53,41,15,7,7
"""23-06-2011""",7,7,10,9,10,15,7,4,9,14,27,51,57,57,65,56,60,61,64,53,40,21,9,13
"""24-06-2011""",12,18,30,48,21,10,8,5,11,20,38,55,55,50,38,53,53,52,61,59,37,35,21,22
"""25-06-2011""",18,18,16,15,18,47,55,25,32,64,63,72,77,75,75,78,82,81,81,78,75,80,83,86
"""26-06-2011""",91,90,92,90,86,85,81,84,85,86,81,79,74,74,64,73,79,84,79,81,79,77,84,83
"""27-06-2011""",81,88,88,85,76,66,67,67,62,67,67,68,73,77,76,79,80,79,80,81,77,72,72,78
"""28-06-2011""",72,73,84,87,86,79,77,67,58,74,80,79,82,86,83,85,78,79,67,67,66,64,71,65
"""29-06-2011""",66,71,82,74,75,75,60,68,71,72,73,72,66,64,63,68,64,61,64,54,52,52,35,24
"""30-06-2011""",16,11,22,28,38,25,14,21,13,17,20,31,48,41,50,56,49,55,46,42,51,48,7,9
"""01-07-2011""",11,8,26,12,30,20,39,53,72,63,63,61,72,75,70,76,84,89,85,76,71,62,65,65
"""02-07-2011""",69,66,50,59,70,71,60,46,37,49,51,51,63,71,68,64,81,70,58,52,43,29,15,11
"""03-07-2011""",7,6,5,5,6,8,7,13,11,16,34,49,42,46,46,48,53,63,72,73,72,66,67,66
"""04-07-2011""",63,58,47,29,43,45,12,15,21,44,51,57,57,69,65,68,70,56,51,59,54,21,14,13
"""05-07-2011""",19,32,20,16,34,34,16,9,20,20,49,55,56,59,57,46,42,48,59,57,47,24,15,17
"""06-07-2011""",17,40,33,21,24,25,11,23,46,56,60,57,62,59,60,66,67,69,68,69,64,51,47,34
"""07-07-2011""",20,8,7,13,13,10,8,5,9,17,34,41,51,60,60,62,59,56,61,54,47,51,37,12
"""08-07-2011""",8,12,16,20,21,18,10,11,12,13,17,37,61,67,63,58,52,52,58,61,49,23,8,12
"""09-07-2011""",19,10,9,12,14,11,10,17,10,16,25,48,56,42,57,65,65,67,58,56,38,25,18,12
"""10-07-2011""",9,11,15,17,12,7,9,15,16,25,26,28,47,59,66,66,67,65,60,44,36,19,7,12
"""11-07-2011""",17,15,22,26,10,11,6,4,21,35,40,47,58,60,58,56,47,47,40,33,22,16,20,12
"""12-07-2011""",5,6,11,11,12,9,4,5,13,25,44,56,50,40,50,53,45,52,60,47,41,28,17,25
"""13-07-2011""",19,21,25,35,21,14,6,7,11,17,38,45,55,60,54,61,75,77,52,37,34,30,21,19
"""14-07-2011""",10,17,12,11,6,6,8,15,11,17,32,38,41,41,40,46,41,43,43,35,27,26,14,10
"""15-07-2011""",7,8,7,8,8,6,5,6,11,12,18,24,26,35,33,31,35,46,40,37,24,13,17,17
"""16-07-2011""",8,6,6,5,5,7,8,8,9,15,25,33,38,35,34,33,57,63,61,63,41,33,16,10
"""17-07-2011""",11,7,11,11,10,11,10,9,12,25,33,36,45,53,50,49,46,62,64,56,43,31,12,13
"""18-07-2011""",13,12,8,13,14,9,6,11,13,16,24,38,59,65,53,61,56,49,47,42,28,21,15,10
"""19-07-2011""",7,8,11,11,7,9,6,11,18,15,20,26,40,42,40,38,36,39,43,33,27,22,10,7
"""20-07-2011""",13,12,11,10,10,8,6,7,11,17,18,28,33,28,33,57,57,65,59,43,28,31,20,23
"""21-07-2011""",20,31,53,40,37,23,24,33,40,55,63,61,60,58,68,54,66,56,55,61,57,20,12,7
"""22-07-2011""",10,13,12,16,17,19,10,32,30,42,48,65,67,69,64,74,64,58,72,73,68,34,28,31
"""23-07-2011""",23,26,19,29,47,31,17,37,29,41,57,74,68,55,63,64,73,60,56,51,44,26,24,13
"""24-07-2011""",37,66,59,25,13,18,29,31,32,33,42,54,53,59,65,67,71,80,80,74,52,33,27,18
"""25-07-2011""",25,10,9,9,8,8,5,12,14,19,21,42,46,49,47,55,66,53,44,38,33,32,29,21
"""26-07-2011""",35,49,43,37,61,57,34,26,27,33,46,51,66,61,66,66,62,50,64,57,54,36,32,23
"""27-07-2011""",19,22,20,19,14,27,33,28,27,40,43,53,60,73,66,66,62,60,60,54,52,33,24,19
"""28-07-2011""",13,15,18,11,16,15,7,6,17,24,29,44,53,61,63,68,61,60,49,49,33,19,7,8
"""29-07-2011""",6,6,11,8,6,5,6,6,10,20,21,39,59,48,49,53,54,51,39,45,48,19,19,18
"""30-07-2011""",15,9,9,25,30,23,16,24,29,44,56,61,67,56,64,54,72,76,73,87,74,67,57,67
"""31-07-2011""",69,65,67,65,67,63,48,47,52,38,49,67,67,66,62,54,65,68,68,55,42,24,13,31
"""01-08-2011""",45,54,30,66,43,24,14,12,15,16,22,39,53,65,69,63,53,50,47,51,65,39,23,24
"""02-08-2011""",23,72,59,57,58,51,36,47,56,61,55,57,57,58,63,62,65,64,59,54,42,26,26,40
"""03-08-2011""",60,59,60,61,65,66,49,50,55,58,52,46,53,55,59,58,63,67,65,38,34,27,24,19
"""04-08-2011""",11,10,11,8,8,13,7,6,10,18,34,43,54,43,41,44,53,59,57,47,37,21,17,10
"""05-08-2011""",7,10,26,25,42,47,14,8,11,25,34,41,47,51,53,47,51,34,36,39,33,25,13,10
"""06-08-2011""",18,10,7,7,6,9,10,9,10,12,17,34,34,41,42,43,47,48,46,43,32,23,10,8
"""07-08-2011""",7,8,11,8,11,12,15,14,20,23,27,35,41,40,41,39,38,43,49,39,25,20,10,8
"""08-08-2011""",8,9,12,7,7,7,6,9,11,14,25,35,39,35,37,39,43,41,38,33,15,7,8,6
"""09-08-2011""",5,5,5,6,6,6,6,6,9,11,16,24,27,29,30,32,30,40,36,33,19,10,10,7
"""10-08-2011""",7,7,8,9,6,7,7,19,41,48,51,46,41,44,48,56,64,62,57,49,47,43,40,39
"""11-08-2011""",38,44,46,51,52,52,48,48,44,53,56,59,57,54,52,57,59,64,62,57,47,47,40,56
"""12-08-2011""",63,67,65,70,77,77,71,67,62,60,53,54,63,60,72,68,67,63,70,67,46,16,13,23
"""13-08-2011""",29,31,28,25,38,33,25,14,23,19,27,39,54,69,66,65,68,75,76,68,51,27,16,21
"""14-08-2011""",18,24,20,28,22,28,28,14,16,22,25,33,40,58,64,56,65,70,72,55,40,14,12,10
"""15-08-2011""",11,8,12,14,16,16,18,16,20,21,33,27,31,46,57,54,58,57,54,50,29,20,8,9
"""16-08-2011""",14,12,13,13,12,10,6,5,9,10,16,23,35,41,45,50,50,61,54,35,22,29,14,15
"""17-08-2011""",17,10,10,15,10,11,7,8,11,9,12,24,42,53,48,45,47,49,61,51,23,26,20,24
"""18-08-2011""",17,15,11,14,14,12,9,7,10,18,33,39,47,44,46,44,44,42,36,43,33,19,25,20
"""19-08-2011""",8,11,12,11,10,8,8,8,15,32,38,35,43,48,48,46,47,48,52,37,32,27,16,7
"""20-08-2011""",7,7,8,6,9,8,9,8,18,15,26,39,46,42,47,38,46,41,40,43,28,26,26,15
"""21-08-2011""",15,8,11,36,66,65,59,67,60,62,67,56,40,54,66,66,73,47,60,53,31,23,22,21
"""22-08-2011""",21,38,50,30,17,18,21,19,26,37,45,42,46,46,54,61,67,66,56,43,36,20,16,16
"""23-08-2011""",12,7,7,8,11,12,9,8,14,18,24,40,47,40,43,52,64,66,58,52,28,15,11,9
"""24-08-2011""",11,10,8,8,10,9,5,5,12,21,31,40,38,47,46,62,62,64,50,39,25,18,15,8
"""25-08-2011""",6,8,15,15,8,6,7,4,5,10,37,40,46,44,57,67,59,63,59,47,34,29,25,23
"""26-08-2011""",12,17,17,35,60,25,14,10,19,27,44,39,43,47,53,48,63,57,49,36,23,15,18,14
"""27-08-2011""",15,26,17,27,24,46,56,55,44,38,55,58,68,65,72,64,65,71,61,54,44,31,11,15
"""28-08-2011""",20,30,38,46,45,27,27,26,41,44,51,64,58,63,62,66,66,68,57,56,48,27,18,13
"""29-08-2011""",23,32,21,29,49,37,18,6,20,20,34,74,71,65,65,64,73,77,69,66,63,43,16,16
"""30-08-2011""",13,15,31,19,26,24,14,5,15,19,30,41,52,58,47,54,56,63,67,47,39,18,12,12
"""31-08-2011""",17,19,12,11,18,12,12,6,18,15,40,60,39,52,57,51,59,48,32,34,49,54,33,13
"""01-09-2011""",18,12,18,17,21,16,9,5,8,14,11,30,42,46,50,57,65,58,55,71,45,6,8,9
"""02-09-2011""",12,19,19,20,17,22,12,5,8,14,13,22,47,58,62,69,62,68,75,55,16,14,18,9
"""03-09-2011""",9,11,10,9,9,18,41,34,55,48,66,69,63,62,67,62,58,54,68,75,62,31,23,18
"""04-09-2011""",12,11,19,47,41,20,29,27,35,38,55,65,62,72,74,80,85,82,64,49,45,41,18,12
"""05-09-2011""",12,18,24,18,27,19,6,5,8,16,34,45,53,59,56,61,62,61,67,57,37,30,15,9
"""06-09-2011""",11,11,17,23,19,14,15,4,11,25,35,44,56,52,44,56,51,51,44,24,25,24,28,58
"""07-09-2011""",59,30,24,36,20,17,11,10,21,55,39,31,42,28,30,33,46,42,25,21,10,6,7,7
"""08-09-2011""",11,6,8,8,10,7,5,5,5,7,16,26,33,38,41,51,62,61,56,46,15,6,6,7
"""09-09-2011""",12,18,10,18,19,22,13,4,5,8,12,20,42,65,53,63,58,52,40,38,14,6,9,11
"""10-09-2011""",21,14,48,61,49,35,23,9,19,34,44,54,61,67,67,68,73,73,71,54,43,20,9,10
"""11-09-2011""",11,18,20,22,20,19,20,7,15,18,27,29,41,54,56,62,59,63,58,42,20,7,6,6
"""12-09-2011""",6,7,9,8,9,10,7,6,8,13,23,33,37,42,44,43,48,50,48,40,29,9,6,9
"""13-09-2011""",10,9,11,20,12,9,7,5,6,8,12,16,26,43,56,56,51,65,47,44,12,9,13,19
"""14-09-2011""",12,10,12,20,17,16,5,4,5,8,10,25,26,42,48,57,53,59,55,30,7,12,15,17
"""15-09-2011""",15,15,19,20,25,23,10,4,4,7,9,11,23,44,49,57,75,60,50,30,17,7,7,5
"""16-09-2011""",6,5,8,9,11,9,6,5,5,10,14,18,30,39,60,62,69,62,54,20,5,6,6,8
"""17-09-2011""",10,10,22,29,26,12,7,6,7,9,9,19,30,49,53,67,69,56,45,17,6,5,5,5
"""18-09-2011""",5,10,9,5,5,5,8,8,7,14,21,42,55,58,60,63,59,59,55,44,13,15,4,12
"""19-09-2011""",28,28,28,20,24,23,14,4,5,25,41,56,56,61,58,64,65,56,50,40,46,32,21,13
"""20-09-2011""",14,19,23,19,29,26,15,21,34,33,41,29,28,54,47,48,78,74,83,93,94,89,96,92
"""21-09-2011""",82,73,78,48,41,64,59,24,48,46,69,67,62,55,54,27,29,58,66,78,78,76,75,44
"""22-09-2011""",44,46,54,48,44,27,22,32,38,48,35,34,39,44,44,46,39,24,37,10,8,20,31,27
"""23-09-2011""",27,51,45,53,76,70,54,41,35,55,60,61,63,56,51,80,75,61,46,17,6,6,6,11
"""24-09-2011""",6,14,34,15,14,20,8,4,6,13,15,25,44,72,76,69,63,68,64,36,14,14,20,27
"""25-09-2011""",37,36,36,25,21,20,14,16,16,23,23,37,58,76,84,80,78,80,73,46,16,19,27,24
"""26-09-2011""",42,47,54,65,70,48,23,5,14,25,36,47,49,59,75,78,75,73,66,45,9,13,16,18
"""27-09-2011""",24,36,46,44,40,36,21,13,21,37,46,52,55,62,64,65,70,63,65,48,25,15,17,21
"""28-09-2011""",31,35,42,49,45,40,17,3,3,18,20,45,59,69,70,72,75,77,64,60,49,42,37,30
"""29-09-2011""",34,46,43,36,28,26,11,3,5,6,9,20,41,57,69,69,67,68,57,21,7,8,3,5
"""30-09-2011""",48,83,85,83,84,83,77,64,64,57,63,61,65,74,76,68,81,87,81,69,49,27,37,25
"""01-10-2011""",21,26,28,18,33,28,17,11,23,34,35,48,54,60,64,69,73,62,57,45,29,19,34,22
"""02-10-2011""",14,19,31,27,27,31,31,19,44,60,66,65,58,55,65,65,60,64,56,51,22,10,18,16
"""03-10-2011""",28,40,41,43,44,27,13,4,3,6,18,38,53,56,70,62,60,58,56,53,35,33,36,29
"""04-10-2011""",34,39,45,47,30,15,9,3,4,4,6,14,39,62,66,72,75,71,64,46,21,10,22,24
"""05-10-2011""",33,41,47,44,41,34,20,4,4,5,9,14,31,56,71,75,76,72,64,23,12,9,23,34
"""06-10-2011""",45,49,47,32,41,28,10,3,3,6,10,24,51,67,77,75,83,73,63,36,21,21,29,27
"""07-10-2011""",41,46,58,56,40,32,21,4,4,6,10,36,62,64,67,58,70,68,59,73,62,39,41,38
"""08-10-2011""",40,32,39,39,34,33,24,12,10,10,34,50,57,61,64,62,66,68,58,54,25,19,20,43
"""09-10-2011""",22,19,40,54,-9999,-9999,71,44,40,-9999,-9999,50,50,49,51,45,41,38,34,36,32,32,32,33
"""10-10-2011""",33,34,35,37,34,33,31,25,25,25,26,19,32,28,27,24,23,22,22,22,24,27,32,32
"""11-10-2011""",31,38,41,44,41,34,34,20,22,22,30,35,35,38,39,40,37,37,31,27,16,4,3,8
"""12-10-2011""",37,42,46,49,48,42,35,24,7,10,14,16,20,25,29,21,28,23,13,7,6,6,3,8
"""13-10-2011""",14,8,3,4,5,3,3,3,3,4,4,6,12,18,30,38,39,33,30,26,15,9,24,39
"""14-10-2011""",44,45,41,39,33,33,31,29,27,29,27,24,25,30,27,21,19,23,28,24,17,19,27,27
"""15-10-2011""",29,29,34,37,41,42,34,25,21,23,22,23,26,30,28,28,26,23,24,17,8,7,12,9
"""16-10-2011""",17,20,39,43,45,44,43,40,34,35,36,37,40,40,48,49,47,38,36,34,30,29,21,17
"""17-10-2011""",20,20,27,31,31,27,22,21,24,22,28,26,27,31,29,32,37,32,29,32,19,6,15,31
"""18-10-2011""",40,45,44,43,40,41,39,34,27,32,39,-9999,47,49,50,46,47,41,21,8,1,1,4,7
"""19-10-2011""",21,28,25,18,17,14,5,1,1,3,4,11,25,45,53,56,55,52,68,9,10,14,20,32
"""20-10-2011""",40,29,32,22,14,17,7,2,2,4,8,14,39,52,57,59,52,55,37,6,7,12,14,16
"""21-10-2011""",13,18,19,14,12,9,4,2,2,2,3,5,11,31,53,59,69,62,59,24,5,9,16,15
"""22-10-2011""",13,7,6,6,-9999,10,7,3,2,4,6,8,28,50,59,61,56,57,52,21,7,6,13,31
"""23-10-2011""",33,30,39,33,41,51,32,12,23,45,41,26,23,34,45,34,33,34,26,7,3,3,3,3
"""24-10-2011""",3,3,13,32,34,41,19,3,11,11,13,19,18,21,25,31,38,30,15,14,13,9,3,10
"""25-10-2011""",7,19,32,22,25,33,23,27,29,13,16,21,22,24,17,25,20,16,7,3,4,10,7,14
"""26-10-2011""",13,13,19,12,23,24,20,7,3,5,16,19,26,28,34,37,37,28,25,37,36,38,39,41
"""27-10-2011""",43,43,43,42,46,39,39,36,37,39,37,34,36,34,36,42,45,38,34,21,7,11,31,38
"""28-10-2011""",-9999,24,25,21,18,11,4,2,3,4,10,22,31,33,41,46,42,44,19,5,5,3,3,7
"""29-10-2011""",18,17,25,27,26,13,3,2,2,3,4,13,22,33,43,52,47,47,36,15,12,12,15,13
"""30-10-2011""",25,39,35,35,28,21,30,21,12,30,35,25,38,48,55,55,53,56,37,20,9,15,13,8
"""31-10-2011""",16,23,20,22,33,26,10,2,2,2,5,10,22,37,45,41,38,21,2,2,6,7,4,6
"""01-11-2011""",16,10,13,18,8,4,2,2,2,4,3,8,32,42,49,43,45,21,2,3,4,9,13,21
"""02-11-2011""",11,6,15,6,5,3,2,2,3,3,5,8,35,46,50,55,48,19,2,4,7,7,8,16
"""03-11-2011""",24,13,11,12,9,8,3,2,2,4,4,4,28,44,43,43,47,12,3,5,8,12,19,28
"""04-11-2011""",34,36,24,10,4,3,2,3,3,3,4,6,20,27,40,44,36,21,4,3,5,6,10,15
"""05-11-2011""",20,16,5,6,4,3,2,2,3,3,4,12,26,35,42,38,36,6,4,3,7,10,10,17
"""06-11-2011""",10,6,3,4,8,4,3,2,3,4,8,15,36,41,44,37,27,8,7,3,11,33,11,15
"""07-11-2011""",30,41,45,43,36,42,35,31,16,5,5,4,6,9,8,3,3,3,3,3,3,3,3,3
"""08-11-2011""",4,4,3,3,3,3,3,3,3,3,4,6,6,12,12,11,11,15,15,12,5,3,3,5
"""09-11-2011""",7,4,3,3,3,3,3,3,3,4,10,14,13,17,23,25,20,17,4,3,3,3,3,3
"""10-11-2011""",3,3,4,6,5,4,3,5,3,4,14,9,4,12,17,20,23,21,9,5,4,4,11,10
"""11-11-2011""",12,13,23,27,27,26,19,17,21,26,29,29,27,26,25,26,27,22,20,21,23,27,31,31
"""12-11-2011""",33,32,34,34,34,35,30,27,29,23,22,22,25,23,27,21,12,12,11,14,14,20,22,14
"""13-11-2011""",7,22,29,29,29,27,27,24,24,27,25,22,26,27,27,23,19,12,16,16,22,27,35,36
"""14-11-2011""",37,27,37,42,41,38,28,18,16,17,22,23,18,32,29,28,20,8,10,18,20,15,4,9
"""15-11-2011""",23,27,36,42,31,20,18,10,2,16,35,38,40,38,36,36,26,5,2,1,1,2,2,3
"""16-11-2011""",3,4,4,4,3,3,1,1,1,1,2,6,25,38,36,29,26,5,1,2,2,2,2,5
"""17-11-2011""",5,5,3,3,5,4,1,1,1,3,6,9,14,36,32,36,23,2,1,2,2,2,3,6
"""18-11-2011""",5,3,2,2,2,2,1,1,1,2,2,4,12,24,34,29,24,4,2,2,2,2,3,3
"""19-11-2011""",3,4,3,1,2,2,1,1,1,2,4,6,9,17,26,38,30,3,2,2,1,2,2,3
"""20-11-2011""",3,3,4,4,4,4,2,1,2,20,24,10,14,16,25,76,24,2,3,4,7,7,4,13
"""21-11-2011""",19,4,11,14,10,7,4,1,2,2,2,3,4,10,21,24,21,3,3,4,2,2,4,4
"""22-11-2011""",5,4,4,4,4,4,3,2,2,2,3,3,3,3,6,6,12,2,2,2,2,2,3,4
"""23-11-2011""",3,3,5,4,8,4,3,2,2,2,2,2,3,3,3,3,3,2,2,3,3,3,3,4
"""24-11-2011""",4,4,4,10,22,20,24,26,28,30,31,27,18,17,13,9,4,2,2,2,2,2,3,3
"""25-11-2011""",7,8,11,28,29,27,20,13,9,13,16,21,16,15,9,8,3,2,2,2,3,3,6,7
"""26-11-2011""",16,21,20,22,20,11,9,9,6,10,9,10,10,15,21,24,20,6,5,8,12,16,19,29
"""27-11-2011""",39,38,40,40,40,36,28,14,24,23,28,27,36,34,35,30,20,10,2,2,2,2,3,3
"""28-11-2011""",3,6,7,4,8,5,2,1,2,2,3,3,-9999,-9999,-9999,-9999,-9999,-9999,4,4,4,4,9,26
"""29-11-2011""",23,47,24,19,18,14,5,4,4,5,5,15,7,11,22,18,10,4,4,4,4,4,4,4
"""30-11-2011""",4,4,5,8,5,4,4,4,4,4,4,5,8,19,27,31,12,4,4,4,4,4,4,4
"""01-12-2011""",4,4,4,4,4,4,4,4,4,4,5,8,7,8,8,10,10,4,5,4,5,4,4,4
"""02-12-2011""",5,5,4,5,6,6,4,4,4,4,4,4,7,19,34,42,23,4,4,4,4,5,5,4
"""03-12-2011""",4,4,4,4,4,4,4,4,5,5,5,9,25,34,39,48,-9999,6,6,9,5,4,5,5
"""04-12-2011""",4,4,14,18,17,9,4,4,4,5,6,6,9,15,30,34,29,15,5,6,8,7,5,4
"""05-12-2011""",5,4,5,7,5,4,4,4,8,8,8,6,10,12,9,8,4,4,4,4,4,4,4,4
"""06-12-2011""",4,4,4,4,4,5,10,13,12,23,16,5,9,11,13,11,13,16,15,15,10,8,6,5
"""07-12-2011""",9,8,4,5,5,5,4,5,4,5,4,18,20,18,17,16,21,16,27,25,38,32,45,48
"""08-12-2011""",23,27,17,23,13,11,5,4,4,5,4,6,9,12,28,44,42,38,45,44,43,40,35,36
"""09-12-2011""",43,37,33,34,39,32,17,29,35,26,10,18,37,34,31,31,33,4,4,4,4,4,8,5
"""10-12-2011""",4,5,6,8,5,4,4,4,4,4,4,6,8,12,12,20,11,4,4,4,4,4,4,4
"""11-12-2011""",4,4,4,4,4,4,4,4,4,4,5,6,6,6,6,8,4,5,4,4,4,4,4,5
"""12-12-2011""",4,4,4,4,4,4,4,4,4,4,4,4,4,4,5,4,5,4,4,4,4,4,4,4
"""13-12-2011""",4,4,4,4,4,4,4,4,4,4,4,4,5,5,5,5,5,4,5,4,4,4,5,4
"""14-12-2011""",4,4,4,4,4,4,4,4,4,4,4,4,5,5,5,6,6,5,4,5,4,4,5,7
"""15-12-2011""",4,4,4,4,4,4,4,4,4,4,4,4,5,7,7,15,15,6,4,4,5,7,6,7
"""16-12-2011""",5,4,10,11,9,6,7,9,6,6,13,23,23,30,24,18,6,4,4,4,5,6,4,8
"""17-12-2011""",14,19,38,38,37,42,43,47,51,45,48,47,42,40,29,26,9,8,4,8,24,24,21,36
"""18-12-2011""",23,31,38,48,49,41,44,49,50,49,32,48,49,46,51,48,36,11,18,19,37,38,7,7
"""19-12-2011""",11,31,47,42,41,40,25,23,23,31,34,14,14,7,8,14,9,4,5,4,4,4,4,4
"""20-12-2011""",4,5,8,11,14,6,4,4,4,5,5,5,8,7,11,21,25,10,4,14,22,20,21,19
"""21-12-2011""",15,19,19,27,27,33,22,5,4,17,33,28,28,23,20,13,11,5,5,28,33,35,43,38
"""22-12-2011""",33,35,40,43,41,40,33,20,20,28,32,38,38,37,35,34,34,34,34,30,25,31,31,34
"""23-12-2011""",35,37,36,38,37,39,35,26,22,28,27,28,26,30,31,33,31,30,25,25,33,27,31,35
"""24-12-2011""",39,44,48,46,49,48,44,43,42,34,37,42,40,42,42,44,38,22,12,14,8,5,7,8
"""25-12-2011""",8,9,8,18,36,41,14,4,14,38,38,45,55,59,57,53,39,14,12,10,5,4,5,5
"""26-12-2011""",4,5,12,22,23,37,36,32,17,18,17,23,33,43,40,39,33,33,24,25,23,25,9,5
"""27-12-2011""",4,9,14,15,9,6,4,14,15,22,25,30,41,37,33,32,28,11,4,4,4,4,4,4
"""28-12-2011""",5,30,12,5,5,5,4,3,4,4,7,10,17,17,18,15,8,10,5,4,4,4,4,4
"""29-12-2011""",4,4,4,4,4,4,4,4,4,4,5,4,5,7,10,15,17,5,4,4,4,4,4,4
"""30-12-2011""",4,4,4,4,4,4,4,4,4,4,4,4,4,4,4,4,4,4,4,4,4,4,4,4
"""31-12-2011""",4,5,7,5,18,28,34,36,28,22,31,30,29,22,29,33,28,29,26,30,32,32,34,-9999
"""01-01-2012""",39,36,39,36,34,41,44,38,37,42,45,47,47,44,42,38,39,30,32,37,17,6,16,29
"""02-01-2012""",5,6,5,9,8,7,4,3,4,5,7,8,17,19,27,28,12,4,4,4,4,4,4,4
"""03-01-2012""",4,4,4,4,4,4,4,3,4,4,4,5,7,8,14,21,19,5,4,4,4,4,4,4
"""04-01-2012""",4,4,4,4,4,4,4,3,4,4,4,5,6,7,8,17,22,4,4,4,4,5,5,4
"""05-01-2012""",4,4,4,4,4,4,4,4,4,4,4,5,7,7,12,19,19,4,4,4,4,4,5,4
"""06-01-2012""",4,4,4,4,4,7,19,4,4,4,5,5,26,7,8,7,15,24,25,29,36,39,37,36
"""07-01-2012""",40,42,42,42,40,36,32,28,24,20,23,24,24,24,25,26,27,19,11,14,13,17,19,32
"""08-01-2012""",31,18,17,24,26,28,28,30,30,27,28,31,37,33,33,42,38,24,20,25,17,19,16,28
"""09-01-2012""",28,6,4,13,23,29,16,10,24,20,24,31,34,36,34,27,31,19,22,25,24,15,26,32
"""10-01-2012""",32,36,30,19,15,25,21,12,4,19,21,26,34,38,34,33,20,18,19,31,27,31,33,34
"""11-01-2012""",39,39,41,38,25,28,30,20,24,26,38,33,38,41,41,42,38,32,26,32,38,41,39,40
"""12-01-2012""",42,34,47,47,47,38,25,18,15,19,34,37,29,24,24,16,12,14,13,12,20,24,24,16
"""13-01-2012""",4,4,5,4,4,4,4,3,4,4,4,7,16,22,23,27,17,4,4,4,4,4,4,4
"""14-01-2012""",4,7,38,45,43,36,39,37,27,31,30,30,38,32,40,45,41,33,38,38,28,43,38,42
"""15-01-2012""",45,46,49,21,23,12,9,31,22,30,41,45,50,52,52,51,46,45,38,33,28,23,26,46
"""16-01-2012""",42,43,39,39,37,35,33,23,27,33,38,42,42,41,40,38,37,34,29,29,33,32,29,32
"""17-01-2012""",40,32,45,45,40,32,22,11,7,14,24,29,36,40,40,41,38,18,18,31,23,18,19,8
"""18-01-2012""",6,11,34,24,13,14,4,3,4,4,6,25,36,36,40,40,35,25,24,17,14,18,15,19
"""19-01-2012""",33,41,37,23,13,5,3,3,4,6,4,13,20,25,32,38,32,24,4,4,4,4,4,6
"""20-01-2012""",6,4,4,4,4,4,3,4,4,4,4,4,4,4,4,4,4,4,4,4,4,4,4,4
"""21-01-2012""",4,4,4,4,4,4,4,12,32,44,44,48,52,52,53,52,52,47,47,42,40,42,39,40
"""22-01-2012""",50,50,52,45,48,37,9,4,4,12,15,12,24,36,40,45,33,9,7,4,6,4,4,4
"""23-01-2012""",4,4,4,5,5,6,4,3,4,4,4,4,4,6,8,11,14,7,4,4,4,4,5,8
"""24-01-2012""",4,7,7,4,7,4,4,4,4,4,4,4,4,4,5,5,4,4,4,4,4,4,4,4
"""25-01-2012""",4,4,4,4,4,4,4,8,5,14,17,16,26,29,32,31,27,26,21,20,20,21,25,21
"""26-01-2012""",19,22,24,24,23,20,11,8,9,21,21,22,22,16,22,35,18,24,29,43,43,46,51,54
"""27-01-2012""",55,50,53,55,58,54,42,37,15,24,37,39,45,39,44,47,43,29,33,37,36,24,24,30
"""28-01-2012""",37,46,47,43,44,41,37,14,4,4,7,14,17,16,9,19,21,21,32,31,38,37,44,44
"""29-01-2012""",42,44,43,50,51,52,50,47,46,50,53,55,53,53,54,55,49,27,10,40,51,57,59,61
"""30-01-2012""",61,66,66,62,47,37,26,11,45,52,52,42,54,57,58,59,54,46,52,58,56,57,59,55
"""31-01-2012""",57,56,47,54,50,44,19,6,8,37,35,47,52,52,55,59,53,39,10,31,15,8,27,23
"""01-02-2012""",39,60,65,67,64,55,44,37,49,47,34,39,40,42,53,55,55,55,57,55,51,53,56,57
"""02-02-2012""",59,61,61,59,56,54,48,41,40,42,42,43,47,45,43,47,49,47,46,47,45,43,44,48
"""03-02-2012""",54,54,54,55,55,53,47,42,39,35,24,8,4,4,5,4,6,6,4,4,4,5,5,4
"""04-02-2012""",4,5,4,4,6,8,6,4,4,4,6,6,17,16,12,5,4,4,4,4,4,4,4,6
"""05-02-2012""",4,5,4,4,4,4,4,4,4,4,4,4,5,5,5,4,5,4,4,4,4,4,5,4
"""06-02-2012""",4,4,4,5,5,7,14,6,5,4,4,7,34,46,29,9,15,20,41,31,47,36,35,55
"""07-02-2012""",59,66,61,62,52,55,42,32,34,33,32,46,50,41,53,41,51,32,30,32,32,42,49,54
"""08-02-2012""",54,54,53,54,52,50,49,42,39,40,43,44,41,38,38,45,37,44,41,42,50,49,51,53
"""09-02-2012""",55,57,58,57,56,58,45,28,30,28,50,53,56,56,58,58,54,40,34,39,41,45,45,48
"""10-02-2012""",54,53,52,60,62,61,57,49,50,51,52,51,49,50,48,50,51,49,53,49,52,54,54,54
"""11-02-2012""",57,59,-9999,-9999,-9999,58,56,51,49,46,46,48,48,43,45,48,45,44,47,47,48,45,40,38
"""12-02-2012""",26,8,18,18,21,9,5,6,6,12,16,14,11,11,14,12,5,10,8,8,13,11,6,4
"""13-02-2012""",4,6,15,13,9,8,5,4,4,4,4,4,4,6,23,28,26,32,36,51,55,64,69,68
"""14-02-2012""",75,74,73,68,44,14,42,4,6,10,15,17,20,27,19,25,9,13,14,20,12,17,18,16
"""15-02-2012""",26,50,80,82,78,61,13,3,13,29,17,26,43,51,66,68,70,71,8,4,6,4,4,7
"""16-02-2012""",12,18,36,41,66,65,21,29,30,12,53,58,57,57,59,62,65,57,58,44,41,46,58,70
"""17-02-2012""",71,76,75,74,74,70,58,41,45,52,59,66,70,71,72,69,70,66,61,52,47,46,48,53
"""18-02-2012""",62,63,39,31,34,55,10,5,5,7,21,50,56,62,60,66,63,57,52,50,49,48,47,55
"""19-02-2012""",64,51,27,26,25,26,15,9,13,13,17,24,41,55,65,67,59,49,11,5,12,14,11,13
"""20-02-2012""",4,4,9,4,4,4,4,4,4,4,4,5,5,12,19,31,24,21,22,8,4,4,5,4
"""21-02-2012""",4,4,4,10,9,12,4,4,4,4,10,13,33,36,42,30,35,29,7,8,14,18,20,4
"""22-02-2012""",41,70,74,73,75,75,63,17,20,34,7,19,53,58,35,56,41,30,15,7,7,6,4,9
"""23-02-2012""",45,5,16,41,65,59,39,19,4,9,40,48,45,53,67,57,68,68,14,5,4,4,9,28
"""24-02-2012""",25,17,9,27,13,27,44,26,50,66,64,71,72,73,73,72,77,67,60,62,59,55,57,53
"""25-02-2012""",56,55,51,49,54,49,34,9,13,21,27,59,62,63,65,65,61,55,57,58,57,59,63,63
"""26-02-2012""",61,66,68,68,59,65,70,73,63,62,57,55,63,64,61,68,70,72,68,63,57,52,50,51
"""27-02-2012""",61,61,54,57,60,61,56,50,49,51,49,49,46,53,55,57,59,62,59,62,64,66,67,68
"""28-02-2012""",70,68,69,67,65,61,56,46,52,56,62,63,64,66,65,64,62,56,51,52,52,55,61,62
"""29-02-2012""",62,69,66,67,60,51,41,21,20,29,36,27,54,54,56,60,60,65,61,55,46,50,44,19
"""01-03-2012""",22,30,32,41,46,49,41,39,46,54,53,57,58,55,42,46,43,53,44,30,10,12,12,24
"""02-03-2012""",20,25,19,52,58,23,4,29,13,7,22,20,34,49,41,32,25,33,8,8,41,50,49,42
"""03-03-2012""",56,46,53,54,61,58,60,61,57,53,64,67,66,76,78,80,97,71,74,72,66,74,61,74
"""04-03-2012""",73,69,74,74,70,58,40,36,66,71,67,70,72,65,66,64,49,68,33,6,8,22,36,40
"""05-03-2012""",38,42,32,50,36,29,9,4,5,4,7,5,8,7,9,15,24,26,13,14,7,15,59,65
"""06-03-2012""",47,50,49,58,49,42,30,35,20,26,20,26,29,36,41,37,37,31,16,26,39,37,40,47
"""07-03-2012""",48,46,38,38,34,10,6,11,17,18,28,39,44,42,32,23,33,24,11,6,13,7,6,7
"""08-03-2012""",6,10,9,8,13,10,8,5,10,13,17,15,12,13,15,18,12,23,46,42,8,13,6,6
"""09-03-2012""",4,5,4,6,10,9,13,11,19,5,7,6,14,8,9,11,24,22,10,18,12,12,9,12
"""10-03-2012""",17,14,22,22,22,25,32,35,37,41,46,26,29,27,27,50,37,49,49,49,53,58,52,42
"""11-03-2012""",47,59,55,53,54,39,35,57,53,56,62,54,49,51,55,47,39,47,48,37,26,12,18,15
"""12-03-2012""",31,45,22,68,59,55,43,40,40,45,35,40,43,55,46,46,35,33,38,34,24,31,28,17
"""13-03-2012""",43,49,51,54,49,43,26,19,32,43,47,52,56,60,57,57,56,35,8,4,4,5,5,4
"""14-03-2012""",26,42,58,58,56,50,48,47,47,58,52,58,59,60,59,61,59,52,48,48,31,50,36,49
"""15-03-2012""",46,51,44,43,48,41,27,32,42,46,50,55,58,56,57,59,62,56,56,56,51,53,53,50
"""16-03-2012""",56,57,57,56,57,50,43,18,13,23,28,37,51,64,63,68,63,60,60,61,26,10,11,14
"""17-03-2012""",20,16,12,18,19,28,16,11,17,14,22,57,72,71,75,72,68,67,48,7,4,5,13,23
"""18-03-2012""",21,18,25,22,10,6,6,7,11,16,22,34,49,67,66,65,60,56,56,17,4,4,4,7
"""19-03-2012""",9,26,29,26,17,6,15,6,8,10,23,26,27,51,58,57,52,44,32,15,6,4,4,4
"""20-03-2012""",13,26,15,14,10,13,10,5,6,8,11,10,10,22,39,41,32,12,4,4,4,4,4,4
"""21-03-2012""",6,18,32,26,16,7,4,4,7,29,23,28,40,64,65,66,64,55,20,5,12,4,4,4
"""22-03-2012""",4,4,4,4,7,5,4,5,4,5,23,54,69,74,70,72,75,71,77,31,27,18,15,27
"""23-03-2012""",40,21,29,17,21,16,6,4,8,17,21,43,67,81,85,79,76,61,50,9,4,5,18,32
"""24-03-2012""",32,31,10,9,28,15,11,7,20,12,23,34,59,68,76,78,76,66,46,16,10,6,20,19
"""25-03-2012""",19,9,8,29,23,17,15,9,19,28,38,41,60,66,75,84,82,82,39,19,31,12,44,82
"""26-03-2012""",87,88,89,71,40,70,64,-9999,59,60,67,76,77,76,75,80,80,79,79,79,79,77,67,79
"""27-03-2012""",81,79,78,70,61,65,62,38,35,35,42,54,55,62,67,71,68,66,62,62,47,35,17,9
"""28-03-2012""",16,25,28,38,63,63,56,52,47,62,58,63,72,77,76,74,76,72,75,77,73,47,45,32
"""29-03-2012""",37,39,36,55,48,45,21,4,4,12,23,46,46,57,73,77,73,72,74,58,35,17,6,7
"""30-03-2012""",5,15,14,9,20,12,13,4,4,17,38,52,64,73,63,81,83,73,70,60,51,54,56,48
"""31-03-2012""",47,47,39,36,62,44,23,5,6,9,25,29,33,39,31,58,64,71,66,57,46,22,9,9
"""01-04-2012""",24,30,27,27,25,24,25,22,5,5,12,41,53,61,78,80,77,78,77,76,77,74,77,82
"""02-04-2012""",79,75,72,69,68,66,56,27,19,21,24,37,40,43,56,63,68,67,67,60,59,54,50,51
"""03-04-2012""",53,49,54,46,48,51,20,6,16,7,11,30,46,53,58,63,62,65,63,49,57,37,15,18
"""04-04-2012""",20,30,33,23,14,13,6,5,9,10,15,8,13,14,17,16,27,18,16,6,10,22,8,4
"""05-04-2012""",4,4,4,4,4,6,5,5,6,6,6,9,18,24,36,34,17,11,13,14,28,11,13,13
"""06-04-2012""",23,22,21,14,13,10,5,6,5,5,13,26,32,36,40,39,40,41,31,34,30,5,7,4
"""07-04-2012""",4,4,5,8,8,4,4,4,5,5,7,16,26,34,51,58,48,52,49,31,26,13,6,4
"""08-04-2012""",9,9,14,17,20,16,12,11,13,27,37,50,61,60,65,66,70,63,57,49,47,53,44,58
"""09-04-2012""",63,67,70,70,71,70,66,60,53,46,47,46,54,51,46,44,48,50,42,39,32,36,41,50
"""10-04-2012""",53,56,46,42,43,49,39,26,24,36,40,37,48,55,57,57,66,66,63,52,46,36,21,9
"""11-04-2012""",20,29,39,47,46,39,13,4,4,6,16,24,47,58,66,68,66,67,66,61,51,46,39,29
"""12-04-2012""",9,14,28,32,21,30,6,5,7,29,40,50,50,64,73,70,65,61,54,54,56,43,9,24
"""13-04-2012""",13,26,19,16,17,14,9,7,16,14,12,33,53,56,49,47,33,24,23,10,33,48,23,15
"""14-04-2012""",13,14,13,28,42,56,30,11,16,37,50,50,45,54,53,63,63,64,64,66,61,57,59,53
"""15-04-2012""",45,36,43,50,47,40,43,40,52,62,63,70,73,74,76,78,79,78,73,66,52,54,37,39
"""16-04-2012""",42,39,54,58,58,52,38,34,18,56,52,58,65,65,71,67,63,61,62,57,40,75,78,75
"""17-04-2012""",76,80,83,78,76,69,61,69,58,46,53,34,39,52,57,64,64,48,48,51,49,20,27,16
"""18-04-2012""",18,25,49,65,77,79,71,37,43,52,48,51,45,45,47,51,49,42,42,45,46,48,50,52
"""19-04-2012""",54,54,51,49,32,23,6,5,4,9,33,50,68,77,82,81,73,65,58,59,48,41,44,52
"""20-04-2012""",56,54,64,66,69,67,66,66,56,63,49,38,48,57,60,72,77,77,73,64,42,27,21,7
"""21-04-2012""",5,4,8,12,10,23,15,5,27,35,43,58,68,79,81,83,83,79,79,67,56,46,52,53
"""22-04-2012""",57,44,39,27,23,25,22,13,8,14,30,59,71,72,72,75,77,75,83,65,64,32,28,38
"""23-04-2012""",34,51,43,51,41,48,20,4,8,17,14,48,56,61,63,61,71,70,60,52,42,34,36,21
"""24-04-2012""",17,16,22,23,26,20,8,4,5,5,19,41,51,52,59,55,62,59,61,56,36,10,18,6
"""25-04-2012""",9,15,24,30,25,17,5,4,9,16,26,37,50,59,49,43,53,51,49,42,24,10,21,46
"""26-04-2012""",55,68,73,50,46,74,78,68,60,73,71,67,66,64,71,65,66,72,78,72,48,24,28,36
"""27-04-2012""",44,36,25,32,49,35,10,4,9,18,21,42,62,79,78,93,80,81,75,57,51,49,41,55
"""28-04-2012""",47,47,57,71,67,87,68,51,43,66,83,72,54,56,62,62,58,64,70,61,33,13,46,32
"""29-04-2012""",31,35,19,38,65,59,66,62,65,59,43,57,73,73,71,71,75,73,75,61,36,30,35,36
"""30-04-2012""",20,39,39,41,41,39,11,6,13,11,13,24,46,71,72,82,86,83,74,57,30,14,11,17
"""01-05-2012""",28,38,19,29,33,23,17,14,25,33,42,58,65,81,82,78,76,72,65,56,24,16,16,20
"""02-05-2012""",35,50,29,25,35,34,18,5,8,11,18,33,44,68,76,77,80,70,60,50,25,17,19,43
"""03-05-2012""",20,32,36,43,48,28,7,4,8,10,14,37,36,62,75,80,76,71,63,53,48,37,11,21
"""04-05-2012""",16,32,40,40,30,41,16,5,7,15,19,42,63,73,91,98,90,78,82,81,44,47,32,44
"""05-05-2012""",53,74,50,38,36,27,26,9,29,24,30,49,58,64,76,77,81,91,89,67,56,31,18,18
"""06-05-2012""",45,42,47,36,34,26,16,12,23,31,69,72,62,70,69,81,72,71,75,70,47,35,34,44
"""07-05-2012""",50,42,38,37,45,36,20,8,25,14,17,47,66,67,71,74,67,54,66,54,39,14,14,24
"""08-05-2012""",35,30,42,36,24,29,12,9,9,10,29,39,54,57,65,59,64,50,43,50,39,26,31,34
"""09-05-2012""",44,55,71,54,47,53,34,38,52,50,-9999,-9999,-9999,-9999,-9999,-9999,-9999,-9999,-9999,-9999,-9999,-9999,-9999,-9999
"""10-05-2012""",-9999,-9999,-9999,-9999,-9999,-9999,-9999,-9999,-9999,-9999,-9999,-9999,-9999,-9999,-9999,-9999,-9999,-9999,-9999,-9999,-9999,-9999,-9999,-9999
"""11-05-2012""",-9999,-9999,-9999,-9999,-9999,-9999,-9999,-9999,-9999,-9999,-9999,-9999,-9999,-9999,-9999,-9999,-9999,-9999,-9999,-9999,-9999,-9999,-9999,-9999
"""12-05-2012""",-9999,-9999,-9999,-9999,-9999,-9999,-9999,-9999,-9999,-9999,-9999,-9999,-9999,-9999,-9999,-9999,-9999,-9999,-9999,-9999,-9999,-9999,-9999,-9999
"""13-05-2012""",-9999,-9999,-9999,-9999,-9999,-9999,-9999,-9999,-9999,-9999,-9999,-9999,-9999,-9999,-9999,-9999,-9999,-9999,-9999,-9999,-9999,-9999,-9999,-9999
"""14-05-2012""",-9999,-9999,-9999,-9999,-9999,-9999,-9999,-9999,-9999,-9999,-9999,-9999,-9999,-9999,-9999,-9999,-9999,-9999,-9999,-9999,-9999,-9999,-9999,-9999
"""15-05-2012""",-9999,-9999,-9999,-9999,-9999,-9999,-9999,-9999,-9999,-9999,-9999,-9999,-9999,-9999,-9999,-9999,-9999,-9999,-9999,-9999,-9999,-9999,-9999,-9999
"""16-05-2012""",-9999,-9999,-9999,-9999,-9999,-9999,-9999,-9999,-9999,-9999,-9999,-9999,-9999,-9999,-9999,-9999,-9999,-9999,-9999,-9999,-9999,-9999,-9999,-9999
"""17-05-2012""",-9999,-9999,-9999,-9999,-9999,-9999,-9999,-9999,-9999,-9999,-9999,-9999,-9999,-9999,-9999,-9999,-9999,-9999,-9999,-9999,-9999,-9999,-9999,-9999
"""18-05-2012""",-9999,-9999,-9999,-9999,-9999,-9999,-9999,-9999,-9999,-9999,-9999,-9999,-9999,-9999,-9999,-9999,-9999,-9999,-9999,-9999,-9999,-9999,-9999,-9999
"""19-05-2012""",-9999,-9999,-9999,-9999,-9999,-9999,-9999,-9999,-9999,-9999,-9999,-9999,-9999,-9999,-9999,-9999,-9999,-9999,-9999,-9999,-9999,-9999,-9999,-9999
"""20-05-2012""",-9999,-9999,-9999,-9999,-9999,-9999,-9999,-9999,-9999,-9999,-9999,-9999,-9999,-9999,-9999,-9999,-9999,-9999,-9999,-9999,-9999,-9999,-9999,-9999
"""21-05-2012""",-9999,-9999,-9999,-9999,-9999,-9999,-9999,-9999,-9999,-9999,-9999,-9999,-9999,-9999,-9999,-9999,-9999,-9999,-9999,-9999,-9999,-9999,-9999,-9999
"""22-05-2012""",-9999,-9999,-9999,-9999,-9999,-9999,-9999,-9999,-9999,-9999,-9999,-9999,-9999,-9999,-9999,-9999,-9999,-9999,-9999,-9999,-9999,-9999,-9999,-9999
"""23-05-2012""",-9999,-9999,-9999,-9999,-9999,-9999,-9999,-9999,-9999,-9999,-9999,-9999,-9999,-9999,-9999,-9999,-9999,-9999,-9999,-9999,-9999,-9999,-9999,-9999
"""24-05-2012""",-9999,-9999,-9999,-9999,-9999,-9999,-9999,-9999,-9999,-9999,-9999,-9999,-9999,-9999,-9999,-9999,-9999,-9999,-9999,-9999,-9999,-9999,-9999,-9999
"""25-05-2012""",-9999,-9999,-9999,-9999,-9999,-9999,-9999,-9999,-9999,-9999,-9999,-9999,-9999,-9999,-9999,-9999,-9999,-9999,-9999,-9999,-9999,-9999,-9999,-9999
"""26-05-2012""",-9999,-9999,-9999,-9999,-9999,-9999,-9999,-9999,-9999,-9999,-9999,-9999,-9999,-9999,-9999,-9999,-9999,-9999,-9999,-9999,-9999,-9999,-9999,-9999
"""27-05-2012""",-9999,-9999,-9999,-9999,-9999,-9999,-9999,-9999,-9999,-9999,-9999,-9999,-9999,-9999,-9999,-9999,-9999,-9999,-9999,-9999,-9999,-9999,-9999,-9999
"""28-05-2012""",-9999,-9999,-9999,-9999,-9999,-9999,-9999,-9999,-9999,-9999,-9999,-9999,-9999,-9999,-9999,-9999,-9999,-9999,-9999,-9999,-9999,-9999,-9999,-9999
"""29-05-2012""",-9999,-9999,-9999,-9999,-9999,-9999,-9999,-9999,-9999,-9999,-9999,-9999,-9999,-9999,-9999,-9999,-9999,-9999,-9999,-9999,-9999,-9999,-9999,-9999
"""30-05-2012""",-9999,-9999,-9999,-9999,-9999,-9999,-9999,-9999,-9999,-9999,-9999,-9999,-9999,-9999,-9999,-9999,-9999,-9999,-9999,-9999,-9999,-9999,-9999,-9999
"""31-05-2012""",-9999,-9999,-9999,-9999,-9999,-9999,-9999,-9999,-9999,-9999,-9999,-9999,-9999,-9999,-9999,-9999,-9999,-9999,-9999,-9999,-9999,-9999,-9999,-9999
"""01-06-2012""",-9999,-9999,-9999,-9999,-9999,-9999,-9999,-9999,-9999,-9999,-9999,-9999,-9999,-9999,-9999,-9999,-9999,-9999,-9999,-9999,-9999,-9999,-9999,-9999
"""02-06-2012""",-9999,-9999,-9999,-9999,-9999,-9999,-9999,-9999,-9999,-9999,-9999,-9999,-9999,-9999,-9999,-9999,-9999,-9999,-9999,-9999,-9999,-9999,-9999,-9999
"""03-06-2012""",-9999,-9999,-9999,-9999,-9999,-9999,-9999,-9999,-9999,-9999,-9999,-9999,-9999,-9999,-9999,-9999,-9999,-9999,-9999,-9999,-9999,-9999,-9999,-9999
"""04-06-2012""",-9999,-9999,-9999,-9999,-9999,-9999,-9999,-9999,-9999,-9999,-9999,-9999,-9999,-9999,-9999,-9999,-9999,-9999,-9999,-9999,-9999,-9999,-9999,-9999
"""05-06-2012""",-9999,-9999,-9999,-9999,-9999,-9999,-9999,-9999,-9999,-9999,-9999,-9999,-9999,-9999,-9999,-9999,-9999,-9999,-9999,-9999,-9999,-9999,-9999,-9999
"""06-06-2012""",-9999,-9999,-9999,-9999,-9999,-9999,-9999,-9999,-9999,-9999,-9999,-9999,-9999,-9999,-9999,-9999,-9999,-9999,-9999,-9999,-9999,-9999,-9999,-9999
"""07-06-2012""",-9999,-9999,-9999,-9999,-9999,-9999,-9999,-9999,-9999,-9999,-9999,-9999,-9999,-9999,-9999,-9999,-9999,-9999,-9999,-9999,-9999,-9999,-9999,-9999
"""08-06-2012""",53,60,49,49,43,23,24,63,65,81,109,134,155,152,148,146,140,131,125,126,124,50,16,30
"""09-06-2012""",37,54,47,36,64,63,30,35,58,79,124,135,142,149,162,152,146,141,137,134,123,76,58,32
"""10-06-2012""",38,57,67,53,30,33,29,47,74,92,111,141,155,153,148,138,144,144,132,115,110,99,60,51
"""11-06-2012""",92,80,59,60,58,46,32,24,56,99,126,139,146,134,131,130,133,125,130,129,123,98,76,76
"""12-06-2012""",72,85,90,77,65,50,22,49,60,72,97,142,162,168,151,164,148,157,154,145,129,64,52,57
"""13-06-2012""",63,71,63,80,84,63,28,36,67,87,116,130,147,151,143,130,129,122,112,106,96,27,21,31
"""14-06-2012""",73,112,117,133,137,124,108,101,104,114,114,117,123,133,136,144,143,144,142,134,106,95,120,132
"""15-06-2012""",127,124,119,111,112,103,84,57,56,80,115,143,143,138,148,174,174,173,164,145,121,101,63,46
"""16-06-2012""",30,43,47,48,79,90,84,87,117,126,138,149,158,151,148,154,155,153,156,151,141,141,116,120
"""17-06-2012""",133,135,135,134,129,126,107,119,129,136,145,141,152,155,153,157,156,163,161,156,152,118,100,84
"""18-06-2012""",107,123,128,124,129,118,75,66,83,83,132,156,171,174,173,183,185,195,197,179,164,94,103,141
"""19-06-2012""",132,140,131,126,115,86,38,35,98,114,106,152,158,165,168,141,137,153,177,175,149,68,44,57
"""20-06-2012""",74,56,114,129,129,101,86,86,122,126,146,147,156,157,159,170,180,179,173,159,140,78,83,131
"""21-06-2012""",139,129,104,104,108,116,87,-9999,112,132,137,134,141,152,144,167,161,142,137,124,115,32,34,69
"""22-06-2012""",49,81,74,63,69,67,22,42,65,91,111,150,166,169,191,193,163,155,147,132,125,96,75,76
"""23-06-2012""",80,106,120,122,104,79,31,31,67,138,156,158,164,172,172,174,180,179,170,160,146,137,88,85
"""24-06-2012""",110,88,95,93,65,63,61,51,81,123,145,192,186,170,161,166,168,149,131,113,89,77,84,88
"""25-06-2012""",77,106,127,91,60,44,22,27,36,51,84,121,147,147,140,147,148,146,141,140,133,126,107,45
"""26-06-2012""",37,45,54,52,55,46,20,36,42,82,123,128,128,138,139,140,141,136,123,106,104,110,119,118
"""27-06-2012""",121,116,115,117,119,117,109,99,113,120,126,135,136,141,139,137,139,138,141,137,131,115,110,125
"""28-06-2012""",126,123,103,109,125,122,101,81,91,103,131,156,151,139,149,155,147,148,143,131,119,117,128,105
"""29-06-2012""",105,93,108,85,68,60,20,43,94,70,88,112,169,177,173,165,161,159,154,145,127,127,96,47
"""30-06-2012""",39,54,54,52,72,57,37,42,62,80,121,150,158,154,151,155,153,149,148,150,143,140,109,86
"""01-07-2012""",96,93,100,109,120,135,105,77,115,128,150,148,146,144,149,153,153,141,142,140,129,103,109,102
"""02-07-2012""",107,107,133,119,140,133,100,87,109,134,143,148,163,154,155,158,157,148,146,142,141,127,118,101
"""03-07-2012""",91,97,108,122,123,99,89,98,107,121,138,147,132,139,143,158,170,151,150,141,136,134,109,105
"""04-07-2012""",78,100,119,121,123,102,42,26,56,92,107,131,155,151,151,153,158,153,151,145,139,92,58,63
"""05-07-2012""",96,87,80,81,78,64,41,26,56,83,83,134,161,168,166,170,154,160,148,129,93,32,15,19
"""06-07-2012""",20,16,46,32,61,37,17,38,47,93,112,152,166,170,172,171,157,152,147,141,137,138,131,137
"""07-07-2012""",111,96,93,85,88,66,40,58,70,82,122,166,161,163,163,165,158,155,153,152,146,107,70,84
"""08-07-2012""",65,47,70,84,79,67,63,58,85,102,145,167,169,177,179,164,163,156,164,162,145,133,121,106
"""09-07-2012""",110,136,105,60,68,64,42,32,65,94,146,168,187,176,181,162,165,165,161,161,145,139,134,101
"""10-07-2012""",84,106,79,89,105,94,55,36,44,70,124,156,157,163,162,141,159,127,134,134,156,152,122,111
"""11-07-2012""",135,155,160,144,130,110,75,105,121,128,142,162,178,174,171,174,174,176,175,190,186,155,84,99
"""12-07-2012""",95,69,64,73,105,85,38,35,73,101,132,168,178,185,180,181,187,178,173,162,152,91,125,93
"""13-07-2012""",127,135,148,152,146,132,117,119,123,139,154,183,184,175,174,178,165,154,149,154,151,128,71,90
"""14-07-2012""",108,117,105,73,67,46,44,68,87,125,161,197,182,164,154,159,163,148,136,157,145,128,114,57
"""15-07-2012""",64,73,85,76,50,52,37,63,89,106,143,175,166,179,177,174,171,156,151,148,140,133,65,66
"""16-07-2012""",69,90,91,88,82,63,32,37,54,80,116,141,158,172,181,191,213,184,176,150,145,139,134,132
"""17-07-2012""",123,117,116,113,111,108,101,97,91,92,103,105,117,126,133,142,141,117,129,149,151,136,58,51
"""18-07-2012""",62,87,121,130,128,122,114,119,115,121,128,138,151,148,141,141,146,146,152,149,138,123,94,51
"""19-07-2012""",25,49,77,99,139,100,45,44,62,113,121,136,156,161,163,150,171,156,164,161,147,144,118,92
"""20-07-2012""",107,127,140,112,62,54,30,54,66,98,138,140,147,151,154,149,170,174,168,155,129,106,69,109
"""21-07-2012""",110,106,92,101,86,63,50,50,85,116,178,214,212,177,177,171,175,169,161,130,112,47,34,58
"""22-07-2012""",49,67,93,98,100,68,49,46,60,80,118,154,150,133,122,109,106,114,116,107,97,77,40,75
"""23-07-2012""",80,64,65,67,116,136,115,80,114,132,137,140,144,148,148,165,168,152,150,147,150,126,75,93
"""24-07-2012""",116,129,128,128,118,117,62,67,81,110,126,140,161,167,150,145,135,140,137,133,122,122,111,77
"""25-07-2012""",86,109,82,120,75,52,22,34,78,111,135,134,136,150,140,128,123,124,113,102,97,96,74,59
"""26-07-2012""",30,58,66,56,98,86,93,90,94,125,138,155,165,152,139,148,149,153,174,117,99,82,65,106
"""27-07-2012""",120,105,124,123,99,103,111,107,100,104,119,129,147,140,152,157,157,162,157,149,141,127,126,100
"""28-07-2012""",95,86,73,119,131,128,121,125,134,138,146,159,168,168,162,161,158,147,147,160,156,124,108,88
"""29-07-2012""",106,73,66,79,133,98,80,64,97,129,157,173,167,174,186,184,179,173,167,166,159,144,145,126
"""30-07-2012""",121,128,115,108,103,99,53,29,59,88,114,164,176,163,152,157,160,177,179,178,140,128,106,87
"""31-07-2012""",95,96,105,131,136,125,121,114,125,143,153,162,176,175,173,165,162,148,180,175,150,140,138,126
"""01-08-2012""",111,118,130,137,142,136,90,48,62,101,121,141,174,208,144,141,153,152,161,134,112,106,104,91
"""02-08-2012""",92,92,108,119,103,77,43,18,47,101,116,144,144,162,161,173,174,182,170,141,129,116,50,60
"""03-08-2012""",58,53,49,62,65,33,11,12,80,117,148,161,175,191,180,174,179,181,182,176,157,117,97,83
"""04-08-2012""",118,113,112,116,71,68,67,55,61,67,84,158,190,184,181,177,174,189,186,176,158,143,139,133
"""05-08-2012""",108,118,145,129,125,98,81,54,77,78,119,152,147,166,185,188,184,184,182,167,155,139,138,143
"""06-08-2012""",150,127,96,104,80,63,36,23,21,40,67,112,177,182,180,178,164,161,158,145,140,73,57,51
"""07-08-2012""",63,97,117,101,79,50,22,32,34,75,84,139,159,175,179,168,174,173,173,181,178,138,68,73
"""08-08-2012""",112,124,107,74,61,40,57,105,105,119,138,142,150,159,147,141,131,125,143,149,144,93,54,52
"""09-08-2012""",31,31,44,61,73,95,48,33,52,61,87,99,128,150,182,198,198,153,152,139,132,132,138,123
"""10-08-2012""",128,129,156,141,136,146,117,107,122,122,141,142,152,156,184,181,174,179,185,151,154,147,137,142
"""11-08-2012""",152,143,115,125,138,130,78,86,115,124,130,133,148,163,164,159,165,155,173,160,138,140,140,134
"""12-08-2012""",144,137,143,117,117,127,120,113,119,133,134,136,141,145,147,148,151,151,149,144,112,81,77,63
"""13-08-2012""",62,78,89,105,103,90,67,70,105,112,131,146,158,167,163,168,172,168,166,168,149,137,117,121
"""14-08-2012""",128,125,123,118,102,103,54,29,63,117,131,150,175,168,168,174,152,151,149,146,145,111,128,119
"""15-08-2012""",127,125,133,136,113,98,104,88,123,128,149,162,164,168,169,170,176,179,183,176,156,106,117,108
"""16-08-2012""",111,97,125,109,71,55,27,17,38,59,80,149,169,182,171,179,183,173,167,152,133,125,74,125
"""17-08-2012""",117,89,79,83,109,110,56,39,119,107,141,149,160,149,152,171,173,166,162,166,162,170,123,102
"""18-08-2012""",106,114,111,144,158,124,94,87,122,103,130,164,166,158,164,165,162,159,157,141,132,131,124,88
"""19-08-2012""",88,97,106,117,115,107,93,73,81,87,112,128,134,139,138,147,143,141,141,136,126,128,98,82
"""20-08-2012""",72,64,66,102,112,81,61,48,43,82,121,127,129,130,136,141,146,148,146,134,131,90,89,80
"""21-08-2012""",84,92,103,111,100,71,42,23,49,77,114,134,151,160,167,166,163,167,167,156,82,37,19,49
"""22-08-2012""",82,107,86,59,64,50,32,13,34,36,56,92,139,141,133,142,139,147,149,130,79,39,30,51
"""23-08-2012""",63,62,64,82,51,42,26,14,37,43,76,116,165,165,163,166,164,142,122,94,51,24,41,49
"""24-08-2012""",16,14,40,54,68,42,20,15,34,55,69,90,148,168,141,145,137,140,143,136,108,17,30,21
"""25-08-2012""",39,86,67,67,57,45,28,24,38,47,95,114,141,151,167,171,185,160,142,130,63,41,32,31
"""26-08-2012""",45,83,49,44,62,76,46,43,57,91,116,124,157,166,162,158,154,147,137,125,83,36,39,56
"""27-08-2012""",24,34,47,73,91,64,22,43,114,110,122,127,139,144,148,149,143,129,118,110,102,107,109,108
"""28-08-2012""",107,108,115,118,118,116,110,106,106,113,119,123,129,131,138,141,139,135,131,130,119,106,82,53
"""29-08-2012""",80,53,63,91,106,93,42,25,27,74,85,133,144,147,147,148,152,149,148,134,132,119,100,85
"""30-08-2012""",96,103,115,125,130,88,36,11,35,50,78,121,136,142,140,143,146,146,143,132,129,126,109,88
"""31-08-2012""",66,46,48,68,111,62,21,20,34,82,126,140,143,156,152,150,147,138,139,136,130,96,36,46
"""01-09-2012""",58,62,87,105,110,83,38,18,33,67,119,136,132,135,135,134,139,135,125,113,121,74,69,60
"""02-09-2012""",85,108,97,107,106,91,64,67,83,102,112,125,122,128,127,135,149,145,140,123,107,90,50,60
"""03-09-2012""",90,97,98,104,79,35,15,15,26,49,97,119,124,127,128,136,140,135,127,114,105,111,88,62
"""04-09-2012""",66,77,78,86,94,62,28,9,21,43,101,128,129,128,137,131,127,121,126,114,113,106,80,44
"""05-09-2012""",48,51,52,77,51,32,11,10,24,63,122,129,136,142,150,129,135,123,120,111,104,104,65,44
"""06-09-2012""",72,85,75,53,45,29,10,9,33,42,77,117,137,135,129,130,134,133,125,107,104,109,103,107
"""07-09-2012""",116,122,114,110,131,127,127,109,106,103,109,143,155,167,182,192,186,180,174,163,152,85,33,43
"""08-09-2012""",59,86,93,102,93,106,96,90,104,115,124,129,147,153,157,160,152,157,162,153,145,100,71,82
"""09-09-2012""",77,86,101,111,113,105,57,41,55,70,95,139,155,163,165,162,162,161,152,153,110,39,29,77
"""10-09-2012""",78,45,71,110,118,93,40,18,27,44,80,114,130,137,146,142,132,123,117,112,117,98,55,64
"""11-09-2012""",78,66,68,95,96,93,75,70,72,84,88,98,111,112,115,120,120,116,114,105,108,81,91,92
"""12-09-2012""",105,103,95,104,113,93,50,27,38,79,98,104,107,102,106,113,113,110,97,94,88,89,83,55
"""13-09-2012""",61,53,72,72,84,84,76,56,59,83,115,125,130,125,127,128,126,126,124,132,123,100,47,98
"""14-09-2012""",102,119,131,126,96,109,121,50,39,84,107,128,127,117,111,83,66,54,76,58,21,6,6,35
"""15-09-2012""",36,48,84,77,103,77,97,105,85,90,87,84,90,100,110,105,108,105,86,44,51,78,96,90
"""16-09-2012""",79,63,59,60,63,90,103,88,90,97,70,73,92,73,89,115,113,95,86,73,74,89,87,85
"""17-09-2012""",83,82,91,114,121,102,103,81,65,74,84,95,92,94,104,109,101,58,42,74,65,15,8,27
"""18-09-2012""",28,41,57,38,27,63,21,6,8,19,29,45,81,-9999,-9999,67,74,79,77,38,30,17,17,30
"""19-09-2012""",37,41,49,58,55,31,8,4,6,32,35,56,84,93,86,88,85,83,77,72,73,48,30,31
"""20-09-2012""",47,43,41,43,45,34,30,20,16,30,39,59,83,92,82,71,77,71,61,16,4,23,42,43
"""21-09-2012""",50,59,59,61,61,63,61,57,61,62,64,66,66,68,69,73,73,72,74,68,62,52,54,69
"""22-09-2012""",70,75,73,73,70,71,68,65,43,57,55,78,74,82,84,96,104,110,103,67,25,43,44,59
"""23-09-2012""",73,40,52,71,68,57,29,21,23,34,36,44,84,104,110,110,119,116,111,86,24,18,30,53
"""24-09-2012""",55,62,74,80,70,55,22,5,10,25,27,51,78,103,105,101,102,95,80,82,42,14,29,31
"""25-09-2012""",31,49,61,58,40,26,16,5,6,21,41,43,71,82,87,108,102,99,86,53,10,8,26,44
"""26-09-2012""",51,52,62,54,49,35,11,5,7,13,37,75,82,86,91,90,87,84,91,54,28,29,56,32
"""27-09-2012""",41,60,50,27,24,7,4,11,6,12,26,42,78,94,99,102,99,99,81,55,7,5,13,45
"""28-09-2012""",33,16,35,30,36,41,7,4,6,15,24,34,57,102,116,124,116,93,107,53,6,14,25,55
"""29-09-2012""",64,49,33,47,43,51,19,5,10,25,43,59,100,124,131,137,124,104,88,24,16,32,27,45
"""30-09-2012""",26,28,39,44,31,29,19,16,19,29,39,69,96,114,126,148,130,107,87,52,14,20,37,20
"""01-10-2012""",61,43,43,47,60,48,27,5,9,14,21,46,69,88,105,115,114,101,81,33,16,17,25,35
"""02-10-2012""",45,63,68,62,41,55,22,4,8,26,24,54,90,97,91,85,81,80,76,79,55,18,18,46
"""03-10-2012""",57,41,61,65,36,13,16,13,14,14,27,58,74,90,89,93,91,84,90,67,30,68,61,72
"""04-10-2012""",76,76,74,74,70,71,62,57,53,61,67,75,80,83,86,86,87,83,72,75,39,42,49,47
"""05-10-2012""",48,51,50,62,74,54,29,7,7,15,24,51,70,88,99,105,103,88,88,45,30,21,19,42
"""06-10-2012""",53,68,68,53,36,22,11,8,16,30,39,67,100,108,114,114,105,99,93,81,21,30,35,36
"""07-10-2012""",53,66,66,57,45,60,48,35,15,50,56,78,98,111,118,117,107,95,92,69,30,25,25,34
"""08-10-2012""",37,65,57,51,63,59,53,72,68,64,66,74,79,77,74,74,74,68,55,51,49,62,70,64
"""09-10-2012""",65,67,68,68,63,70,43,53,49,26,43,51,45,48,53,58,62,67,62,45,37,52,54,49
"""10-10-2012""",56,61,57,41,46,28,12,4,9,13,10,42,65,62,74,72,69,65,68,73,60,63,58,47
"""11-10-2012""",52,57,48,51,45,38,16,4,5,13,23,46,78,86,95,103,117,101,86,84,43,26,55,63
"""12-10-2012""",61,73,80,78,71,73,28,5,6,10,27,24,42,65,89,92,95,94,84,65,26,15,16,32
"""13-10-2012""",22,15,48,60,62,48,25,10,12,28,53,76,90,93,93,97,85,92,74,37,20,10,30,30
"""14-10-2012""",13,42,29,31,33,38,19,13,12,22,41,55,77,83,82,71,66,60,56,47,24,16,17,8
"""15-10-2012""",24,24,31,48,45,30,3,3,4,12,24,27,28,28,21,23,39,41,24,9,3,5,11,25
"""16-10-2012""",20,18,40,30,26,13,6,3,4,7,6,12,15,24,27,37,38,39,25,37,32,11,18,17
"""17-10-2012""",13,5,9,10,13,9,5,3,4,6,10,14,30,37,51,61,59,43,67,53,71,75,80,71
"""18-10-2012""",26,27,23,41,32,24,10,5,8,25,33,64,95,102,107,106,118,115,94,21,11,9,6,36
"""19-10-2012""",46,47,54,41,29,26,12,5,6,10,25,52,79,101,112,114,121,116,106,30,15,23,25,50
"""20-10-2012""",57,68,82,88,59,39,28,7,8,28,35,48,72,114,135,162,158,139,109,96,56,19,9,15
"""21-10-2012""",34,64,60,102,105,105,74,57,61,60,88,106,111,116,121,129,132,136,107,32,12,35,55,64
"""22-10-2012""",67,86,93,88,72,49,19,9,8,9,13,26,82,85,98,99,105,130,124,94,47,33,52,47
"""23-10-2012""",64,85,81,60,67,83,74,40,20,42,56,70,71,80,93,99,103,105,95,31,13,7,23,42
"""24-10-2012""",44,49,62,67,64,44,39,20,10,18,33,46,75,100,110,118,113,103,86,50,53,56,56,59
"""25-10-2012""",79,94,93,91,64,37,16,5,7,9,17,31,69,98,105,118,106,95,83,56,36,48,54,54
"""26-10-2012""",67,74,80,66,38,25,13,6,7,14,24,34,60,99,112,124,127,130,70,20,23,33,25,42
"""27-10-2012""",65,62,61,39,65,62,54,11,8,12,24,18,15,26,48,50,59,36,14,49,13,16,7,10
"""28-10-2012""",6,5,5,6,6,8,8,5,32,53,66,65,69,40,35,27,21,10,7,10,6,13,22,20
"""29-10-2012""",8,6,7,5,10,54,69,67,57,61,64,69,71,72,79,80,69,48,36,43,53,50,57,64
"""30-10-2012""",68,70,56,65,81,81,60,42,43,64,76,80,80,93,88,97,88,33,7,17,25,13,16,14
"""31-10-2012""",6,21,38,21,13,12,6,8,13,16,28,32,50,70,78,82,72,47,17,16,27,84,79,36
"""01-11-2012""",46,53,63,74,66,54,39,61,34,76,86,90,91,78,71,35,69,77,30,12,7,8,6,5
"""02-11-2012""",5,5,5,5,5,7,6,6,7,11,19,24,30,48,65,68,73,27,5,6,6,5,7,12
"""03-11-2012""",12,5,8,11,7,14,11,8,18,19,37,60,76,86,97,100,72,28,17,21,10,12,18,20
"""04-11-2012""",24,33,35,12,7,7,9,6,7,19,27,36,74,85,89,90,89,43,6,9,17,27,23,23
"""05-11-2012""",33,10,27,27,36,22,8,5,6,10,42,80,100,82,88,89,87,45,6,6,9,17,8,9
"""06-11-2012""",12,9,15,21,22,16,6,5,11,17,53,74,125,113,121,71,48,19,20,16,8,5,12,5
"""07-11-2012""",4,6,10,14,21,22,14,5,7,12,31,34,60,53,65,64,36,52,55,28,42,49,52,51
"""08-11-2012""",43,62,62,65,66,68,65,63,56,64,67,72,68,72,67,62,55,40,35,40,55,48,48,18
"""09-11-2012""",23,32,45,43,30,22,10,6,9,17,27,30,47,62,55,61,50,34,33,32,35,52,55,57
"""10-11-2012""",67,71,73,73,74,71,67,66,58,59,73,78,86,91,85,82,70,49,40,10,13,18,12,11
"""11-11-2012""",12,17,16,25,12,23,20,15,13,21,34,48,58,75,89,90,86,21,26,14,15,22,12,9
"""12-11-2012""",20,18,18,27,19,15,6,6,8,11,13,26,51,74,85,81,57,8,10,7,6,6,6,14
"""13-11-2012""",24,22,31,16,18,10,5,5,8,14,24,43,69,61,67,76,47,8,8,9,9,8,7,6
"""14-11-2012""",16,29,11,5,15,30,24,7,9,11,19,20,17,25,47,41,55,70,34,11,6,6,6,6
"""15-11-2012""",37,45,47,50,46,45,35,22,21,33,55,61,68,63,57,59,54,65,55,39,41,45,55,61
"""16-11-2012""",65,60,74,73,75,74,72,67,66,70,69,71,69,69,69,66,58,54,41,56,33,57,59,37
"""17-11-2012""",24,59,78,79,78,73,61,62,65,75,76,75,66,71,74,74,63,29,20,27,41,62,33,24
"""18-11-2012""",29,44,70,66,47,46,41,23,33,46,69,67,78,79,78,71,54,40,17,10,9,16,14,23
"""19-11-2012""",46,39,16,15,31,37,24,5,6,8,9,26,46,55,44,42,25,10,7,7,7,6,5,5
"""20-11-2012""",5,5,28,45,67,70,68,63,67,72,75,-9999,-9999,-9999,58,59,61,61,26,21,15,31,58,64
"""21-11-2012""",66,66,68,69,70,70,68,66,65,63,49,44,40,35,47,53,39,21,16,18,18,18,23,30
"""22-11-2012""",12,4,9,12,24,20,12,2,3,3,5,15,25,47,50,55,50,13,3,4,3,5,4,3
"""23-11-2012""",2,7,26,32,19,7,2,2,2,15,31,36,45,53,53,51,38,32,15,25,19,20,10,6
"""24-11-2012""",22,10,18,38,34,31,18,19,23,7,16,28,35,46,49,49,51,9,24,31,32,28,28,19
"""25-11-2012""",14,17,40,25,20,19,18,9,15,31,48,48,52,60,56,56,50,32,18,5,5,3,3,9
"""26-11-2012""",6,5,3,7,7,5,2,2,3,4,6,12,16,36,47,54,47,22,3,3,5,4,2,2
"""27-11-2012""",2,2,3,5,2,1,1,2,2,2,3,7,28,46,52,53,59,39,24,23,12,6,28,45
"""28-11-2012""",37,29,22,21,19,10,2,2,2,4,4,7,7,14,25,30,15,7,2,3,2,2,3,3
"""29-11-2012""",22,53,47,57,71,71,70,68,66,59,62,45,8,30,59,61,63,62,61,48,36,39,50,39
"""30-11-2012""",45,48,61,63,71,67,57,45,51,66,73,75,75,77,81,79,67,36,52,52,58,59,59,63
"""01-12-2012""",80,72,43,42,30,30,26,17,6,5,15,15,39,57,63,63,57,12,6,12,6,14,10,22
"""02-12-2012""",18,33,42,46,28,9,23,14,5,5,7,5,3,3,31,30,12,29,33,33,40,34,22,18
"""03-12-2012""",26,33,41,36,34,32,18,6,5,8,27,70,67,68,68,50,39,15,18,27,36,38,42,45
"""04-12-2012""",47,50,48,52,53,50,47,43,40,45,46,49,52,55,56,55,44,21,41,8,4,10,7,10
"""05-12-2012""",49,57,22,19,25,12,5,3,2,2,2,3,3,3,4,4,3,2,3,2,3,3,16,34
"""06-12-2012""",35,49,51,51,50,49,44,32,15,26,44,56,60,57,53,52,43,30,20,12,13,31,41,43
"""07-12-2012""",48,52,55,53,49,49,47,42,41,44,46,50,54,55,55,54,48,35,42,19,4,3,2,3
"""08-12-2012""",2,3,3,2,3,3,2,2,1,2,5,5,3,4,4,2,1,1,2,2,2,2,1,2
"""09-12-2012""",17,29,29,15,35,32,25,15,7,11,34,39,35,32,25,22,32,28,35,38,43,45,47,51
"""10-12-2012""",51,52,56,58,58,59,56,53,50,52,51,57,64,65,69,68,62,42,50,53,57,57,47,18
"""11-12-2012""",6,6,8,8,11,18,18,4,2,1,2,2,3,4,12,9,4,1,1,2,2,26,46,56
"""12-12-2012""",56,57,60,64,67,62,54,41,34,36,44,45,46,52,51,50,44,43,48,39,41,49,52,57
"""13-12-2012""",59,63,64,65,66,61,57,37,28,43,44,47,56,62,64,58,55,48,37,14,3,2,2,3
"""14-12-2012""",9,7,12,10,5,4,2,2,2,3,7,19,21,16,15,10,4,2,1,1,1,2,1,2
"""15-12-2012""",2,2,2,2,2,2,1,1,1,1,2,4,7,10,7,4,2,1,3,2,2,3,3,3
"""16-12-2012""",2,3,3,2,2,2,2,1,1,1,1,3,4,2,3,5,2,2,2,2,2,1,2,1
"""17-12-2012""",2,2,2,2,2,3,2,2,1,1,6,23,20,24,26,25,9,1,1,5,2,2,2,2
"""18-12-2012""",2,15,38,48,55,57,53,46,43,42,45,50,55,57,59,60,54,56,57,49,49,42,32,26
"""19-12-2012""",35,41,42,49,48,43,35,24,20,25,22,24,27,31,29,31,34,34,35,38,39,42,42,47
"""20-12-2012""",50,56,56,55,58,56,49,37,24,37,49,51,52,55,53,50,48,37,32,27,25,23,31,39
"""21-12-2012""",42,43,42,42,45,54,55,42,24,41,42,39,49,50,53,52,35,25,21,7,3,17,8,4
"""22-12-2012""",3,13,34,20,8,34,49,42,34,42,39,45,50,50,50,43,41,27,22,32,27,31,43,48
"""23-12-2012""",53,53,55,56,57,59,55,49,46,42,54,56,60,57,55,53,50,16,26,38,31,3,2,3
"""24-12-2012""",4,6,6,5,9,3,2,2,2,4,6,10,21,32,40,29,20,5,1,2,2,2,3,2
"""25-12-2012""",2,2,2,2,2,2,2,2,2,3,10,19,30,34,44,42,29,3,2,4,5,5,2,3
"""26-12-2012""",3,10,18,12,4,4,2,2,2,4,8,11,14,21,16,26,21,15,7,2,2,2,2,2
"""27-12-2012""",2,2,2,2,1,1,1,2,1,1,3,8,13,21,27,20,18,12,1,1,1,2,2,2
"""28-12-2012""",1,2,2,2,2,2,2,2,2,1,2,3,5,8,10,6,2,1,1,1,1,1,2,2
"""29-12-2012""",2,4,8,23,24,42,49,52,53,40,30,28,54,40,23,39,42,37,37,39,36,45,46,51
"""30-12-2012""",54,54,55,50,51,54,52,39,47,42,46,47,48,54,50,43,16,9,6,10,12,29,20,19
"""31-12-2012""",18,26,25,19,7,3,2,1,1,2,3,3,6,26,29,10,4,2,2,2,2,2,3,2
"""01-01-2013""",3,3,2,2,2,2,2,1,2,4,14,27,49,51,54,59,48,9,5,6,4,7,8,5
"""02-01-2013""",2,4,3,3,3,2,2,2,1,1,2,4,6,8,9,7,8,1,2,1,2,2,1,1
"""03-01-2013""",2,2,2,2,2,2,2,1,1,1,2,4,10,37,49,55,55,35,29,40,47,41,46,51
"""04-01-2013""",51,38,58,38,30,9,10,23,29,31,39,43,55,63,57,58,57,52,48,45,50,46,44,50
"""05-01-2013""",59,59,59,60,57,50,37,30,46,34,20,13,34,43,57,51,40,30,9,2,21,38,38,46
"""06-01-2013""",52,55,57,56,51,60,62,57,51,50,54,54,55,57,56,56,54,51,51,49,45,39,31,34
"""07-01-2013""",37,54,52,59,53,49,40,34,39,43,23,41,49,61,67,66,61,58,57,56,54,56,55,57
"""08-01-2013""",58,53,45,50,54,54,44,41,37,35,39,50,55,57,56,57,54,45,45,37,43,40,50,42
"""09-01-2013""",54,58,65,62,51,44,27,9,5,39,38,34,36,35,36,33,13,12,14,9,18,6,26,25
"""10-01-2013""",4,4,8,11,10,5,2,2,1,4,5,10,22,34,51,47,31,7,2,2,2,2,2,3
"""11-01-2013""",3,2,2,2,2,2,2,1,1,1,3,4,7,10,13,19,24,7,1,1,1,2,2,2
"""12-01-2013""",2,2,2,1,2,2,2,1,5,25,31,30,33,-9999,-9999,47,46,54,62,61,65,62,60,58
"""13-01-2013""",62,63,62,50,29,16,21,15,12,13,27,29,31,43,40,49,30,4,2,2,2,2,2,1
"""14-01-2013""",2,5,3,2,1,2,1,1,2,2,3,5,3,7,9,6,4,3,1,1,1,1,1,2
"""15-01-2013""",2,2,1,2,1,1,1,1,2,2,2,3,43,25,12,9,5,48,57,62,68,69,68,70
"""16-01-2013""",73,76,77,77,57,51,58,46,41,48,55,66,69,70,75,72,73,64,58,56,59,64,70,72
"""17-01-2013""",73,62,68,71,63,54,51,13,17,29,31,62,63,67,65,63,68,54,8,1,2,3,2,2
"""18-01-2013""",2,2,33,57,62,10,6,13,3,8,4,7,9,25,40,45,51,29,27,9,4,2,8,3
"""19-01-2013""",1,1,7,19,4,10,12,19,41,19,24,43,53,61,68,62,47,21,5,10,13,8,15,16
"""20-01-2013""",19,34,25,14,23,27,20,3,4,5,28,18,16,21,27,51,47,10,2,2,2,2,2,2
"""21-01-2013""",2,2,2,1,1,1,1,2,2,2,3,3,3,7,12,26,58,61,59,28,12,2,6,13
"""22-01-2013""",43,54,55,21,6,9,14,4,3,19,45,10,13,18,46,31,51,54,42,39,33,7,2,2
"""23-01-2013""",4,14,29,36,35,30,20,7,7,10,26,32,49,62,66,68,45,27,36,41,47,30,28,16
"""24-01-2013""",15,20,46,52,58,16,2,2,22,2,5,12,13,22,7,5,17,39,6,2,6,10,2,1
"""25-01-2013""",3,3,2,3,3,1,1,1,2,2,3,2,3,4,4,33,40,17,44,64,64,63,63,58
"""26-01-2013""",58,37,39,34,32,29,19,31,34,30,26,18,21,24,35,40,39,31,22,30,44,47,48,49
"""27-01-2013""",53,50,51,53,54,49,41,39,42,38,44,43,45,43,47,46,33,21,15,4,2,3,4,9
"""28-01-2013""",3,10,22,28,9,4,1,1,2,3,5,14,29,48,49,42,42,36,32,16,27,39,20,13
"""29-01-2013""",3,7,21,20,24,22,2,1,2,4,29,48,48,63,74,75,68,55,62,70,65,50,60,55
"""30-01-2013""",52,53,64,65,46,34,13,2,3,4,38,49,59,60,63,63,67,58,56,67,66,64,62,31
"""31-01-2013""",13,34,37,27,45,35,11,2,3,9,31,33,54,56,52,70,65,62,59,38,8,4,13,41
"""01-02-2013""",61,62,51,34,24,16,4,2,3,5,13,32,38,44,48,45,49,33,6,3,10,8,4,4
"""02-02-2013""",5,2,1,13,10,7,3,1,2,3,3,5,13,12,12,17,12,6,4,2,2,2,1,2
"""03-02-2013""",2,5,41,62,15,56,63,64,65,66,69,74,76,74,73,73,72,67,53,21,15,6,3,15
"""04-02-2013""",26,13,29,5,10,24,9,1,2,2,3,6,9,22,32,37,35,6,1,2,1,1,2,1
"""05-02-2013""",1,39,65,68,64,54,34,4,5,13,21,25,27,39,59,63,64,38,15,10,8,6,9,18
"""06-02-2013""",18,16,19,4,2,1,1,1,1,4,6,15,28,43,55,56,38,35,48,29,6,5,1,3
"""07-02-2013""",9,48,72,71,69,69,64,53,43,55,55,54,37,44,51,64,51,26,40,49,23,3,5,27
"""08-02-2013""",53,74,77,76,60,44,47,53,46,47,-9999,-9999,54,62,50,61,67,67,69,71,68,58,60,55
"""09-02-2013""",61,67,58,33,24,31,19,8,6,8,17,33,49,57,58,51,57,57,9,4,3,6,8,2
"""10-02-2013""",6,3,2,3,4,3,3,3,4,19,52,57,72,77,84,83,82,73,22,12,16,8,13,15
"""11-02-2013""",3,3,4,3,2,17,43,38,56,28,65,71,78,81,80,78,77,69,46,48,52,17,18,18
"""12-02-2013""",8,3,3,2,3,5,4,2,3,4,4,9,25,46,40,29,35,43,14,26,8,6,28,8
"""13-02-2013""",2,2,18,16,51,79,82,70,77,67,55,77,65,72,70,72,71,59,46,48,57,59,63,69
"""14-02-2013""",73,55,28,83,82,41,42,79,67,44,59,73,77,76,79,77,66,53,34,32,30,12,9,38
"""15-02-2013""",51,37,47,46,47,46,32,17,29,35,36,40,45,45,55,61,58,44,50,41,32,39,45,52
"""16-02-2013""",48,56,46,45,46,49,38,39,37,40,37,44,37,38,41,40,42,41,35,40,51,48,53,59
"""17-02-2013""",62,63,66,65,67,70,74,71,69,69,71,72,69,73,66,67,68,63,52,47,6,4,3,3
"""18-02-2013""",4,26,33,31,4,24,55,38,16,26,24,20,12,17,11,24,34,22,40,51,40,14,9,33
"""19-02-2013""",54,60,70,71,70,67,61,41,47,55,61,64,61,55,62,59,60,62,60,45,23,42,25,17
"""20-02-2013""",14,13,48,58,60,54,42,11,15,32,39,50,60,70,80,82,82,78,35,19,8,3,15,17
"""21-02-2013""",17,63,60,33,31,31,22,44,40,12,14,14,5,3,6,31,47,44,44,48,56,64,67,45
"""22-02-2013""",30,34,57,74,74,77,72,81,79,78,63,46,70,65,68,62,59,51,38,16,7,14,10,4
"""23-02-2013""",5,7,3,10,12,3,2,3,6,4,5,16,32,37,33,35,29,7,7,9,6,2,2,3
"""24-02-2013""",2,2,2,2,2,2,2,2,3,4,8,14,23,49,52,54,57,61,60,62,66,71,81,80
"""25-02-2013""",81,81,81,79,77,74,12,4,4,31,14,39,54,53,57,58,63,72,73,67,69,74,76,81
"""26-02-2013""",81,78,72,79,77,59,49,16,26,16,33,53,62,60,72,68,58,71,55,44,32,45,20,15
"""27-02-2013""",26,38,71,76,82,75,31,16,18,31,45,64,73,76,72,78,81,72,60,54,32,70,68,67
"""28-02-2013""",65,65,58,55,38,43,41,39,47,46,38,42,40,44,43,39,54,51,52,58,36,15,20,17
"""01-03-2013""",28,32,28,34,26,32,14,3,6,11,29,44,61,73,83,79,80,72,68,20,12,8,13,15
"""02-03-2013""",27,40,47,32,36,16,8,4,7,21,16,8,9,14,23,42,43,39,48,41,20,10,25,42
"""03-03-2013""",52,52,56,57,53,48,41,39,42,38,38,49,57,60,62,67,70,66,48,7,12,11,7,4
"""04-03-2013""",4,13,30,34,57,71,67,60,69,66,64,75,80,84,82,89,86,76,68,55,62,55,63,73
"""05-03-2013""",68,77,77,74,70,49,24,7,9,31,32,44,68,77,90,83,88,87,77,78,57,66,83,79
"""06-03-2013""",79,79,85,87,89,87,64,47,64,86,87,78,76,82,82,81,79,80,75,78,72,57,71,74
"""07-03-2013""",65,65,81,73,68,74,51,20,25,30,18,20,25,48,59,63,55,65,62,52,41,41,31,32
"""08-03-2013""",12,11,14,23,7,6,3,4,5,6,17,31,45,61,64,65,70,65,62,47,14,9,21,16
"""09-03-2013""",17,14,5,4,7,19,18,36,7,16,10,23,26,49,69,80,64,55,30,31,24,7,7,17
"""10-03-2013""",30,15,6,10,6,3,6,7,8,11,16,28,49,65,68,74,65,72,52,25,3,2,2,3
"""11-03-2013""",7,13,9,40,2,3,2,3,17,31,43,55,62,78,81,74,58,55,23,11,2,3,19,21
"""12-03-2013""",32,45,62,61,54,46,25,12,13,39,58,75,82,86,85,68,58,27,17,5,5,8,19,25
"""13-03-2013""",19,34,48,42,57,52,20,36,56,46,57,78,79,82,87,86,85,79,70,72,77,75,83,81
"""14-03-2013""",84,89,90,88,88,83,80,81,81,80,73,58,73,79,86,88,89,91,92,90,63,30,73,62
"""15-03-2013""",83,86,91,90,85,70,65,68,54,76,74,69,76,82,79,74,78,71,72,79,73,62,78,83
"""16-03-2013""",87,83,89,86,73,76,73,73,71,74,78,84,86,88,88,89,85,87,59,76,85,85,86,88
"""17-03-2013""",90,90,87,86,85,86,80,78,83,86,88,89,94,92,94,96,99,98,93,69,67,57,48,68
"""18-03-2013""",76,82,94,97,97,89,61,75,67,62,57,60,74,48,33,41,38,41,50,33,7,4,5,10
"""19-03-2013""",6,5,8,8,6,5,5,8,15,21,44,61,59,57,76,86,84,81,71,15,22,23,31,7
"""20-03-2013""",4,4,4,10,4,5,6,5,7,21,18,35,54,81,97,97,86,81,63,24,3,3,3,12
"""21-03-2013""",24,36,3,15,23,12,20,8,19,20,36,48,70,74,72,63,57,51,61,52,38,32,40,52
"""22-03-2013""",70,72,77,78,72,68,72,71,79,85,86,91,94,97,96,100,102,102,97,93,83,81,85,89
"""23-03-2013""",91,98,100,97,95,92,89,88,91,94,99,104,104,105,106,102,100,99,87,40,13,18,28,49
"""24-03-2013""",49,50,47,45,27,37,43,29,26,40,42,81,105,115,115,112,106,101,107,91,95,98,99,106
"""25-03-2013""",110,108,109,110,109,110,110,109,94,80,95,98,94,96,91,94,93,95,93,95,100,99,98,96
"""26-03-2013""",93,90,90,93,93,63,19,28,48,50,57,72,85,90,95,84,80,67,33,22,14,18,21,26
"""27-03-2013""",20,37,43,37,42,24,9,9,8,23,27,32,39,84,82,75,72,75,61,53,41,44,40,13
"""28-03-2013""",10,17,22,18,24,26,25,15,14,24,50,50,41,44,53,40,32,21,18,16,12,16,21,31
"""29-03-2013""",35,46,36,48,45,49,49,21,14,22,37,32,29,42,44,38,32,30,25,13,25,24,15,21
"""30-03-2013""",23,34,28,32,46,39,26,8,15,15,17,12,24,34,41,45,56,55,43,24,26,11,12,9
"""31-03-2013""",3,2,4,5,2,2,3,3,4,3,4,4,5,5,28,24,53,15,11,2,2,2,3,4
"""01-04-2013""",3,5,23,24,16,12,3,-9999,4,9,18,26,40,65,81,86,79,82,80,66,25,22,5,19
"""02-04-2013""",49,31,62,53,36,33,2,3,4,5,13,15,17,24,43,35,40,31,13,20,22,72,44,11
"""03-04-2013""",5,8,14,14,16,6,14,3,44,25,13,44,77,81,79,89,86,77,76,69,70,72,82,52
"""04-04-2013""",50,61,51,49,28,37,9,30,16,18,66,76,83,92,96,98,99,95,95,85,27,10,14,41
"""05-04-2013""",70,64,70,53,36,33,10,5,6,6,20,31,51,53,97,89,102,95,85,42,18,22,33,16
"""06-04-2013""",19,37,14,7,26,20,6,7,10,14,18,34,77,87,92,91,91,91,73,62,59,47,35,14
"""07-04-2013""",11,25,7,4,38,21,28,70,46,50,79,80,81,79,77,72,71,62,47,67,73,66,47,53
"""08-04-2013""",58,63,61,41,24,25,18,21,24,35,39,40,31,34,43,48,48,59,57,58,50,44,53,62
"""09-04-2013""",70,61,60,56,46,46,39,15,10,17,33,61,61,70,75,74,73,74,68,69,62,55,30,28
"""10-04-2013""",35,39,59,67,55,40,12,4,8,12,45,68,75,85,85,84,83,79,79,75,73,23,25,25
"""11-04-2013""",33,40,26,24,38,18,6,4,5,9,26,69,93,98,99,105,106,82,89,90,29,10,15,45
"""12-04-2013""",51,45,68,62,37,24,6,6,10,20,52,68,84,101,91,89,88,82,79,80,69,31,7,11
"""13-04-2013""",17,25,32,30,32,7,11,9,16,24,30,34,66,86,99,98,95,88,85,76,84,63,41,11
"""14-04-2013""",7,16,79,84,75,86,66,63,80,84,76,53,23,66,88,89,87,89,85,82,55,16,19,28
"""15-04-2013""",85,84,96,91,86,84,73,48,65,60,71,92,95,94,88,84,78,84,81,70,57,66,41,43
"""16-04-2013""",53,36,20,55,61,78,60,39,58,61,59,80,80,80,80,78,84,80,75,72,60,48,66,76
"""17-04-2013""",50,48,74,87,86,78,75,70,77,75,76,80,84,89,93,94,98,97,101,88,40,21,39,30
"""18-04-2013""",69,82,84,98,87,70,37,16,54,75,88,90,92,99,94,105,107,103,98,83,78,63,52,38
"""19-04-2013""",50,62,75,53,20,29,12,49,71,63,99,92,90,90,93,99,98,93,92,78,38,19,11,25
"""20-04-2013""",38,36,41,34,51,31,25,22,23,24,58,89,97,108,104,102,98,93,87,82,75,55,60,35
"""21-04-2013""",17,32,38,37,35,26,13,9,18,23,36,65,81,100,107,118,122,118,112,103,98,65,25,33
"""22-04-2013""",60,70,75,68,62,56,37,15,24,48,69,92,103,102,107,107,107,108,106,99,82,29,51,54
"""23-04-2013""",45,48,50,54,57,44,13,15,26,50,82,100,104,106,105,103,106,107,101,92,90,32,24,23
"""24-04-2013""",28,62,65,37,30,17,8,6,18,25,30,56,74,99,106,109,110,101,92,88,67,32,9,27
"""25-04-2013""",46,51,62,60,55,36,16,11,32,26,41,41,68,94,116,118,112,105,100,90,69,38,17,6
"""26-04-2013""",21,41,13,38,33,37,13,8,13,24,32,47,90,101,114,121,107,104,101,91,78,22,21,10
"""27-04-2013""",23,8,19,34,49,56,41,14,28,50,77,111,121,121,119,111,115,100,99,100,95,79,54,35
"""28-04-2013""",67,62,54,66,62,48,45,29,30,54,75,85,112,140,139,132,132,126,116,115,110,88,42,33
"""29-04-2013""",38,43,59,54,43,40,27,17,33,33,51,90,103,129,139,128,119,109,103,99,56,8,8,23
"""30-04-2013""",53,39,51,42,34,30,16,7,30,27,42,50,82,112,127,132,117,112,112,121,70,29,54,62
"""01-05-2013""",71,84,55,58,60,49,22,18,25,35,66,89,124,121,119,127,122,112,104,98,78,22,36,55
"""02-05-2013""",21,30,41,50,54,46,20,11,15,34,93,108,106,106,111,106,100,105,105,101,77,24,37,24
"""03-05-2013""",34,65,52,64,44,44,19,21,37,47,62,109,116,115,116,109,109,106,106,104,68,48,42,35
"""04-05-2013""",23,47,65,84,85,44,31,32,50,58,63,84,96,132,124,129,125,114,112,108,87,47,46,51
"""05-05-2013""",64,46,39,40,42,43,45,45,49,53,86,103,104,119,121,119,119,120,117,112,100,102,94,91
"""06-05-2013""",102,68,60,61,66,55,49,44,56,75,81,92,100,100,105,100,104,100,100,94,84,90,41,38
"""07-05-2013""",48,52,41,37,25,17,14,22,46,58,80,89,95,98,102,100,100,100,97,91,82,71,27,25
"""08-05-2013""",54,57,83,84,48,32,13,18,50,63,76,80,87,91,92,89,97,101,101,93,85,73,63,68
"""09-05-2013""",83,81,81,83,96,92,79,59,64,76,79,87,99,101,99,97,99,84,66,71,54,40,45,40
"""10-05-2013""",50,38,57,68,72,30,51,74,29,36,58,82,100,112,115,105,98,95,102,102,90,70,47,46
"""11-05-2013""",43,65,82,71,30,34,39,20,31,49,76,107,113,111,117,111,111,107,103,104,94,86,98,75
"""12-05-2013""",57,79,99,107,97,70,88,92,99,103,87,86,94,102,100,102,99,100,97,91,81,84,87,90
"""13-05-2013""",86,90,86,75,66,71,54,44,43,48,57,64,69,70,58,66,58,60,57,32,39,32,34,30
"""14-05-2013""",41,51,54,43,52,59,59,55,54,61,64,65,68,71,68,78,83,85,83,79,73,78,86,90
"""15-05-2013""",90,85,78,80,70,81,51,17,25,55,73,91,103,105,105,102,104,98,105,95,85,87,56,41
"""16-05-2013""",48,52,60,45,43,50,17,13,25,48,76,80,91,99,92,90,86,88,90,76,75,69,51,71
"""17-05-2013""",62,44,65,44,45,55,31,13,20,32,42,79,87,99,101,95,89,85,90,83,75,60,35,37
"""18-05-2013""",26,14,28,22,29,24,16,20,35,50,76,90,101,100,102,101,91,91,90,86,50,27,39,61
"""19-05-2013""",55,21,37,44,45,31,22,18,29,39,63,86,99,107,104,103,111,94,81,79,71,64,28,10
"""20-05-2013""",39,21,27,46,55,44,25,12,41,44,57,74,96,96,86,89,85,84,82,77,78,58,20,23
"""21-05-2013""",20,12,34,52,69,48,29,65,82,98,99,97,103,106,106,116,118,117,112,110,99,63,39,36
"""22-05-2013""",25,38,64,63,46,33,14,13,36,65,83,114,113,102,98,87,91,85,97,90,80,54,20,18
"""23-05-2013""",53,40,51,60,67,62,73,72,89,103,104,110,110,110,101,102,99,94,90,82,77,73,75,81
"""24-05-2013""",84,84,99,101,99,90,75,75,86,93,101,109,114,113,113,118,118,116,112,101,96,83,78,72
"""25-05-2013""",62,77,70,62,61,54,53,56,82,83,87,95,97,99,101,101,99,98,100,98,91,84,91,99
"""26-05-2013""",97,98,92,81,89,82,77,80,99,103,104,103,99,100,97,97,95,103,105,100,99,97,98,101
"""27-05-2013""",101,99,102,97,88,64,32,33,67,86,94,100,111,113,115,116,119,123,117,106,99,98,94,92
"""28-05-2013""",81,73,84,82,84,73,42,43,42,74,76,97,112,120,110,108,95,89,85,95,91,87,57,74
"""29-05-2013""",104,90,88,83,69,52,30,20,61,61,81,116,123,133,134,124,128,128,129,134,131,51,66,63
"""30-05-2013""",79,43,41,44,64,68,42,21,57,115,111,113,123,125,128,112,107,105,99,88,71,77,75,88
"""31-05-2013""",85,81,87,85,90,92,69,69,81,79,90,99,105,109,109,106,97,92,88,84,77,69,60,63
"""01-06-2013""",61,66,55,32,49,44,38,60,71,75,83,90,94,99,98,96,93,92,90,92,91,83,82,72
"""02-06-2013""",72,55,73,72,77,90,86,80,81,83,85,87,93,93,88,92,91,92,77,77,68,42,18,18
"""03-06-2013""",21,29,21,34,48,49,25,28,64,71,83,95,102,110,117,120,124,121,113,105,102,98,84,84
"""04-06-2013""",78,83,92,84,79,75,70,60,63,77,87,92,101,102,104,97,98,111,109,103,103,92,89,68
"""05-06-2013""",83,86,89,89,81,53,39,30,22,41,78,95,104,114,116,115,111,107,103,99,89,74,78,62
"""06-06-2013""",61,72,69,71,76,66,25,39,60,69,73,73,83,92,98,103,91,87,97,98,94,93,73,59
"""07-06-2013""",64,62,68,72,56,38,59,82,66,62,75,108,111,109,105,100,98,99,104,102,97,86,71,71
"""08-06-2013""",59,90,94,75,84,77,76,85,80,74,73,86,95,98,103,103,108,114,105,94,84,74,78,62
"""09-06-2013""",33,50,50,57,71,80,52,39,49,83,91,107,110,115,113,106,103,96,86,96,84,72,79,63
"""10-06-2013""",55,57,62,70,66,60,22,18,44,83,100,107,109,99,101,99,99,93,93,93,77,79,78,65
"""11-06-2013""",63,70,75,55,58,81,64,57,58,59,87,91,96,98,100,103,95,94,89,81,79,102,106,112
"""12-06-2013""",113,81,82,75,72,77,84,73,67,66,78,91,90,87,95,99,106,105,100,87,76,45,36,45
"""13-06-2013""",35,45,29,56,36,48,51,43,51,55,49,58,71,81,81,84,85,88,63,64,78,76,54,37
"""14-06-2013""",38,58,68,67,66,68,57,39,64,68,59,65,78,95,96,106,93,98,97,99,69,60,29,35
"""15-06-2013""",43,50,40,31,27,18,21,13,34,67,73,97,109,108,107,109,114,120,122,118,112,97,72,50
"""16-06-2013""",45,24,44,70,50,54,43,35,47,86,109,117,125,130,133,131,126,127,131,119,124,110,51,23
"""17-06-2013""",28,59,77,71,59,56,24,29,35,42,69,112,134,143,133,121,120,124,119,104,99,90,37,55
"""18-06-2013""",85,78,55,74,45,33,23,34,30,37,67,90,116,104,101,111,110,109,103,94,78,49,31,12
"""19-06-2013""",24,48,86,93,90,67,15,26,55,81,98,98,109,102,105,105,128,123,114,93,101,84,49,48
"""20-06-2013""",43,54,59,69,68,58,29,40,75,97,95,94,94,89,85,92,96,96,86,78,87,96,83,58
"""21-06-2013""",65,76,59,88,84,80,74,86,90,97,92,92,96,99,98,89,96,89,84,84,68,61,41,36
"""22-06-2013""",35,57,68,58,55,55,34,46,51,88,90,83,85,89,93,94,92,79,79,78,73,61,30,16
"""23-06-2013""",15,24,40,51,42,34,32,35,52,74,84,89,88,88,88,83,74,72,71,66,72,53,50,69
"""24-06-2013""",95,94,73,92,78,63,51,42,47,63,78,99,117,126,116,106,92,90,91,87,80,73,68,58
"""25-06-2013""",55,65,72,72,66,69,38,33,61,59,77,99,109,109,126,121,103,104,104,94,95,98,75,67
"""26-06-2013""",84,90,87,81,80,76,69,66,66,71,83,94,99,97,93,95,94,93,92,83,76,78,76,77
"""27-06-2013""",78,77,75,75,71,65,63,59,61,63,66,71,69,74,79,84,88,86,81,76,57,46,65,59
"""28-06-2013""",67,63,72,66,65,57,40,33,28,53,66,75,87,90,97,95,90,87,85,84,82,79,68,53
"""29-06-2013""",56,24,48,57,64,68,32,33,51,64,71,102,114,106,103,100,104,95,92,85,85,88,83,78
"""30-06-2013""",88,76,60,67,68,64,61,63,72,80,87,87,91,95,94,95,94,98,100,96,91,86,85,88
"""01-07-2013""",87,89,90,92,94,92,88,83,81,80,85,88,89,91,92,94,95,96,96,95,90,75,74,76
"""02-07-2013""",83,78,84,85,70,77,76,77,74,84,84,98,100,106,108,108,113,110,105,101,88,90,81,65
"""03-07-2013""",40,46,49,58,65,53,36,50,50,50,69,97,102,104,116,118,113,114,108,104,93,87,82,75
"""04-07-2013""",59,46,55,57,57,47,43,38,56,55,70,86,102,104,98,98,102,95,103,103,90,96,90,63
"""05-07-2013""",60,70,87,58,68,55,26,32,50,70,76,80,93,97,101,103,108,106,90,72,60,19,49,17
"""06-07-2013""",46,83,94,95,93,92,81,74,66,69,86,91,101,112,103,99,99,80,88,78,82,82,66,87
"""07-07-2013""",76,54,51,100,85,92,96,96,98,104,104,117,114,115,112,115,117,111,107,101,93,46,71,103
"""08-07-2013""",101,66,43,52,74,87,89,77,82,99,100,111,113,116,117,119,123,101,123,127,121,65,49,61
"""09-07-2013""",54,77,96,114,111,93,63,63,85,92,93,95,94,102,97,105,113,109,110,110,106,109,113,116
"""10-07-2013""",114,98,90,78,99,98,75,43,58,70,108,112,110,108,105,107,112,113,105,117,116,90,81,90
"""11-07-2013""",75,55,69,85,94,65,47,47,47,47,64,-9999,-9999,106,109,108,114,106,100,102,98,86,101,95
"""12-07-2013""",104,97,80,77,87,102,99,80,78,99,109,123,125,117,118,120,120,110,113,105,94,80,72,62
"""13-07-2013""",40,41,88,101,100,95,81,79,87,94,98,110,114,113,113,117,119,117,115,110,106,98,96,94
"""14-07-2013""",99,99,96,94,90,91,90,85,96,101,102,103,114,114,117,117,117,118,117,114,112,101,88,83
"""15-07-2013""",99,95,96,102,104,100,90,93,93,96,95,108,108,107,108,109,108,105,103,100,86,95,98,88
"""16-07-2013""",58,51,54,59,80,93,94,98,98,104,104,105,114,111,111,115,107,106,107,99,95,93,88,72
"""17-07-2013""",76,80,73,77,63,72,55,41,50,66,75,73,84,89,92,84,90,92,97,102,94,85,69,56
"""18-07-2013""",37,29,42,83,86,71,32,23,41,76,76,88,97,91,93,92,103,96,97,86,71,20,16,19
"""19-07-2013""",16,21,40,63,80,69,33,17,33,39,78,96,99,97,101,101,97,105,102,98,93,85,80,74
"""20-07-2013""",51,50,70,74,66,48,31,44,46,49,75,80,104,108,108,111,122,127,119,116,118,97,71,80
"""21-07-2013""",72,64,70,72,76,59,61,88,95,105,112,114,121,118,114,121,128,133,119,112,106,114,119,120
"""22-07-2013""",102,89,87,83,72,66,78,43,36,49,72,77,87,95,92,86,94,94,101,96,83,65,30,40
"""23-07-2013""",50,39,46,52,62,53,30,20,33,49,60,84,115,117,112,114,106,110,104,94,89,91,73,83
"""24-07-2013""",83,82,79,76,65,51,26,9,15,39,78,98,109,115,120,123,126,122,122,116,118,111,100,99
"""25-07-2013""",45,49,77,49,57,31,21,17,30,58,63,86,119,123,142,144,144,137,137,124,126,120,109,99
"""26-07-2013""",83,46,66,59,65,56,30,79,94,115,125,132,139,131,131,131,132,134,128,118,129,122,81,82
"""27-07-2013""",63,61,64,101,100,111,114,114,118,126,130,150,151,151,135,139,145,145,139,130,134,131,130,129
"""28-07-2013""",114,86,90,99,80,86,70,71,82,93,114,113,108,105,110,115,114,110,113,107,105,89,63,31
"""29-07-2013""",42,71,79,74,67,58,28,26,47,49,69,112,111,113,108,101,106,105,106,102,95,74,60,84
"""30-07-2013""",44,43,71,67,52,47,24,35,54,52,83,108,117,129,122,128,120,115,111,101,104,88,66,98
"""31-07-2013""",92,102,102,101,98,90,82,77,80,87,88,97,101,103,108,112,115,114,111,106,104,95,98,97
"""01-08-2013""",81,96,93,98,98,95,90,84,89,86,97,99,112,128,118,108,109,108,105,108,95,84,85,81
"""02-08-2013""",63,67,68,57,57,69,42,36,41,72,85,97,109,115,108,102,110,110,108,104,101,92,80,67
"""03-08-2013""",59,54,80,77,55,53,39,36,39,51,86,109,112,108,108,111,120,117,116,113,117,104,94,83
"""04-08-2013""",88,82,96,102,74,67,60,31,43,65,82,109,116,101,111,105,108,105,104,100,98,90,81,68
"""05-08-2013""",112,113,101,97,91,80,56,51,73,76,83,92,99,97,98,98,106,100,105,99,93,60,44,51
"""06-08-2013""",59,63,70,82,84,88,48,38,54,77,85,87,92,102,107,108,116,121,125,129,118,89,59,71
"""07-08-2013""",90,58,73,74,25,41,24,20,45,91,102,105,102,104,111,119,135,127,118,112,98,89,52,45
"""08-08-2013""",49,82,86,87,76,68,53,53,48,54,48,100,108,123,131,140,135,135,134,124,109,91,64,56
"""09-08-2013""",74,47,67,95,84,70,30,23,52,74,82,114,114,101,108,121,124,124,128,118,85,77,77,34
"""10-08-2013""",52,60,81,96,81,74,50,45,71,91,104,114,125,137,133,133,134,132,132,127,123,81,72,46
"""11-08-2013""",49,92,109,72,67,59,62,97,97,92,102,117,121,124,126,121,116,93,107,106,58,45,51,46
"""12-08-2013""",69,73,72,81,78,61,28,18,29,56,75,87,121,122,120,119,120,120,121,114,110,92,68,63
"""13-08-2013""",67,82,93,80,69,68,41,22,26,50,63,109,132,131,121,124,124,121,122,119,109,108,75,66
"""14-08-2013""",72,88,85,89,81,62,32,21,45,54,79,117,117,128,125,127,126,127,132,125,100,77,74,49
"""15-08-2013""",47,74,92,98,64,62,57,58,58,65,90,122,135,132,132,131,133,141,140,129,118,72,84,90
"""16-08-2013""",99,110,114,106,118,121,110,100,103,90,90,123,122,123,129,123,121,109,108,115,91,85,95,79
"""17-08-2013""",72,68,66,74,85,68,45,36,56,91,93,109,108,107,112,118,120,137,134,132,116,101,73,60
"""18-08-2013""",33,54,78,93,95,71,57,50,70,90,100,101,103,111,112,108,110,112,109,109,102,94,86,75
"""19-08-2013""",59,69,67,71,77,90,49,33,37,50,74,108,106,110,110,111,118,122,115,105,97,55,61,78
"""20-08-2013""",78,90,79,56,50,59,43,22,33,49,79,101,107,106,110,110,108,113,108,102,96,73,44,32
"""21-08-2013""",50,73,104,116,108,111,103,100,106,112,113,116,119,119,113,114,117,115,113,110,106,64,58,70
"""22-08-2013""",60,83,95,83,63,58,49,29,50,81,58,84,106,111,113,119,118,120,119,113,107,93,65,54
"""23-08-2013""",73,85,75,94,85,70,21,13,43,67,92,96,96,100,99,110,123,117,115,112,107,96,90,100
"""24-08-2013""",92,83,90,89,97,68,47,31,36,48,84,108,114,108,105,114,119,116,109,109,105,73,59,83
"""25-08-2013""",97,89,67,52,58,57,37,38,52,59,77,106,124,129,123,123,118,117,112,104,100,82,33,40
"""26-08-2013""",67,77,74,78,54,47,30,8,27,43,55,90,109,117,109,88,96,103,107,104,97,80,58,66
"""27-08-2013""",72,88,80,60,51,47,33,11,28,34,56,99,109,119,118,106,99,102,100,75,72,42,24,15
"""28-08-2013""",12,27,25,21,24,20,7,18,28,48,53,81,116,122,113,97,80,66,62,63,16,5,22,26
"""29-08-2013""",28,36,36,34,31,14,8,6,19,48,80,92,102,104,105,108,111,108,99,92,78,72,81,87
"""30-08-2013""",96,92,92,93,90,82,83,80,81,69,73,84,94,99,102,106,104,107,107,100,98,94,92,102
"""31-08-2013""",95,92,90,92,93,92,90,88,84,85,95,89,92,99,103,104,101,102,100,95,92,82,64,55
"""01-09-2013""",52,45,39,48,62,79,68,48,60,55,63,79,94,98,102,101,97,97,92,91,94,86,85,83
"""02-09-2013""",87,80,85,75,60,45,41,53,45,18,65,85,91,96,103,109,104,104,104,87,55,16,26,40
"""03-09-2013""",26,31,22,31,43,45,25,10,52,68,77,91,106,113,115,116,118,111,101,101,81,73,71,73
"""04-09-2013""",66,61,60,62,67,65,57,50,54,63,70,76,76,80,84,87,88,86,81,78,72,64,74,78
"""05-09-2013""",69,65,62,60,67,59,25,22,27,29,44,74,85,89,87,85,82,88,87,83,81,80,71,76
"""06-09-2013""",85,79,77,68,62,58,23,8,25,41,64,83,93,92,98,96,99,93,91,80,85,74,40,46
"""07-09-2013""",60,75,77,71,55,48,31,15,30,37,59,83,109,118,122,124,137,124,117,106,96,80,70,57
"""08-09-2013""",59,71,73,70,62,92,94,95,89,96,98,102,115,119,122,124,121,115,103,103,104,101,88,72
"""09-09-2013""",79,93,99,81,61,47,51,11,30,45,69,95,102,97,95,102,102,102,87,77,83,87,77,78
"""10-09-2013""",72,68,79,91,87,69,27,13,38,58,81,99,104,104,102,99,93,83,79,73,73,75,84,54
"""11-09-2013""",57,60,66,72,80,76,46,13,14,55,78,100,103,99,94,91,112,96,72,55,57,63,71,77
"""12-09-2013""",57,48,68,80,83,69,42,8,24,34,51,79,88,98,89,89,89,81,71,52,20,12,36,51
"""13-09-2013""",37,40,31,32,25,25,14,5,7,26,34,47,76,95,100,96,87,89,69,58,64,65,75,68
"""14-09-2013""",66,83,78,65,70,53,67,54,65,64,78,95,94,97,99,101,101,95,88,82,64,71,84,84
"""15-09-2013""",49,30,28,49,51,47,35,27,28,37,63,86,102,107,111,114,116,119,107,103,74,29,39,76
"""16-09-2013""",80,91,103,101,91,65,37,10,5,7,8,16,56,89,48,69,84,77,80,63,38,20,31,34
"""17-09-2013""",28,28,30,26,32,25,9,5,15,28,41,62,75,87,100,96,91,88,71,67,48,23,13,30
"""18-09-2013""",43,33,27,29,30,19,51,50,49,47,55,55,58,70,81,84,88,89,81,61,55,63,68,70
"""19-09-2013""",40,44,32,37,52,31,16,6,10,20,31,51,65,92,95,101,95,87,83,84,67,38,45,61
"""20-09-2013""",63,73,72,72,70,69,65,62,58,57,61,67,74,79,82,85,89,88,84,78,72,78,76,83
"""21-09-2013""",80,78,74,81,76,75,72,69,66,77,77,80,86,91,89,89,88,88,82,78,76,60,73,70
"""22-09-2013""",65,76,67,67,66,74,73,67,67,71,72,77,84,92,93,91,88,84,92,92,82,57,41,41
"""23-09-2013""",40,55,70,72,70,69,65,46,44,61,69,72,82,90,95,92,86,84,80,73,62,51,66,78
"""24-09-2013""",78,76,73,72,65,66,57,46,52,59,67,70,73,77,79,80,83,82,80,59,42,38,68,68
"""25-09-2013""",70,41,47,54,40,25,14,4,12,16,26,32,52,83,93,101,97,101,100,88,33,15,30,31
"""26-09-2013""",31,53,59,43,39,27,9,5,8,21,27,49,60,96,120,113,94,85,75,62,68,31,15,27
"""27-09-2013""",26,38,44,59,39,21,6,5,29,47,57,87,96,103,106,98,96,92,88,98,61,24,13,18
"""28-09-2013""",28,25,50,49,58,65,60,36,30,65,65,85,94,92,97,101,99,101,99,101,98,73,63,46
"""29-09-2013""",50,68,73,74,73,65,18,9,21,47,72,97,108,108,104,99,97,93,87,82,85,87,80,73
"""30-09-2013""",78,68,76,68,69,64,52,32,17,75,90,78,90,93,80,79,74,63,36,34,58,33,39,40
"""01-10-2013""",50,39,47,46,32,31,12,5,11,24,47,65,75,81,78,65,54,52,45,45,40,36,30,37
"""02-10-2013""",40,29,35,52,54,51,39,41,41,40,42,47,49,49,55,58,62,59,49,47,50,46,39,33
"""03-10-2013""",26,20,31,52,53,52,36,31,33,34,41,45,53,65,70,75,77,74,73,61,68,73,67,69
"""04-10-2013""",64,63,66,68,61,57,51,42,42,44,48,61,61,66,72,78,79,79,73,57,45,27,23,19
"""05-10-2013""",19,33,55,64,64,55,27,20,20,46,44,51,70,87,92,93,95,91,82,68,46,58,54,61
"""06-10-2013""",67,62,69,33,36,47,39,38,48,71,70,75,76,81,85,88,88,84,83,79,52,59,58,57
"""07-10-2013""",63,72,58,55,66,47,30,7,6,16,62,77,92,90,90,87,81,81,75,76,39,62,68,70
"""08-10-2013""",71,74,83,84,82,77,62,38,48,67,57,77,83,78,85,86,85,88,86,86,30,13,35,47
"""09-10-2013""",54,80,81,70,59,59,29,8,6,20,19,48,63,71,75,71,72,78,78,70,58,34,65,70
"""10-10-2013""",72,75,81,66,61,65,46,28,36,56,68,59,48,56,60,74,80,73,66,60,32,34,26,15
"""11-10-2013""",16,30,46,43,15,19,23,3,4,4,5,5,8,12,28,42,53,57,32,5,4,11,5,7
"""12-10-2013""",4,8,9,6,10,15,5,4,6,11,19,21,38,57,59,66,69,73,52,14,4,3,1,4
"""13-10-2013""",5,6,6,12,13,8,5,3,5,10,21,26,58,70,74,70,67,68,66,64,59,62,56,56
"""14-10-2013""",64,69,78,81,78,79,67,47,44,48,48,72,79,73,77,61,44,58,71,88,72,81,88,56
"""15-10-2013""",-9999,-9999,-9999,-9999,-9999,-9999,-9999,-9999,-9999,-9999,-9999,-9999,-9999,-9999,-9999,-9999,-9999,-9999,-9999,-9999,-9999,-9999,-9999,-9999
"""16-10-2013""",61,47,51,-9999,60,48,27,6,4,39,40,58,46,79,76,79,78,81,63,47,27,25,37,26
"""17-10-2013""",29,68,76,77,74,70,63,59,50,60,57,55,53,49,55,62,63,62,53,41,40,21,35,40
"""18-10-2013""",41,47,50,61,69,72,71,66,61,64,67,71,74,79,80,76,78,77,71,66,61,54,55,40
"""19-10-2013""",57,62,64,69,66,61,54,47,48,51,59,81,79,81,86,84,86,77,51,30,41,15,23,33
"""20-10-2013""",55,52,64,34,60,77,28,21,21,16,24,41,63,84,88,90,91,89,83,66,33,44,63,67
"""21-10-2013""",72,76,76,50,31,26,13,4,5,10,13,20,39,74,74,76,96,97,82,12,12,8,9,24
"""22-10-2013""",38,38,48,48,40,19,5,4,5,7,15,20,29,49,77,106,115,110,52,9,11,7,20,25
"""23-10-2013""",24,39,37,27,32,27,10,3,4,7,16,45,82,100,94,103,107,107,91,18,16,32,41,56
"""24-10-2013""",71,75,81,62,43,21,11,7,6,13,15,19,39,59,81,86,95,88,85,25,17,25,28,42
"""25-10-2013""",39,36,57,65,46,31,7,3,3,6,12,21,54,77,81,95,105,92,94,53,10,14,20,29
"""26-10-2013""",36,44,49,26,7,3,9,5,3,13,50,71,79,99,113,109,103,95,88,26,25,23,23,34
"""27-10-2013""",35,43,49,23,8,4,32,61,15,30,17,55,66,94,104,108,103,103,91,36,27,29,31,43
"""28-10-2013""",47,49,35,5,3,31,58,61,50,38,26,44,57,65,75,94,103,92,46,7,10,4,17,26
"""29-10-2013""",40,50,54,60,57,27,16,14,14,19,34,45,44,47,94,124,105,50,5,3,3,8,15,5
"""30-10-2013""",25,31,26,34,22,12,5,5,11,11,20,28,40,56,64,79,65,16,3,13,7,11,25,39
"""31-10-2013""",38,14,21,30,25,10,5,4,6,15,21,48,76,132,137,103,69,33,35,19,20,6,37,21
"""01-11-2013""",25,38,39,44,63,53,35,7,17,34,40,55,54,67,71,71,65,60,16,9,15,15,13,12
"""02-11-2013""",21,18,35,46,11,3,4,4,5,10,22,41,65,80,89,92,88,73,11,14,21,32,31,42
"""03-11-2013""",44,35,35,23,8,3,2,4,5,14,28,59,84,92,98,98,88,40,14,7,20,24,42,36
"""04-11-2013""",51,37,22,18,26,33,16,4,7,10,17,17,30,58,53,40,24,7,3,3,14,17,21,29
"""05-11-2013""",33,36,24,39,39,33,8,4,5,13,25,38,58,73,69,71,69,61,59,66,71,68,69,72
"""06-11-2013""",78,81,84,86,87,84,78,75,74,73,74,74,72,72,68,62,43,30,23,40,19,39,40,43
"""07-11-2013""",42,40,44,50,50,52,52,32,25,44,43,56,63,69,65,59,39,15,9,8,6,3,4,10
"""08-11-2013""",17,34,40,27,23,19,7,4,7,12,19,49,66,76,73,74,70,30,10,12,19,28,32,42
"""09-11-2013""",36,43,12,14,13,3,3,3,6,28,29,33,29,48,55,70,56,72,67,53,49,54,59,66
"""10-11-2013""",66,59,15,6,4,18,11,6,6,9,21,50,67,67,80,73,70,65,57,56,50,41,29,59
"""11-11-2013""",70,60,70,77,65,68,71,40,31,11,11,11,-9999,-9999,-9999,5,5,4,4,4,28,38,32,21
"""12-11-2013""",46,50,58,42,61,61,64,64,61,64,66,73,76,78,80,79,81,83,85,84,90,87,77,77
"""13-11-2013""",80,74,75,78,76,79,68,60,63,52,59,63,59,66,63,49,49,54,55,53,57,59,59,58
"""14-11-2013""",60,61,58,57,58,57,47,40,42,45,57,61,55,63,55,49,45,42,36,47,54,54,54,47
"""15-11-2013""",40,45,45,45,48,43,37,21,18,18,24,30,34,35,30,28,28,20,30,22,18,12,31,28
"""16-11-2013""",30,33,46,40,38,44,46,26,43,49,54,55,52,57,64,62,57,46,39,26,19,16,13,41
"""17-11-2013""",33,45,23,25,34,26,11,7,13,20,33,49,46,58,61,63,59,26,8,9,19,12,9,9
"""18-11-2013""",5,12,19,19,18,18,4,4,7,11,19,29,45,66,72,66,-9999,-9999,-9999,-9999,-9999,-9999,-9999,-9999
"""19-11-2013""",-9999,-9999,-9999,-9999,-9999,-9999,-9999,-9999,-9999,-9999,-9999,-9999,-9999,-9999,-9999,-9999,-9999,-9999,-9999,-9999,-9999,-9999,-9999,-9999
