"""01-01-2021""",25,58,32,27,20,24,18,17,19,13,12,13.1,14,11,9,11.1,9.1,5,5.1,12.1,12.2,12.3,32.1,53
"""02-01-2021""",45,27,26,20,15,21,12,11,12,16,14,15,17,26,27,30,25,18,22,16,19,18,25,27
"""03-01-2021""",27,24,27,16,14,22,22,20,21,20,26,25,25,23,26,15,17,18,29,31,33,27,50,47
"""04-01-2021""",43,24,15,12,13,11,17,17,17,18,11,31,15,12,12,10,9,7,6,16,27,20,41,37
"""05-01-2021""",31,28,28,11,25,16,20,24,18,21,21,13,26,15,13,18,9,12,18,11,10,12,11,10
"""06-01-2021""",11,10,7,12,13,14,11,13,11,16,19,23,22,20,21,19,13,17,14,15,11,8,8,12
"""07-01-2021""",12,11,8,18,17,15,11,7,7,13,13,10,9,14,18,19,15,21,19,25,27,30,30,25
"""08-01-2021""",23,23,26,26,24,33,30,28,31,32,18,15,13,13,13,12,12,12,13,13,12,18,16,16
"""09-01-2021""",19,16,16,24,22,15,15,18,13,12,11,8,8,9,8,11,11,13,15,16,19,22,17,19
"""10-01-2021""",10,6,3,4,6,5,5,5,7,8,11,9,10,17,11,15,12,9,18,18,17,20,15,18
"""11-01-2021""",19,18,18,19,13,19,16,18,25,19,13,23,34,27,10,17,16,14,19,19,15,17,12,9
"""12-01-2021""",7,11,11,7,6,6,6,5,5,8,10,10,9,12,12,10,13,9,5,10,9,11,11,9
"""13-01-2021""",9,10,7,9,7,7,7,6,10,9,12,14,13,16,14,15,14,17,18,19,16,16,13,15
"""14-01-2021""",11,9,7,7,13,11,8,12,10,11,13,11,9,6,9,9,11,18,19,18,17,22,9,7
"""15-01-2021""",6,9,8,6,6,8,10,8,10,12,10,12,11,13,11,13,11,11,16,27,22,28,23,33
"""16-01-2021""",42,33,17,10,7,10,12,12,11,12,18,18,17,20,19,22,17,16,15,12,11,15,17,13
"""17-01-2021""",10,16,13,16,17,16,17,17,16,16,16,14,14,14,14,16,14,14,17,23,28,35,39,32
"""18-01-2021""",30,31,25,18,13,14,16,18,19,16,21,22,17,15,12,13,14,13,19,28,28,17,21,20
"""19-01-2021""",15,19,15,20,18,15,17,16,22,18,15,16,18,19,12,17,13,13,13,18,19,25,23,27
"""20-01-2021""",27,28,37,35,33,24,30,27,45,32,37,47,46,39,32,21,22,23,24,32,37,42,77,85
"""21-01-2021""",77,68,72,51,45,40,44,47,54,43,53,52,50,49,51,53,45,41,33,38,57,67,68,56
"""22-01-2021""",49,50,59,54,51,48,50,50,58,58,60,58,63,60,49,45,45,51,49,57,68,87,107,106
"""23-01-2021""",98,86,64,52,48,28,11,25,38,46,26,14,11,8,12,11,13,15,12,12,12,15,12,14
"""24-01-2021""",12,14,20,14,11,19,14,14,11,13,15,13,8,6,8,13,11,7,10,9,9,12,12,11
"""25-01-2021""",11,9,7,6,5,6,9,7,7,11,14,14,10,8,8,9,11,9,9,9,11,16,12,10
"""26-01-2021""",10,8,5,6,9,8,6,7,9,8,6,11,10,11,15,20,12,9,8,8,10,-9999,-9999,-9999
"""27-01-2021""",-9999,-9999,-9999,-9999,-9999,-9999,-9999,-9999,-9999,-9999,-9999,-9999,-9999,-9999,18,14,14,10,15,13,13,12,15,11
"""28-01-2021""",11,10,10,9,14,12,10,13,18,15,13,17,12,10,11,11,10,12,11,22,21,23,23,31
"""29-01-2021""",30,32,48,28,29,22,23,30,16,35,29,39,36,25,19,16,15,16,22,20,24,25,54,52
"""30-01-2021""",53,52,36,24,28,23,26,29,32,38,37,9,11,20,19,11,9,5,15,15,12,14,37,42
"""31-01-2021""",55,44,57,44,32,31,27,23,31,25,17,22,27,37,22,30,21,38,25,29,47,66,78,59
"""01-02-2021""",26,32,41,39,11,10,12,14,11,9,10,17,26,16,16,12,19,19,31,18,12,12,20,25
"""02-02-2021""",45,42,41,38,38,32,28,19,31,27,25,27,27,33,28,22,19,15,21,21,25,37,47,41
"""03-02-2021""",52,56,29,35,28,20,21,19,23,23,34,38,44,39,29,14,15,15,18,18,25,37,34,28
"""04-02-2021""",34,43,46,25,20,24,26,27,22,27,30,33,42,37,33,32,28,25,27,35,44,58,50,69
"""05-02-2021""",66,42,53,51,48,35,37,43,41,49,41,37,34,19,25,22,24,12,21,14,20,26,25,30
"""06-02-2021""",29,34,30,37,34,33,37,29,35,36,39,38,30,29,19,35,24,24,28,23,28,44,77,57
"""07-02-2021""",58,62,65,51,37,30,23,38,37,26,30,35,43,45,37,33,33,31,27,30,36,36,23,28
"""08-02-2021""",38,38,36,43,44,40,38,42,42,44,42,39,42,30,51,25,13,19,22,20,32,27,24,22
"""09-02-2021""",36,23,20,12,13,12,16,26,27,25,-9999,-9999,-9999,-9999,-9999,-9999,-9999,-9999,-9999,-9999,-9999,-9999,-9999,-9999
"""10-02-2021""",-9999,-9999,-9999,-9999,-9999,-9999,-9999,-9999,-9999,-9999,-9999,-9999,-9999,-9999,-9999,-9999,-9999,-9999,-9999,-9999,-9999,-9999,-9999,-9999
"""11-02-2021""",-9999,-9999,-9999,-9999,-9999,-9999,-9999,-9999,-9999,-9999,-9999,-9999,-9999,-9999,-9999,-9999,-9999,-9999,-9999,-9999,-9999,-9999,-9999,-9999
"""12-02-2021""",-9999,-9999,-9999,-9999,-9999,-9999,-9999,-9999,-9999,-9999,-9999,-9999,-9999,-9999,-9999,-9999,-9999,-9999,-9999,-9999,-9999,-9999,-9999,-9999
"""13-02-2021""",-9999,-9999,-9999,-9999,-9999,-9999,-9999,-9999,-9999,-9999,-9999,-9999,-9999,-9999,-9999,-9999,-9999,-9999,-9999,-9999,-9999,-9999,-9999,-9999
"""14-02-2021""",-9999,-9999,-9999,-9999,-9999,-9999,-9999,-9999,-9999,-9999,-9999,-9999,-9999,-9999,-9999,-9999,-9999,-9999,-9999,-9999,-9999,-9999,-9999,-9999
"""15-02-2021""",-9999,-9999,-9999,-9999,-9999,-9999,-9999,-9999,-9999,-9999,-9999,-9999,-9999,-9999,-9999,-9999,-9999,-9999,-9999,-9999,-9999,-9999,-9999,-9999
"""16-02-2021""",-9999,-9999,-9999,-9999,-9999,-9999,-9999,-9999,-9999,-9999,-9999,-9999,-9999,-9999,-9999,-9999,-9999,-9999,-9999,-9999,-9999,-9999,-9999,-9999
"""17-02-2021""",-9999,-9999,-9999,-9999,-9999,-9999,-9999,-9999,-9999,-9999,-9999,-9999,-9999,-9999,-9999,-9999,-9999,-9999,-9999,-9999,-9999,-9999,-9999,-9999
"""18-02-2021""",-9999,-9999,-9999,-9999,-9999,-9999,-9999,-9999,-9999,-9999,-9999,-9999,-9999,-9999,-9999,-9999,-9999,-9999,-9999,-9999,-9999,-9999,-9999,-9999
"""19-02-2021""",-9999,-9999,-9999,-9999,-9999,-9999,-9999,-9999,-9999,-9999,-9999,-9999,-9999,-9999,10,13,8,8,13,22,16,23,18,16
"""20-02-2021""",40,30,24,23,20,23,28,27,26,28,30,33,31,35,41,20,26,21,22,23,32,24,29,28
"""21-02-2021""",32,38,21,20,20,20,16,18,16,16,18,13,24,19,18,21,22,19,23,20,22,19,25,26
"""22-02-2021""",23,23,35,37,30,27,27,29,31,32,37,46,42,35,36,36,27,24,21,28,27,36,43,39
"""23-02-2021""",46,47,40,47,61,49,42,37,41,36,44,55,58,47,37,27,28,22,24,30,40,41,52,61
"""24-02-2021""",71,54,46,54,50,53,43,34,28,25,26,26,21,22,25,21,29,26,27,25,34,30,36,33
"""25-02-2021""",38,36,35,39,42,38,40,39,40,40,42,62,56,53,49,46,34,34,37,33,42,40,50,43
"""26-02-2021""",51,45,44,37,42,50,56,42,45,35,41,51,54,40,42,28,23,25,29,32,31,38,42,45
"""27-02-2021""",65,40,43,43,35,38,33,35,33,37,43,60,53,46,45,45,38,50,43,35,48,45,33,39
"""28-02-2021""",33,30,29,17,19,15,15,13,14,16,14,14,21,17,17,23,16,13,13,10,18,13,12,15
"""01-03-2021""",21,31,33,21,28,28,22,20,24,35,19,22,15,15,20,21,14,15,15,16,22,21,12,12
"""02-03-2021""",12,17,13,11,9,10,13,12,12,24,22,16,16,18,17,18,14,15,17,16,17,14,18,41
"""03-03-2021""",28,25,33,23,18,16,17,16,21,30,28,17,16,16,18,17,15,11,10,13,15,13,20,40
"""04-03-2021""",37,33,27,26,13,19,21,23,20,27,34,32,37,16,18,18,13,18,19,19,23,31,29,26
"""05-03-2021""",38,38,36,28,29,31,29,22,30,30,37,38,38,32,16,21,16,18,21,23,30,24,22,42
"""06-03-2021""",40,44,29,26,32,38,35,33,28,37,31,23,21,16,16,13,9,9,12,18,14,16,14,12
"""07-03-2021""",18,13,19,9,9,9,13,12,11,12,11,12,13,14,20,17,15,14,13,15,16,13,19,36
"""08-03-2021""",18,27,15,17,14,21,16,20,23,30,30,37,14,13,14,22,16,12,18,15,20,24,20,20
"""09-03-2021""",34,26,28,28,25,26,24,29,24,31,30,35,34,38,27,16,17,13,13,15,15,17,22,30
"""10-03-2021""",22,32,31,32,32,20,21,22,27,30,26,25,28,26,25,30,29,32,36,36,19,12,11,9
"""11-03-2021""",8,8,9,11,13,17,15,20,19,21,12,15,15,12,10,13,10,10,11,14,12,13,13,15
"""12-03-2021""",17,14,27,22,14,15,15,17,21,21,28,28,25,17,16,17,14,12,10,16,15,15,19,17
"""13-03-2021""",25,38,31,30,29,26,31,30,22,28,33,36,37,16,19,16,25,16,18,20,23,30,30,30
"""14-03-2021""",34,38,44,37,35,27,25,34,34,32,29,30,35,22,20,22,18,17,17,18,23,26,28,28
"""15-03-2021""",19,23,26,19,21,25,22,23,21,16,14,14,24,18,15,15,11,6,4,9,8,5,4,11
"""16-03-2021""",9,8,8,8,6,9,9,14,11,8,10,11,9,12,13,14,14,11,12,13,15,17,16,12
"""17-03-2021""",12,11,11,9,9,10,9,9,14,11,9,10,12,11,10,12,10,9,9,11,9,10,14,13
"""18-03-2021""",14,11,10,10,15,12,10,12,16,14,15,12,10,8,11,10,11,11,10,9,16,17,17,12
"""19-03-2021""",9,11,15,11,13,11,10,10,13,14,15,14,10,7,10,10,11,13,11,11,9,10,10,10
"""20-03-2021""",12,9,10,12,8,13,11,10,12,9,11,9,11,11,9,9,16,14,11,8,13,15,11,7
"""21-03-2021""",7,8,9,11,10,7,8,9,9,6,4,6,9,8,8,6,5,6,4,5,8,6,3,3
"""22-03-2021""",3,3,3,4,3,5,6,8,10,12,15,11,10,11,8,9,10,10,11,15,11,13,9,10
"""23-03-2021""",14,14,13,12,12,11,13,11,8,10,10,10,13,13,11,14,17,15,18,13,13,22,21,17
"""24-03-2021""",14,20,14,14,12,16,14,12,17,19,22,17,15,10,11,13,9,10,11,9,10,11,9,12
"""25-03-2021""",12,19,15,11,11,9,9,9,13,16,11,8,7,10,9,7,9,11,12,11,15,22,22,18
"""26-03-2021""",20,19,19,20,16,22,17,21,26,24,28,19,20,18,16,14,19,21,18,15,18,24,23,19
"""27-03-2021""",23,27,29,36,32,32,21,29,30,40,39,30,21,19,15,18,12,18,15,16,25,25,21,19
"""28-03-2021""",19,18,33,24,36,31,29,23,24,30,27,28,29,24,15,20,18,19,28,17,24,29,68,38
"""29-03-2021""",33,26,32,25,19,19,19,-9999,14,17,14,18,14,17,11,9,13,13,17,21,23,20,18,22
"""30-03-2021""",17,25,26,39,15,20,23,23,27,27,36,41,23,19,17,13,10,29,14,13,13,15,14,22
"""31-03-2021""",16,18,22,13,15,16,16,15,18,22,27,19,16,15,16,17,14,14,18,18,17,19,16,17
"""01-04-2021""",17,16,16,19,24,24,20,23,19,24,28,26,17,17,21,22,20,20,19,17,18,24,22,21
"""02-04-2021""",23,29,26,25,26,22,25,28,29,35,27,31,31,22,18,16,21,21,14,17,20,23,32,28
"""03-04-2021""",19,32,37,30,26,26,23,30,28,28,34,35,36,22,28,27,19,21,13,18,16,15,15,17
"""04-04-2021""",14,17,13,21,15,10,6,8,10,7,7,12,10,14,10,14,14,10,13,15,10,7,12,13
"""05-04-2021""",8,8,8,9,11,10,10,13,12,12,10,10,11,12,10,12,11,10,8,13,11,15,15,11
"""06-04-2021""",11,9,10,9,10,9,13,14,15,18,19,16,17,14,17,20,21,19,21,11,12,19,18,13
"""07-04-2021""",12,12,17,11,10,13,14,10,9,8,11,11,12,16,16,15,20,9,7,10,8,10,11,17
"""08-04-2021""",12,9,7,10,7,12,11,10,-9999,15,13,14,15,11,9,11,10,9,9,9,9,11,11,13
"""09-04-2021""",10,11,10,13,12,11,12,14,12,11,18,14,11,11,12,11,10,10,8,12,12,14,18,11
"""10-04-2021""",11,10,8,6,6,7,17,13,26,26,28,18,14,15,14,14,12,9,9,10,11,14,13,14
"""11-04-2021""",14,11,11,10,9,12,18,14,13,12,13,15,14,8,8,13,17,12,13,11,10,15,14,13
"""12-04-2021""",12,12,12,12,12,12,14,16,26,30,28,22,11,17,14,15,11,18,10,13,14,13,14,15
"""13-04-2021""",14,26,20,19,21,19,21,18,25,21,22,29,27,20,17,14,22,16,17,19,21,16,17,21
"""14-04-2021""",27,23,16,22,17,22,24,21,28,27,35,29,26,18,12,9,11,8,7,8,8,9,12,10
"""15-04-2021""",8,8,7,7,8,7,7,6,10,11,11,10,6,4,10,10,9,7,9,9,11,10,11,11
"""16-04-2021""",15,11,11,10,10,12,10,10,18,13,14,16,13,16,14,16,18,18,21,19,19,23,22,23
"""17-04-2021""",18,23,14,13,16,13,15,16,14,14,20,15,15,16,19,18,21,18,19,24,24,23,25,27
"""18-04-2021""",29,29,31,33,31,27,26,30,26,27,36,30,36,36,23,25,21,22,22,20,23,17,19,21
"""19-04-2021""",16,15,20,21,21,22,23,21,24,23,23,23,21,22,21,24,18,14,11,11,13,15,15,11
"""20-04-2021""",7,5,10,8,10,8,5,6,9,10,9,15,15,11,12,10,10,16,15,12,16,13,11,12
"""21-04-2021""",11,11,13,14,12,11,10,15,16,12,12,16,11,11,12,11,8,8,7,9,9,12,12,12
"""22-04-2021""",12,16,12,11,12,15,12,16,16,22,21,20,14,15,11,12,14,12,12,14,12,17,13,15
"""23-04-2021""",17,16,15,18,16,20,19,18,21,23,17,18,12,18,14,14,16,23,22,21,17,15,17,20
"""24-04-2021""",19,28,19,14,17,15,11,12,15,16,15,14,14,15,16,14,13,15,12,14,21,22,16,17
"""25-04-2021""",18,17,18,22,22,18,21,19,21,19,21,24,17,21,17,15,12,15,15,14,19,16,20,16
"""26-04-2021""",16,20,17,14,17,16,21,20,21,28,21,14,13,13,18,15,16,14,12,14,12,13,20,15
"""27-04-2021""",19,16,14,17,15,12,15,16,15,14,18,13,10,14,13,10,11,12,10,12,13,11,11,14
"""28-04-2021""",14,19,18,12,13,11,18,22,24,25,22,23,18,18,15,19,13,18,15,15,13,17,15,22
"""29-04-2021""",15,23,25,24,22,24,24,23,25,31,29,27,23,17,20,12,13,18,15,19,16,17,14,15
"""30-04-2021""",18,18,17,18,19,15,19,17,26,23,25,22,24,15,14,17,16,20,14,14,14,18,16,18
"""01-05-2021""",20,15,19,21,17,20,22,18,18,21,23,22,23,22,21,20,16,21,15,20,19,15,25,28
"""02-05-2021""",28,23,22,25,21,21,26,21,25,23,27,27,28,23,23,20,15,22,21,15,17,18,14,20
"""03-05-2021""",15,16,22,20,18,19,18,23,21,17,13,12,10,11,9,8,8,7,7,5,8,10,9,7
"""04-05-2021""",9,9,11,11,11,11,12,13,14,10,8,9,9,13,11,9,11,14,11,9,11,13,12,18
"""05-05-2021""",15,17,16,17,13,11,10,13,13,13,13,18,13,13,15,11,16,15,13,15,12,12,17,14
"""06-05-2021""",11,11,12,18,12,22,15,16,-9999,-9999,30,13,11,9,7,7,5,11,11,13,12,14,14,13
"""07-05-2021""",14,17,15,16,14,10,10,11,14,18,17,18,18,13,13,12,10,10,10,15,13,12,15,21
"""08-05-2021""",22,21,17,17,17,17,21,21,22,14,12,11,10,14,14,11,14,12,12,15,10,17,18,10
"""09-05-2021""",7,8,7,5,7,7,8,14,10,9,11,17,11,13,11,8,7,11,10,12,12,10,10,12
"""10-05-2021""",10,8,7,7,6,8,8,12,11,12,9,11,10,9,9,10,10,11,14,11,8,9,12,13
"""11-05-2021""",11,13,15,13,10,10,12,8,10,14,14,10,12,9,12,10,8,12,12,8,11,11,13,12
"""12-05-2021""",12,12,13,19,19,16,22,12,15,19,15,11,10,10,11,12,10,14,11,10,10,10,15,13
"""13-05-2021""",11,10,7,9,14,11,11,11,19,18,20,13,17,11,12,14,11,9,12,11,13,11,15,13
"""14-05-2021""",11,10,11,8,11,10,10,10,11,14,16,11,8,10,8,8,7,7,9,9,12,13,14,12
"""15-05-2021""",10,11,10,12,9,8,10,13,12,13,14,14,10,11,11,9,8,19,11,14,15,18,19,11
"""16-05-2021""",9,7,9,10,9,13,11,11,12,11,10,8,11,12,10,10,7,7,6,7,8,8,13,13
"""17-05-2021""",10,14,14,14,14,13,13,13,12,22,22,13,9,10,8,-9999,-9999,-9999,-9999,-9999,-9999,-9999,-9999,-9999
"""18-05-2021""",-9999,-9999,-9999,-9999,-9999,-9999,-9999,-9999,-9999,-9999,-9999,-9999,-9999,-9999,-9999,-9999,-9999,-9999,-9999,-9999,-9999,-9999,-9999,-9999
"""19-05-2021""",-9999,-9999,-9999,-9999,-9999,-9999,-9999,-9999,-9999,-9999,-9999,-9999,-9999,-9999,-9999,-9999,-9999,-9999,-9999,-9999,-9999,-9999,-9999,-9999
"""20-05-2021""",-9999,-9999,-9999,-9999,-9999,-9999,-9999,-9999,-9999,-9999,-9999,-9999,-9999,-9999,-9999,-9999,-9999,-9999,-9999,-9999,-9999,-9999,-9999,-9999
"""21-05-2021""",-9999,-9999,-9999,-9999,-9999,-9999,-9999,-9999,-9999,-9999,-9999,-9999,9,9,10,13,12,11,12,13,11,13,16,13
"""22-05-2021""",10,13,14,11,11,9,10,9,10,12,15,14,11,9,9,13,12,12,11,11,11,12,11,16
"""23-05-2021""",15,13,10,15,14,15,14,17,11,8,8,10,13,12,10,13,12,12,10,10,10,9,7,10
"""24-05-2021""",11,15,13,19,17,17,17,15,14,18,17,15,15,17,11,13,13,15,12,10,9,8,13,15
"""25-05-2021""",13,13,11,14,17,18,18,20,20,29,20,15,15,15,16,13,14,21,19,15,15,17,15,16
"""26-05-2021""",23,13,18,19,20,16,21,22,26,31,31,33,22,23,23,21,18,11,21,18,13,13,15,16
"""27-05-2021""",16,22,19,20,21,16,17,18,21,22,23,15,20,11,17,14,17,19,13,13,17,19,20,20
"""28-05-2021""",13,17,13,13,14,15,18,12,17,14,16,11,9,17,19,14,10,7,7,12,12,21,22,15
"""29-05-2021""",14,12,12,8,8,11,12,10,8,10,11,17,14,14,14,10,8,12,10,13,13,16,17,20
"""30-05-2021""",12,16,17,12,9,13,10,12,12,11,8,9,15,16,12,18,16,10,13,12,11,15,15,14
"""31-05-2021""",14,14,12,12,14,13,9,10,12,13,10,9,9,11,10,9,9,10,11,13,11,11,15,14
"""01-06-2021""",12,13,14,13,10,9,7,-9999,-9999,-9999,25,7,10,13,12,15,10,8,8,9,10,9,7,10
"""02-06-2021""",12,8,6,9,7,5,6,7,6,6,11,13,22,11,16,16,11,9,14,11,10,11,13,12
"""03-06-2021""",11,11,12,11,12,12,11,14,17,25,14,16,13,15,19,15,12,14,19,18,14,19,22,19
"""04-06-2021""",19,15,18,17,15,16,15,14,20,22,12,14,19,16,16,12,12,16,14,14,18,19,19,20
"""05-06-2021""",23,21,12,17,14,15,19,15,18,15,19,19,16,14,12,10,13,16,15,14,14,15,16,18
"""06-06-2021""",17,16,17,18,19,18,13,14,14,15,15,18,12,14,11,12,14,14,12,13,16,13,12,17
"""07-06-2021""",14,18,17,15,15,15,16,19,21,24,19,24,28,21,19,15,13,12,13,16,21,19,20,16
"""08-06-2021""",18,14,13,14,19,16,17,19,24,12,15,18,20,14,15,18,15,18,17,18,18,20,26,20
"""09-06-2021""",21,18,18,15,18,14,15,18,20,19,15,16,17,13,13,11,14,15,13,12,11,15,23,16
"""10-06-2021""",17,17,17,20,15,16,15,15,18,22,18,18,15,14,19,14,15,13,11,11,12,21,16,18
"""11-06-2021""",12,10,13,11,8,8,15,15,13,16,13,15,14,13,14,13,12,12,12,17,19,12,23,25
"""12-06-2021""",10,13,11,9,12,13,11,9,8,10,9,10,11,15,11,10,14,12,13,19,17,23,30,25
"""13-06-2021""",27,18,19,16,16,14,19,12,15,17,16,15,14,14,13,14,17,16,14,10,15,12,14,12
"""14-06-2021""",9,8,7,11,12,11,11,12,10,13,11,11,8,10,13,12,11,9,11,11,9,14,15,10
"""15-06-2021""",8,10,10,10,7,6,5,9,8,11,9,9,7,8,11,12,12,12,10,7,10,11,11,11
"""16-06-2021""",9,8,10,9,16,11,10,13,15,15,13,14,14,13,12,10,11,13,11,10,11,15,15,17
"""17-06-2021""",21,17,19,16,17,18,17,16,21,17,21,17,16,16,21,12,14,15,14,12,20,18,24,16
"""18-06-2021""",16,19,15,18,11,14,13,16,14,12,15,12,16,16,15,16,14,12,12,11,13,14,14,15
"""19-06-2021""",19,9,20,9,14,-9999,-9999,-9999,-9999,-9999,-9999,-9999,-9999,-9999,-9999,-9999,-9999,-9999,-9999,-9999,-9999,-9999,-9999,-9999
"""20-06-2021""",-9999,-9999,-9999,-9999,-9999,-9999,-9999,-9999,-9999,-9999,-9999,-9999,-9999,-9999,-9999,-9999,-9999,-9999,-9999,-9999,-9999,-9999,-9999,-9999
"""21-06-2021""",-9999,-9999,-9999,-9999,-9999,-9999,-9999,-9999,-9999,-9999,-9999,-9999,-9999,-9999,-9999,-9999,-9999,-9999,-9999,-9999,-9999,-9999,-9999,-9999
"""22-06-2021""",-9999,-9999,-9999,-9999,-9999,-9999,-9999,-9999,-9999,-9999,-9999,-9999,-9999,-9999,-9999,-9999,-9999,-9999,-9999,-9999,-9999,-9999,-9999,-9999
"""23-06-2021""",-9999,-9999,-9999,-9999,-9999,-9999,-9999,-9999,-9999,-9999,-9999,-9999,-9999,-9999,-9999,-9999,-9999,-9999,-9999,-9999,-9999,-9999,-9999,-9999
"""24-06-2021""",-9999,-9999,-9999,-9999,-9999,-9999,-9999,-9999,-9999,-9999,-9999,-9999,26,25,24,28,22,22,25,24,26,30,27,26
"""25-06-2021""",17,15,16,19,22,20,22,27,26,31,30,28,34,25,31,28,28,33,30,36,25,23,26,54
"""26-06-2021""",34,31,33,26,25,26,26,31,27,29,36,39,30,26,22,16,15,22,28,26,21,28,22,30
"""27-06-2021""",19,20,22,15,16,15,19,16,16,16,16,20,19,18,21,19,19,18,20,12,19,24,22,24
"""28-06-2021""",18,16,20,20,19,16,15,20,18,23,20,23,25,27,22,16,22,25,20,19,20,18,16,22
"""29-06-2021""",18,16,14,21,12,18,21,22,22,22,27,24,24,18,20,15,16,18,19,21,20,19,18,24
"""30-06-2021""",16,18,20,16,22,18,19,19,24,29,28,28,24,21,21,17,20,16,13,15,17,18,13,14
"""01-07-2021""",18,13,11,15,15,16,15,20,18,18,26,21,18,18,14,19,17,15,18,12,16,14,14,15
"""02-07-2021""",18,19,19,16,14,11,13,15,15,12,19,18,14,16,12,18,9,9,13,14,13,11,25,24
"""03-07-2021""",18,12,11,15,12,10,16,15,16,15,11,12,14,17,16,19,10,13,13,13,20,17,19,21
"""04-07-2021""",15,16,13,9,8,12,13,13,14,12,11,9,10,11,10,9,7,6,6,11,13,14,16,14
"""05-07-2021""",15,13,11,14,13,13,18,19,14,17,23,28,18,21,19,19,16,15,11,10,10,17,14,13
"""06-07-2021""",16,12,12,13,13,18,14,16,15,17,14,25,17,17,15,15,16,15,15,12,17,18,20,18
"""07-07-2021""",21,20,19,19,20,18,20,21,25,29,31,27,26,24,19,19,23,18,21,21,24,22,21,19
"""08-07-2021""",17,16,18,18,18,20,15,22,23,20,20,19,22,20,15,16,15,15,15,14,15,18,20,16
"""09-07-2021""",13,15,17,15,15,11,8,9,9,13,15,16,13,13,17,12,11,8,9,9,12,11,15,15
"""10-07-2021""",12,9,9,12,13,13,11,15,18,17,15,11,19,18,15,12,7,17,11,15,16,15,12,13
"""11-07-2021""",12,18,12,14,14,15,11,12,15,19,20,18,11,14,11,11,13,12,14,11,11,10,17,-9999
"""12-07-2021""",-9999,-9999,19,21,15,18,18,18,14,13,17,24,19,16,15,13,16,19,16,15,19,16,21,19
"""13-07-2021""",13,21,17,20,18,16,20,12,20,25,21,24,25,26,20,19,23,12,14,18,19,20,22,16
"""14-07-2021""",19,20,17,16,13,18,23,16,18,26,18,20,26,67,-9999,22,18,19,14,16,17,17,18,17
"""15-07-2021""",16,16,19,23,17,23,20,17,22,26,25,25,22,20,20,19,16,19,15,20,17,17,18,15
"""16-07-2021""",13,19,14,16,12,13,16,16,15,19,26,17,17,15,16,13,18,13,15,13,11,13,20,19
"""17-07-2021""",10,11,14,14,12,10,9,17,15,16,14,13,19,11,15,12,15,11,9,12,13,13,16,16
"""18-07-2021""",20,16,13,15,13,10,15,14,12,12,13,14,15,16,17,19,17,16,23,19,18,23,21,19
"""19-07-2021""",15,19,17,21,16,15,19,21,16,21,25,24,21,22,20,19,17,18,19,20,13,16,16,14
"""20-07-2021""",19,16,19,15,22,13,12,23,17,19,17,18,24,24,24,24,19,16,13,18,18,17,22,22
"""21-07-2021""",17,16,12,11,15,11,10,12,14,22,17,19,27,21,19,22,13,11,15,16,13,14,16,23
"""22-07-2021""",19,16,15,14,17,15,19,18,23,23,16,20,23,19,18,21,17,19,18,19,18,12,21,14
"""23-07-2021""",14,14,16,12,10,12,13,15,16,20,19,17,14,19,16,15,19,16,19,16,16,14,18,15
"""24-07-2021""",13,11,19,18,17,17,16,19,13,25,27,16,15,16,20,15,15,19,18,17,25,19,23,15
"""25-07-2021""",27,26,24,23,22,24,21,20,20,21,19,18,18,20,14,19,16,18,18,13,15,16,18,19
"""26-07-2021""",17,12,17,17,15,15,20,31,26,30,18,24,20,22,21,19,20,14,14,17,17,18,22,21
"""27-07-2021""",15,15,20,17,15,12,16,25,24,28,23,27,20,26,20,17,16,15,18,17,16,18,26,20
"""28-07-2021""",18,18,16,13,19,20,18,23,22,24,27,32,31,29,24,23,19,17,16,18,15,23,33,18
"""29-07-2021""",26,26,28,28,19,27,30,32,34,31,36,40,40,38,36,36,35,30,31,26,26,32,35,35
"""30-07-2021""",30,29,29,23,28,29,22,31,32,32,35,40,35,36,35,35,35,30,29,30,30,27,40,47
"""31-07-2021""",31,34,35,31,32,32,31,34,30,41,40,42,43,47,46,35,31,31,26,29,28,30,32,41
"""01-08-2021""",33,39,32,38,34,27,26,25,29,31,26,32,35,33,31,29,31,29,31,33,29,30,35,33
"""02-08-2021""",29,31,38,31,35,31,25,30,35,31,32,35,38,42,42,33,34,37,26,31,31,31,35,36
"""03-08-2021""",31,38,37,47,41,36,37,37,36,54,51,34,34,31,44,39,34,34,29,27,32,26,35,48
"""04-08-2021""",34,49,13,26,27,27,30,27,28,-9999,-9999,-9999,-9999,-9999,21,20,22,20,27,26,17,28,28,29
"""05-08-2021""",26,27,30,28,23,24,25,32,31,24,30,43,38,35,33,31,31,36,30,34,33,37,43,49
"""06-08-2021""",44,43,38,40,35,35,40,34,49,42,40,38,34,30,30,23,22,21,23,21,24,24,20,28
"""07-08-2021""",43,34,13,21,18,14,16,11,12,17,15,14,15,13,14,15,21,14,28,16,10,19,11,12
"""08-08-2021""",13,10,8,11,10,12,10,18,11,13,15,17,15,16,13,16,19,14,10,8,11,11,9,16
"""09-08-2021""",15,13,12,10,8,9,17,13,15,15,26,26,24,22,17,17,18,11,14,27,38,38,29,31
"""10-08-2021""",31,20,21,11,19,17,20,23,7,15,27,23,22,27,28,21,20,31,27,28,31,33,27,42
"""11-08-2021""",15,23,18,20,20,26,21,16,18,40,17,33,29,37,29,27,25,15,13,15,18,13,27,9
"""12-08-2021""",21,21,19,19,16,18,16,21,26,24,26,24,21,22,19,17,16,15,11,12,13,19,16,17
"""13-08-2021""",15,13,12,15,16,12,15,20,17,13,18,21,21,18,19,21,16,12,14,17,20,10,18,14
"""14-08-2021""",13,9,11,12,12,13,13,14,15,13,14,16,15,20,17,12,17,13,17,11,17,13,13,17
"""15-08-2021""",11,11,16,11,12,12,15,13,15,15,11,18,11,23,10,13,27,15,15,19,13,22,17,16
"""16-08-2021""",19,13,11,12,10,7,5,38,24,17,17,15,29,19,9,16,10,14,13,10,12,16,11,12
"""17-08-2021""",12,10,9,8,9,8,14,9,14,12,12,16,19,12,14,12,8,10,8,11,11,13,19,5
"""18-08-2021""",12,9,7,6,7,9,12,18,12,17,18,20,22,17,19,10,17,14,13,12,14,14,11,9
"""19-08-2021""",14,15,10,11,10,15,16,19,11,11,10,16,15,19,22,18,16,21,20,20,18,13,19,18
"""20-08-2021""",17,10,15,12,14,13,17,12,13,9,9,24,25,11,13,12,12,16,20,10,9,12,10,11
"""21-08-2021""",11,9,9,7,7,9,10,9,6,15,12,11,12,12,13,11,8,17,19,11,13,15,23,31
"""22-08-2021""",15,18,17,10,9,17,15,16,18,17,13,13,18,15,13,16,19,15,16,14,18,17,19,20
"""23-08-2021""",19,24,22,20,18,16,18,20,16,15,25,21,18,22,15,16,14,9,13,10,11,11,18,9
"""24-08-2021""",15,12,9,16,11,13,9,15,23,15,16,21,13,13,18,16,15,13,12,17,15,17,8,9
"""25-08-2021""",16,12,13,14,15,11,10,11,12,17,16,16,18,17,13,15,12,11,15,19,11,15,22,22
"""26-08-2021""",11,20,15,19,15,15,9,8,11,10,13,17,19,21,18,13,15,16,14,10,11,16,16,12
"""27-08-2021""",14,12,11,13,8,5,6,12,16,13,12,12,12,13,13,11,12,15,15,15,17,12,31,19
"""28-08-2021""",25,25,20,14,13,15,12,17,21,17,19,22,22,17,17,18,16,16,13,17,18,17,17,15
"""29-08-2021""",18,18,15,18,20,10,10,13,17,20,20,20,18,16,17,9,19,20,17,19,22,18,20,22
"""30-08-2021""",25,12,9,11,9,6,4,6,12,10,13,10,13,11,12,10,9,10,7,6,10,11,13,8
"""31-08-2021""",8,16,13,14,9,9,8,14,14,12,14,14,12,14,14,12,17,13,15,14,16,19,25,28
"""01-09-2021""",13,24,16,20,21,17,17,12,16,12,12,13,14,18,16,14,14,12,13,14,12,12,14,20
"""02-09-2021""",14,16,14,10,12,11,-9999,-9999,11,17,12,13,12,17,16,17,18,14,14,18,17,17,19,16
"""03-09-2021""",15,17,17,16,13,14,13,14,14,14,13,16,16,13,16,14,16,18,14,14,13,13,17,17
"""04-09-2021""",18,15,12,12,10,10,12,12,13,12,10,13,15,11,10,10,12,12,13,13,15,15,18,14
"""05-09-2021""",10,10,7,8,13,10,10,13,11,11,12,10,13,12,9,10,11,12,16,19,26,15,15,24
"""06-09-2021""",24,-9999,-9999,-9999,-9999,-9999,-9999,-9999,-9999,-9999,-9999,-9999,-9999,-9999,-9999,-9999,-9999,-9999,-9999,-9999,-9999,-9999,-9999,-9999
"""07-09-2021""",-9999,-9999,-9999,-9999,-9999,-9999,-9999,-9999,-9999,-9999,-9999,-9999,-9999,-9999,-9999,-9999,-9999,-9999,-9999,-9999,-9999,-9999,-9999,-9999
"""08-09-2021""",-9999,-9999,-9999,-9999,-9999,-9999,-9999,-9999,-9999,-9999,-9999,-9999,-9999,-9999,-9999,-9999,-9999,-9999,-9999,-9999,-9999,-9999,-9999,-9999
"""09-09-2021""",-9999,-9999,-9999,-9999,-9999,-9999,-9999,-9999,-9999,-9999,-9999,-9999,-9999,-9999,-9999,-9999,-9999,-9999,-9999,-9999,-9999,-9999,-9999,-9999
"""10-09-2021""",-9999,-9999,-9999,-9999,-9999,-9999,-9999,-9999,-9999,-9999,-9999,-9999,-9999,-9999,-9999,-9999,-9999,-9999,-9999,-9999,-9999,-9999,-9999,-9999
"""11-09-2021""",-9999,-9999,-9999,-9999,-9999,-9999,-9999,-9999,-9999,-9999,-9999,-9999,-9999,-9999,-9999,-9999,-9999,-9999,-9999,-9999,-9999,-9999,-9999,-9999
"""12-09-2021""",-9999,-9999,-9999,-9999,-9999,-9999,-9999,-9999,-9999,-9999,-9999,-9999,-9999,-9999,-9999,-9999,-9999,-9999,-9999,-9999,-9999,-9999,-9999,-9999
"""13-09-2021""",-9999,-9999,-9999,-9999,-9999,-9999,-9999,-9999,-9999,-9999,-9999,-9999,-9999,-9999,-9999,-9999,-9999,-9999,-9999,-9999,-9999,-9999,-9999,-9999
"""14-09-2021""",-9999,-9999,-9999,-9999,-9999,-9999,-9999,-9999,-9999,-9999,-9999,-9999,-9999,-9999,-9999,-9999,-9999,-9999,-9999,-9999,-9999,-9999,-9999,-9999
"""15-09-2021""",-9999,-9999,-9999,-9999,-9999,-9999,-9999,-9999,-9999,-9999,-9999,-9999,-9999,-9999,-9999,-9999,-9999,-9999,-9999,-9999,-9999,-9999,-9999,-9999
"""16-09-2021""",-9999,-9999,-9999,-9999,-9999,-9999,-9999,-9999,-9999,-9999,19,21,22,16,14,16,18,16,14,16,17,15,15,20
"""17-09-2021""",21,24,22,20,19,23,21,19,23,29,29,27,23,19,20,15,18,17,13,11,19,21,22,25
"""18-09-2021""",16,28,24,15,21,22,25,26,24,24,27,26,21,19,21,28,13,10,9,7,5,19,30,30
"""19-09-2021""",28,15,14,13,13,12,26,15,16,14,13,15,20,14,12,21,14,14,12,13,18,20,22,23
"""20-09-2021""",20,17,22,24,17,17,21,9,20,17,23,23,22,17,14,16,14,16,17,16,14,25,32,30
"""21-09-2021""",18,8,8,8,6,6,10,9,8,10,11,15,12,12,9,8,9,8,6,6,9,13,17,20
"""22-09-2021""",20,17,12,18,7,13,12,13,11,12,16,11,15,16,18,15,20,17,18,9,14,19,19,18
"""23-09-2021""",16,10,8,11,10,8,8,8,15,11,11,9,8,10,10,12,10,12,12,12,20,19,17,13
"""24-09-2021""",12,10,10,9,12,9,8,12,22,17,14,19,21,16,11,12,13,13,13,16,23,17,27,39
"""25-09-2021""",48,28,39,28,28,20,18,22,23,28,23,18,22,14,15,16,14,11,14,12,18,19,21,59
"""26-09-2021""",66,47,37,19,25,18,18,10,17,13,19,14,13,16,17,11,10,12,12,10,7,14,19,36
"""27-09-2021""",25,25,23,24,26,16,19,19,21,22,22,22,21,22,10,13,16,14,19,14,15,17,21,16
"""28-09-2021""",19,16,12,10,13,11,11,17,21,17,16,20,17,20,12,15,13,20,14,19,14,12,15,13
"""29-09-2021""",10,11,12,12,14,11,11,10,13,14,18,14,18,15,18,17,9,10,10,14,11,14,21,17
"""30-09-2021""",13,12,16,15,12,8,10,11,11,11,15,18,24,23,21,23,21,24,19,18,22,24,27,35
"""01-10-2021""",24,16,20,19,11,10,11,12,12,10,10,16,14,12,19,20,19,16,15,23,26,29,30,24
"""02-10-2021""",17,14,14,14,12,9,7,9,12,15,10,15,13,11,15,20,20,24,21,22,24,22,20,23
"""03-10-2021""",25,19,20,15,19,16,15,14,16,15,18,11,14,13,16,11,16,12,11,16,18,16,21,19
"""04-10-2021""",18,17,18,14,15,15,18,20,20,18,17,14,20,16,15,16,12,16,15,18,21,16,23,17
"""05-10-2021""",15,14,17,20,12,16,17,17,24,20,26,29,29,12,21,20,13,13,12,11,9,15,17,15
"""06-10-2021""",18,17,17,13,13,13,16,15,13,16,16,19,20,15,16,17,12,13,12,16,15,21,18,21
"""07-10-2021""",20,17,12,8,6,8,8,8,5,7,6,7,8,8,11,11,14,16,10,9,18,24,23,13
"""08-10-2021""",11,12,11,9,13,10,8,9,8,7,4,4,7,8,8,10,8,13,9,11,13,13,19,13
"""09-10-2021""",10,12,9,6,6,7,10,7,7,10,9,18,8,8,7,10,10,9,14,14,13,9,6,8
"""10-10-2021""",7,12,10,5,8,6,3,4,6,5,3,4,7,9,18,16,12,9,7,7,5,5,9,10
"""11-10-2021""",8,9,5,3,7,4,2,2,3,9,9,10,12,10,7,8,9,8,11,15,10,13,16,17
"""12-10-2021""",13,16,12,9,9,5,4,7,13,12,9,9,11,23,9,17,14,15,13,12,13,18,15,13
"""13-10-2021""",12,12,10,10,10,13,14,16,15,20,20,18,12,13,12,16,17,17,14,-9999,-9999,-9999,-9999,-9999
"""14-10-2021""",-9999,-9999,-9999,-9999,-9999,-9999,-9999,-9999,-9999,-9999,-9999,-9999,-9999,-9999,-9999,-9999,-9999,-9999,-9999,-9999,-9999,-9999,-9999,-9999
"""15-10-2021""",-9999,-9999,-9999,-9999,-9999,-9999,-9999,-9999,-9999,-9999,-9999,-9999,-9999,-9999,-9999,-9999,-9999,-9999,-9999,-9999,-9999,-9999,-9999,-9999
"""16-10-2021""",-9999,-9999,-9999,-9999,-9999,-9999,-9999,-9999,-9999,-9999,-9999,-9999,-9999,-9999,-9999,-9999,-9999,-9999,-9999,-9999,-9999,-9999,-9999,-9999
"""17-10-2021""",-9999,-9999,-9999,-9999,-9999,-9999,-9999,-9999,-9999,-9999,-9999,-9999,-9999,-9999,-9999,-9999,-9999,-9999,-9999,-9999,-9999,-9999,-9999,-9999
"""18-10-2021""",-9999,-9999,-9999,-9999,-9999,-9999,-9999,-9999,-9999,-9999,-9999,-9999,-9999,-9999,-9999,-9999,-9999,-9999,-9999,-9999,-9999,-9999,-9999,-9999
"""19-10-2021""",-9999,-9999,-9999,-9999,-9999,-9999,-9999,-9999,22,24,24,25,20,19,16,21,20,19,21,30,31,28,26,25
"""20-10-2021""",21,22,21,20,25,24,19,25,26,38,35,49,39,39,20,20,20,21,22,25,21,27,28,21
"""21-10-2021""",25,22,21,16,19,13,23,23,34,30,41,46,41,41,26,22,24,19,22,21,20,25,28,35
"""22-10-2021""",28,14,28,33,29,28,29,23,28,30,32,33,36,32,29,21,19,18,20,25,19,27,43,45
"""23-10-2021""",42,25,35,46,33,33,27,25,27,32,35,36,36,36,31,36,30,28,26,25,28,50,73,48
"""24-10-2021""",63,60,39,37,22,11,12,13,10,11,9,12,15,15,17,20,29,21,15,13,11,13,12,14
"""25-10-2021""",14,13,17,13,13,18,13,14,14,10,10,13,9,16,13,12,10,10,10,11,16,22,30,21
"""26-10-2021""",17,23,18,16,12,14,16,16,16,15,21,18,25,16,13,14,13,20,15,18,15,13,18,42
"""27-10-2021""",39,27,14,18,10,13,17,18,18,20,27,44,31,21,18,15,15,22,22,23,24,29,42,67
"""28-10-2021""",52,61,25,32,22,27,26,28,25,22,22,27,27,32,28,29,26,26,25,21,29,29,34,36
"""29-10-2021""",48,45,43,42,25,30,41,30,33,38,43,61,41,38,31,33,27,22,24,20,26,24,25,21
"""30-10-2021""",20,23,26,36,18,22,23,18,25,28,32,46,33,40,28,24,25,25,22,18,24,18,23,27
"""31-10-2021""",40,30,18,16,17,21,20,22,22,22,27,25,24,25,19,16,24,18,20,22,24,26,29,26
"""01-11-2021""",23,32,38,29,30,29,27,22,28,30,39,36,45,37,26,25,21,23,23,27,34,31,30,29
"""02-11-2021""",27,21,21,23,18,19,17,23,20,29,30,33,37,17,9,16,12,16,21,27,29,25,28,28
"""03-11-2021""",28,29,35,32,31,33,35,33,33,37,44,45,54,50,23,19,22,27,26,31,18,22,27,26
"""04-11-2021""",14,13,19,18,17,17,15,20,19,16,22,20,19,22,19,20,21,13,19,26,18,18,22,26
"""05-11-2021""",24,19,17,18,17,18,19,26,25,15,22,16,48,-9999,23,19,24,21,22,20,29,28,46,61
"""06-11-2021""",39,28,23,26,31,30,27,28,26,27,31,36,39,36,38,37,36,36,42,72,78,55,66,64
"""07-11-2021""",48,44,38,38,36,31,35,27,32,33,44,44,36,32,33,29,35,39,27,40,36,29,34,36
"""08-11-2021""",44,50,38,37,39,40,33,33,32,26,36,35,31,30,34,30,26,30,27,34,30,29,32,43
"""09-11-2021""",37,36,27,34,29,29,32,30,31,37,32,30,32,34,31,37,34,42,20,18,17,19,14,17
"""10-11-2021""",18,19,20,20,14,13,10,8,8,9,9,12,19,13,15,17,12,16,14,25,16,16,17,12
"""11-11-2021""",11,10,10,7,8,9,12,11,16,17,18,25,22,25,20,27,22,22,32,23,27,24,31,41
"""12-11-2021""",44,30,36,24,24,28,24,24,25,31,41,48,43,40,27,24,20,24,32,31,32,44,66,60
"""13-11-2021""",62,46,56,47,38,30,25,28,26,25,39,53,43,38,28,25,25,21,25,34,40,36,40,58
"""14-11-2021""",58,57,37,39,42,37,37,33,32,38,40,43,40,42,41,34,33,34,35,36,37,34,46,50
"""15-11-2021""",60,81,49,33,41,45,45,40,41,61,53,49,44,46,47,40,44,44,56,55,47,50,52,29
"""16-11-2021""",17,19,17,14,21,15,16,19,19,22,17,16,14,16,20,17,20,28,16,17,14,17,15,15
"""17-11-2021""",13,13,18,19,19,11,13,17,18,19,18,23,18,19,26,28,28,33,24,23,21,25,31,23
"""18-11-2021""",29,22,11,14,13,13,11,14,20,29,21,23,19,20,26,29,28,23,24,31,36,26,27,32
"""19-11-2021""",27,30,21,30,21,16,17,12,15,12,11,16,18,17,19,16,20,21,22,27,23,22,35,40
"""20-11-2021""",29,27,18,16,13,13,15,16,15,13,11,15,14,14,16,21,23,21,25,25,28,50,26,24
"""21-11-2021""",36,26,33,28,33,21,20,23,22,21,23,24,27,18,20,31,25,26,27,31,31,29,25,25
"""22-11-2021""",30,38,38,37,48,40,34,35,36,39,39,42,57,67,68,45,38,40,42,41,41,43,44,38
"""23-11-2021""",38,40,43,44,25,33,34,40,36,37,41,41,27,19,25,27,35,32,32,33,36,27,32,30
"""24-11-2021""",24,19,22,21,18,17,21,17,20,21,21,26,27,24,24,21,17,16,15,18,19,24,15,14
"""25-11-2021""",16,13,11,11,12,19,7,17,-9999,-9999,-9999,-9999,-9999,-9999,-9999,-9999,-9999,-9999,-9999,-9999,-9999,-9999,-9999,-9999
"""26-11-2021""",-9999,-9999,-9999,-9999,-9999,-9999,-9999,-9999,-9999,-9999,-9999,-9999,-9999,-9999,-9999,-9999,-9999,-9999,-9999,-9999,-9999,-9999,-9999,-9999
"""27-11-2021""",-9999,-9999,-9999,-9999,-9999,-9999,-9999,-9999,-9999,-9999,-9999,-9999,-9999,-9999,-9999,-9999,-9999,-9999,-9999,-9999,-9999,-9999,-9999,-9999
"""28-11-2021""",-9999,-9999,-9999,-9999,-9999,-9999,-9999,-9999,-9999,-9999,-9999,-9999,-9999,-9999,-9999,-9999,-9999,-9999,-9999,-9999,-9999,-9999,-9999,-9999
"""29-11-2021""",-9999,-9999,-9999,-9999,-9999,-9999,-9999,-9999,-9999,-9999,-9999,-9999,-9999,-9999,-9999,-9999,-9999,-9999,-9999,-9999,-9999,-9999,-9999,-9999
"""30-11-2021""",-9999,-9999,-9999,-9999,-9999,-9999,-9999,-9999,-9999,-9999,-9999,-9999,-9999,-9999,-9999,-9999,-9999,-9999,-9999,-9999,-9999,-9999,-9999,-9999
"""01-12-2021""",-9999,-9999,-9999,-9999,-9999,-9999,-9999,-9999,-9999,-9999,23,27,29,27,25,28,17,27,48,46,59,41,65,65
"""02-12-2021""",46,76,48,30,33,34,34,36,31,35,46,36,39,25,22,20,17,26,41,47,64,48,68,100
"""03-12-2021""",88,73,53,36,35,35,37,43,39,40,46,35,52,41,33,31,29,38,77,49,25,15,10,9
"""04-12-2021""",13,11,9,9,8,21,17,10,15,15,19,16,19,28,22,30,29,29,26,31,39,33,57,68
"""05-12-2021""",70,48,44,33,33,27,28,24,28,25,23,29,39,46,31,26,29,27,31,24,37,28,47,36
"""06-12-2021""",54,27,23,23,16,14,18,20,27,25,13,10,8,11,11,12,15,17,26,30,39,38,30,21
"""07-12-2021""",28,33,28,21,19,11,11,23,24,19,15,11,10,13,11,10,9,11,11,10,11,13,12,11
"""08-12-2021""",10,12,12,12,12,10,12,13,16,15,-9999,-9999,-9999,-9999,-9999,-9999,18,15,18,22,41,49,37,30
"""09-12-2021""",39,61,36,48,27,27,24,29,24,26,27,29,36,47,42,27,29,24,26,35,43,49,52,47
"""10-12-2021""",42,38,41,39,38,41,44,28,7,7,11,12,13,9,11,20,11,17,17,16,21,42,53,74
"""11-12-2021""",72,40,52,10,8,11,10,9,8,11,12,13,13,10,17,17,16,12,12,14,15,22,18,27
"""12-12-2021""",19,11,11,14,15,11,9,13,13,23,16,20,22,29,38,31,26,27,19,26,25,16,16,17
"""13-12-2021""",16,12,8,7,8,5,4,6,8,9,11,15,17,17,17,16,15,12,13,13,12,22,20,14
"""14-12-2021""",22,16,16,13,11,15,11,10,13,12,13,15,23,17,19,21,18,13,23,23,27,27,29,30
"""15-12-2021""",27,20,18,19,21,13,16,19,21,20,16,25,21,17,15,22,21,19,20,15,17,22,22,26
"""16-12-2021""",19,15,20,20,16,17,19,17,22,18,18,15,21,19,19,19,16,17,17,15,15,14,21,18
"""17-12-2021""",21,18,15,13,14,14,18,12,12,26,28,33,14,18,10,14,19,14,15,17,17,19,21,20
"""18-12-2021""",20,19,9,13,11,12,11,17,17,14,14,18,22,12,11,-9999,-9999,31,22,29,30,24,33,32
"""19-12-2021""",20,12,13,15,14,16,14,13,10,17,14,13,14,22,20,27,27,28,25,21,24,39,34,27
"""20-12-2021""",25,34,28,31,31,21,22,17,15,19,-9999,-9999,13,13,12,16,13,14,17,11,9,17,17,13
"""21-12-2021""",13,9,8,12,11,10,11,10,12,21,17,14,23,13,17,15,13,14,18,16,22,16,18,23
"""22-12-2021""",15,15,13,12,16,14,11,10,14,12,19,48,45,32,34,23,20,24,22,24,58,65,55,25
"""23-12-2021""",26,20,16,16,15,18,17,16,14,22,30,27,18,15,31,33,32,35,45,32,35,34,43,40
"""24-12-2021""",37,50,40,39,42,41,41,34,36,39,36,46,63,45,48,49,43,35,34,47,64,75,68,64
"""25-12-2021""",72,72,76,64,83,60,54,54,43,40,48,54,64,70,77,85,85,82,75,84,146,127,115,169
"""26-12-2021""",108,102,107,91,89,78,65,45,37,43,38,45,53,69,58,55,61,63,65,95,171,106,99,92
"""27-12-2021""",98,93,80,79,62,60,55,46,44,53,57,72,85,63,57,69,68,71,66,22,21,35,53,72
"""28-12-2021""",71,72,66,47,45,45,31,26,25,27,27,44,49,54,58,57,61,57,66,60,61,58,50,49
"""29-12-2021""",38,41,46,47,51,55,53,50,58,52,35,31,46,47,48,58,46,40,53,46,29,36,44,22
"""30-12-2021""",12,15,18,11,11,11,10,9,8,10,12,16,13,10,12,18,24,17,19,17,22,17,15,18
"""31-12-2021""",20,14,12,11,8,9,11,8,8,11,15,19,15,14,23,18,22,32,25,24,25,39,30,46
"""01-01-2022""",39,85,33,33,58,50,40,39,40,35,32,21,25,18,22,24,20,12,13,12,12,11,13,13
"""02-01-2022""",12,14,12,15,11,11,11,15,15,15,14,13,14,19,18,19,17,22,30,25,35,48,60,49
"""03-01-2022""",65,65,51,41,43,26,31,27,30,27,34,39,34,36,35,24,31,31,29,34,54,67,66,54
"""04-01-2022""",48,46,41,46,51,43,32,39,39,45,44,40,51,43,43,45,29,36,40,43,54,68,56,68
"""05-01-2022""",65,57,47,45,41,39,38,32,36,42,46,58,65,72,52,41,47,40,45,47,52,63,63,47
"""06-01-2022""",62,44,37,36,35,29,32,27,27,31,25,27,29,32,25,28,40,37,26,37,45,77,61,59
"""07-01-2022""",56,57,53,44,42,37,25,16,17,20,17,26,18,18,14,13,21,24,20,21,21,24,23,19
"""08-01-2022""",19,14,14,11,10,7,12,15,17,18,17,24,27,27,25,27,15,14,11,10,12,11,15,23
"""09-01-2022""",36,26,23,24,23,28,24,18,23,35,33,33,22,20,27,36,22,30,28,19,12,22,36,45
"""10-01-2022""",31,41,35,9,9,9,9,17,12,9,13,11,9,8,11,11,14,16,13,18,16,10,11,15
"""11-01-2022""",12,16,12,13,14,12,11,18,17,15,16,25,25,21,11,17,15,10,12,18,24,19,17,20
"""12-01-2022""",16,15,13,12,16,12,15,10,8,14,14,-9999,-9999,18,23,19,21,18,21,19,22,27,25,20
"""13-01-2022""",21,17,19,17,18,21,21,18,22,23,23,22,22,22,25,22,25,24,31,36,32,31,29,38
"""14-01-2022""",29,31,31,25,29,28,25,27,29,30,31,27,28,22,13,17,16,16,25,28,41,36,24,15
"""15-01-2022""",15,13,10,8,8,9,11,8,6,10,11,10,14,16,17,21,20,19,26,21,20,23,26,27
"""16-01-2022""",23,19,17,16,16,14,18,18,16,14,13,17,22,23,18,25,28,20,21,23,30,22,18,17
"""17-01-2022""",59,53,51,32,37,31,26,24,29,37,33,40,32,39,30,27,18,16,19,21,23,17,23,22
"""18-01-2022""",11,19,16,16,15,15,12,13,12,11,11,11,9,9,11,12,12,13,13,12,13,16,14,14
"""19-01-2022""",12,12,10,13,11,9,11,13,15,14,12,14,13,13,16,17,13,13,17,23,33,32,27,72
"""20-01-2022""",57,47,64,27,27,30,28,16,26,30,31,33,50,52,40,25,20,18,29,35,36,40,41,40
"""21-01-2022""",41,41,58,55,28,28,23,26,38,39,45,42,17,12,10,9,10,9,10,11,12,14,15,15
"""22-01-2022""",11,10,13,13,8,6,7,9,8,11,12,15,15,12,8,14,15,15,13,18,19,18,19,18
"""23-01-2022""",12,11,9,11,8,6,8,11,11,9,9,12,14,15,17,14,15,14,16,14,16,14,24,18
"""24-01-2022""",15,18,14,11,13,15,14,18,18,21,19,20,12,17,17,14,14,14,16,22,23,19,20,23
"""25-01-2022""",19,13,18,16,16,13,12,14,18,14,23,22,18,15,14,19,26,14,16,21,21,24,23,24
"""26-01-2022""",15,18,17,19,20,16,21,22,20,21,21,19,22,23,18,24,20,19,19,19,18,16,18,15
"""27-01-2022""",14,18,17,12,15,13,14,24,28,28,31,28,42,42,35,12,19,14,21,27,23,24,30,47
"""28-01-2022""",40,35,23,26,25,34,33,37,35,43,55,82,56,35,28,23,22,28,25,38,58,32,21,16
"""29-01-2022""",17,16,15,13,10,8,12,12,12,12,15,18,15,13,13,16,21,16,22,18,21,26,18,19
"""30-01-2022""",25,15,11,12,11,13,12,11,15,17,20,17,18,18,17,19,18,26,30,35,39,82,70,32
"""31-01-2022""",31,15,13,12,11,10,10,9,12,13,12,12,17,13,10,9,9,14,12,14,24,20,26,19
"""01-02-2022""",10,10,10,7,6,8,9,7,10,17,19,19,21,27,21,29,30,33,21,18,12,13,16,15
"""02-02-2022""",12,9,9,10,8,7,6,7,12,10,15,16,19,22,15,19,21,22,26,25,27,30,39,28
"""03-02-2022""",16,12,10,12,10,12,12,12,13,12,12,15,12,17,13,13,13,15,13,19,17,17,18,20
"""04-02-2022""",14,11,11,10,11,10,9,12,14,15,17,17,15,21,16,13,13,13,13,17,25,25,34,24
"""05-02-2022""",62,53,47,39,45,28,28,25,19,30,23,34,48,51,44,25,28,31,38,45,53,102,86,74
"""06-02-2022""",61,24,23,26,33,36,35,28,20,22,25,35,22,25,21,18,21,22,24,30,32,28,25,59
"""07-02-2022""",51,38,39,44,58,40,36,34,35,35,38,54,54,59,60,79,67,48,46,46,49,43,21,7
"""08-02-2022""",7,6,8,10,10,10,8,7,7,9,11,10,14,13,11,13,13,11,11,10,13,13,14,12
"""09-02-2022""",13,12,10,9,12,11,12,12,11,13,16,13,15,15,10,11,14,12,11,15,12,14,13,15
"""10-02-2022""",19,14,14,13,10,20,16,15,19,25,27,29,23,25,24,19,15,15,16,18,21,29,53,51
"""11-02-2022""",47,49,44,34,32,31,30,13,26,31,30,31,45,52,31,20,20,21,22,23,25,42,50,49
"""12-02-2022""",65,84,52,43,37,34,34,35,33,42,46,24,29,26,30,30,23,22,20,26,26,22,23,42
"""13-02-2022""",36,23,28,30,20,21,23,12,19,12,10,14,10,12,13,13,19,18,12,15,23,20,19,20
"""14-02-2022""",20,14,16,28,23,23,21,19,20,26,35,27,24,24,13,13,19,16,18,16,16,15,15,17
"""15-02-2022""",19,23,28,28,27,23,24,26,29,41,34,33,34,23,24,24,20,23,21,19,24,26,25,29
"""16-02-2022""",24,30,25,31,37,32,33,33,40,42,33,37,41,37,32,30,26,35,35,39,36,34,41,28
"""17-02-2022""",36,34,35,40,37,36,36,43,46,46,48,53,45,39,26,21,15,14,12,25,21,20,15,19
"""18-02-2022""",33,37,33,19,20,24,24,24,25,11,13,10,14,13,8,5,11,10,10,15,15,18,16,16
"""19-02-2022""",19,20,19,6,9,14,16,18,22,26,22,20,16,21,20,21,22,14,13,12,21,28,23,20
"""20-02-2022""",21,18,26,29,28,24,26,22,27,23,26,30,29,35,44,34,29,28,24,17,18,36,52,59
"""21-02-2022""",61,54,47,41,46,38,38,35,34,31,37,37,35,29,29,29,17,15,20,20,22,26,35,30
"""22-02-2022""",39,37,25,29,36,33,31,27,33,32,46,39,37,36,26,27,22,18,10,11,14,13,14,11
"""23-02-2022""",10,11,12,12,14,17,15,17,17,16,14,21,18,16,24,29,21,23,17,14,14,13,14,13
"""24-02-2022""",12,14,13,13,11,10,11,17,21,18,18,16,15,13,27,25,23,23,29,27,29,14,14,28
"""25-02-2022""",33,29,22,26,19,18,15,24,25,20,26,31,26,19,15,13,16,15,15,15,20,26,20,17
"""26-02-2022""",13,13,21,30,45,46,19,26,22,22,29,32,41,27,14,15,12,16,16,18,20,14,20,12
"""27-02-2022""",11,11,15,15,16,22,12,20,19,18,13,20,17,18,26,21,22,13,17,25,23,27,19,19
"""28-02-2022""",16,16,12,12,12,11,10,11,9,7,11,10,10,10,12,13,14,19,18,17,20,13,12,15
"""01-03-2022""",10,9,8,8,6,4,11,9,8,8,9,10,7,5,5,12,10,11,16,15,22,27,30,21
"""02-03-2022""",14,18,12,16,11,12,16,15,15,19,21,17,14,12,11,14,16,14,22,23,19,23,26,21
"""03-03-2022""",19,23,23,23,20,22,21,24,23,26,26,26,19,23,18,19,21,20,24,24,24,34,38,46
"""04-03-2022""",52,49,42,52,40,28,40,35,29,65,-9999,49,42,28,17,23,18,25,20,16,19,20,39,31
"""05-03-2022""",20,16,23,30,21,19,17,17,13,10,10,11,11,14,15,14,20,20,20,17,18,15,20,13
"""06-03-2022""",15,14,23,18,14,12,8,25,8,9,7,7,7,7,10,11,13,11,9,10,14,13,14,13
"""07-03-2022""",15,27,27,23,26,24,22,21,22,18,17,14,15,17,14,12,11,17,21,19,20,18,21,19
"""08-03-2022""",13,18,19,13,15,14,11,14,12,17,16,26,26,20,19,19,27,23,26,25,28,34,35,30
"""09-03-2022""",27,25,25,28,26,25,28,21,30,32,30,31,30,29,31,27,25,26,25,19,24,28,23,24
"""10-03-2022""",27,28,22,19,19,19,19,19,26,19,21,22,22,21,17,12,11,14,14,11,9,13,11,20
"""11-03-2022""",12,14,15,13,12,14,16,12,11,18,17,20,20,16,16,18,25,16,15,21,24,23,31,19
"""12-03-2022""",19,17,16,20,17,16,19,14,19,14,18,21,23,19,15,16,19,18,18,26,33,48,33,37
"""13-03-2022""",22,31,42,35,33,30,29,29,23,24,26,21,23,21,19,19,19,17,17,16,17,27,25,23
"""14-03-2022""",39,31,19,16,22,22,25,29,32,22,28,31,33,20,20,18,22,21,18,16,22,20,21,16
"""15-03-2022""",20,18,21,28,29,21,28,23,34,36,40,36,31,22,16,18,22,20,23,21,27,31,26,21
"""16-03-2022""",24,26,38,35,42,31,32,44,43,46,53,53,55,40,29,31,29,28,24,29,27,28,37,51
"""17-03-2022""",48,51,54,36,34,36,37,39,45,50,48,49,44,34,33,26,33,31,47,31,26,26,32,37
"""18-03-2022""",17,24,14,11,12,11,16,17,13,17,14,17,20,19,19,29,33,37,35,33,37,37,37,59
"""19-03-2022""",35,36,26,31,29,26,23,27,27,19,33,27,28,23,25,27,21,20,19,20,21,23,19,15
"""20-03-2022""",13,13,18,19,18,19,17,18,17,19,18,14,15,14,11,17,15,22,17,16,14,21,24,21
"""21-03-2022""",17,18,20,15,17,15,21,25,29,42,35,22,20,20,23,22,20,19,22,23,21,27,45,46
"""22-03-2022""",26,21,23,25,21,25,57,-9999,-9999,-9999,-9999,-9999,-9999,-9999,-9999,-9999,-9999,-9999,-9999,-9999,-9999,-9999,-9999,-9999
"""23-03-2022""",-9999,-9999,-9999,-9999,-9999,-9999,-9999,-9999,-9999,22,27,19,17,18,14,11,17,13,18,15,15,16,20,19
"""24-03-2022""",31,33,31,27,22,29,25,22,-9999,-9999,82,49,39,32,41,29,30,33,31,34,56,69,100,102
"""25-03-2022""",96,97,73,52,37,28,33,52,43,42,36,34,37,29,27,28,28,22,18,23,24,17,19,23
"""26-03-2022""",19,19,14,18,18,16,20,31,32,29,31,29,30,28,32,32,30,25,30,29,30,33,29,30
"""27-03-2022""",28,30,37,35,41,35,39,37,40,40,48,52,51,45,44,37,36,31,35,33,53,63,49,56
"""28-03-2022""",56,46,43,40,34,36,35,42,42,-9999,51,54,64,72,64,46,33,31,33,36,43,41,43,34
"""29-03-2022""",41,39,43,44,49,52,41,44,49,51,61,64,66,42,51,41,35,31,26,27,33,34,31,34
"""30-03-2022""",42,53,49,39,41,41,37,41,52,58,74,73,69,66,48,32,40,37,34,32,44,48,68,63
"""31-03-2022""",53,45,46,48,45,45,51,57,64,57,58,70,90,85,68,70,80,76,85,79,69,54,59,60
"""01-04-2022""",57,53,48,52,44,59,70,71,80,76,85,84,81,77,79,84,86,69,67,64,66,65,48,37
"""02-04-2022""",35,36,20,14,12,13,13,16,15,12,13,14,18,15,15,14,20,25,26,12,16,25,19,23
"""03-04-2022""",13,17,19,13,11,7,6,9,12,10,13,10,8,11,11,16,16,14,14,13,16,14,19,20
"""04-04-2022""",14,15,13,10,7,6,9,9,9,21,20,28,18,40,34,23,23,23,23,24,17,22,19,15
"""05-04-2022""",21,22,16,15,19,14,12,16,29,39,38,33,28,29,30,28,26,22,19,18,23,25,30,28
"""06-04-2022""",32,32,40,35,20,24,26,27,39,43,39,38,49,41,32,24,28,26,24,31,34,34,36,28
"""07-04-2022""",32,32,34,34,24,24,25,28,33,34,-9999,-9999,-9999,-9999,-9999,-9999,-9999,-9999,-9999,-9999,-9999,-9999,-9999,-9999
"""08-04-2022""",-9999,-9999,-9999,-9999,-9999,-9999,-9999,-9999,-9999,-9999,-9999,-9999,-9999,-9999,-9999,-9999,-9999,-9999,-9999,-9999,-9999,-9999,-9999,-9999
"""09-04-2022""",-9999,-9999,-9999,-9999,-9999,-9999,-9999,-9999,-9999,-9999,-9999,-9999,-9999,-9999,-9999,-9999,-9999,-9999,-9999,-9999,-9999,-9999,-9999,-9999
"""10-04-2022""",-9999,-9999,-9999,-9999,-9999,-9999,-9999,-9999,-9999,-9999,-9999,-9999,-9999,-9999,-9999,-9999,-9999,-9999,-9999,-9999,-9999,-9999,-9999,-9999
"""11-04-2022""",-9999,-9999,-9999,-9999,-9999,-9999,-9999,-9999,-9999,-9999,-9999,-9999,-9999,-9999,-9999,-9999,-9999,-9999,-9999,-9999,-9999,-9999,-9999,-9999
"""12-04-2022""",-9999,-9999,-9999,-9999,-9999,-9999,-9999,-9999,-9999,-9999,-9999,-9999,-9999,-9999,-9999,-9999,-9999,-9999,-9999,-9999,-9999,-9999,-9999,-9999
"""13-04-2022""",-9999,-9999,-9999,-9999,-9999,-9999,-9999,-9999,-9999,-9999,-9999,-9999,-9999,-9999,-9999,-9999,-9999,-9999,-9999,-9999,-9999,-9999,-9999,-9999
"""14-04-2022""",-9999,-9999,-9999,-9999,-9999,-9999,-9999,-9999,-9999,-9999,-9999,-9999,-9999,-9999,-9999,-9999,-9999,-9999,-9999,-9999,-9999,-9999,-9999,-9999
"""15-04-2022""",-9999,-9999,-9999,-9999,-9999,-9999,-9999,-9999,-9999,-9999,-9999,-9999,-9999,-9999,-9999,-9999,-9999,-9999,-9999,-9999,-9999,-9999,-9999,-9999
"""16-04-2022""",-9999,-9999,-9999,-9999,-9999,-9999,-9999,-9999,-9999,-9999,22,30,24,28,22,13,13,17,19,15,27,34,25,27
"""17-04-2022""",40,30,22,28,15,8,14,10,10,11,12,12,12,13,21,21,22,21,16,17,8,11,11,12
"""18-04-2022""",9,5,2,5,5,4,3,8,6,5,8,6,6,10,8,9,10,11,11,12,8,7,9,10
"""19-04-2022""",8,7,6,4,4,5,3,1,6,9,9,8,9,10,11,12,11,11,12,12,14,15,15,16
"""20-04-2022""",14,14,10,8,8,5,3,11,15,14,16,9,7,9,8,7,10,12,10,11,13,11,8,6
"""21-04-2022""",4,4,5,8,6,3,5,8,8,12,12,14,13,24,17,24,23,18,18,15,14,12,11,16
"""22-04-2022""",15,16,19,22,24,23,24,25,26,24,24,24,19,13,17,19,13,12,13,11,15,18,20,26
"""23-04-2022""",25,18,26,21,18,21,21,21,19,21,19,22,20,19,11,11,14,14,11,14,15,19,25,14
"""24-04-2022""",19,24,29,20,23,17,18,12,19,15,16,20,24,24,19,11,15,14,17,17,20,13,18,20
"""25-04-2022""",23,26,19,19,15,16,16,15,13,15,20,20,26,17,16,17,14,22,15,19,14,14,20,20
"""26-04-2022""",23,19,20,22,20,19,16,19,17,25,9,7,6,7,10,10,10,17,14,14,18,-9999,-9999,31
"""27-04-2022""",28,27,24,20,17,18,16,18,20,15,25,21,17,13,17,18,13,17,20,16,13,20,18,20
"""28-04-2022""",19,20,25,19,17,21,21,24,21,17,24,25,27,29,27,12,14,14,11,13,15,16,22,28
"""29-04-2022""",15,11,11,10,13,11,8,9,8,9,12,12,16,17,23,19,22,20,11,15,14,16,22,33
"""30-04-2022""",27,22,19,15,15,14,12,11,13,10,17,20,21,14,16,17,23,17,15,16,15,17,29,21
"""01-05-2022""",21,20,18,20,18,20,16,17,14,11,10,11,12,15,11,10,10,8,6,7,7,8,14,14
"""02-05-2022""",11,10,12,14,15,12,11,16,15,14,12,10,8,6,5,9,11,10,9,20,17,15,10,11
"""03-05-2022""",12,14,12,8,5,7,7,8,8,6,12,11,11,16,5,11,11,11,11,11,10,10,14,12
"""04-05-2022""",9,8,4,4,6,5,4,7,9,13,10,6,11,11,14,13,9,7,9,12,15,11,17,17
"""05-05-2022""",16,23,17,16,18,17,13,17,17,14,19,20,11,10,13,12,9,12,11,8,11,11,14,27
"""06-05-2022""",13,11,12,11,15,12,15,18,19,21,21,13,7,10,10,9,14,17,15,10,8,17,12,11
"""07-05-2022""",14,10,16,14,12,15,11,11,14,14,15,10,7,8,8,11,13,11,11,11,8,13,24,15
"""08-05-2022""",16,16,9,16,11,18,15,15,15,13,17,15,11,7,4,12,12,10,7,5,5,9,13,13
"""09-05-2022""",12,18,18,13,13,13,13,18,14,15,15,18,16,4,4,12,8,11,9,5,10,10,10,11
"""10-05-2022""",15,15,15,14,11,11,17,15,13,23,17,17,7,4,7,11,9,7,9,9,13,13,12,19
"""11-05-2022""",17,15,15,13,13,11,10,13,19,14,19,11,10,11,6,10,11,9,9,8,11,12,15,8
"""12-05-2022""",21,19,15,14,13,11,15,14,14,14,20,19,10,11,11,16,14,11,13,12,12,13,19,23
"""13-05-2022""",20,17,14,21,14,15,16,16,17,15,19,18,8,18,16,20,12,13,13,10,10,14,27,25
"""14-05-2022""",16,16,14,15,14,12,18,17,13,13,11,10,11,14,12,15,12,15,17,16,19,20,23,37
"""15-05-2022""",36,37,32,20,24,27,30,15,11,10,12,17,15,15,13,13,18,15,13,14,16,14,18,20
"""16-05-2022""",16,17,21,18,19,23,15,12,23,21,18,20,24,19,25,14,12,15,9,18,11,17,20,22
"""17-05-2022""",24,23,20,18,23,19,19,14,13,15,18,20,19,15,10,15,17,13,16,10,13,13,19,22
"""18-05-2022""",15,15,24,17,20,11,13,9,9,13,14,11,13,12,13,12,12,10,13,21,11,9,6,5
"""19-05-2022""",8,7,9,6,3,2,5,8,11,-9999,-9999,-9999,11,6,3,7,7,6,5,8,8,7,7,11
"""20-05-2022""",7,14,10,10,8,6,4,6,10,16,17,18,5,4,6,5,8,8,5,6,6,15,22,15
"""21-05-2022""",10,13,17,14,12,13,12,12,13,12,17,18,9,7,11,9,8,6,6,10,8,8,16,36
"""22-05-2022""",16,18,24,9,13,16,11,11,8,8,13,21,16,18,14,14,14,10,10,11,7,9,7,8
"""23-05-2022""",10,8,7,7,9,12,8,11,17,24,24,17,12,12,15,14,10,11,12,15,17,14,20,19
"""24-05-2022""",21,26,21,17,22,17,21,21,19,18,17,23,19,14,12,15,15,13,14,14,15,14,14,21
"""25-05-2022""",16,16,20,14,19,21,19,9,19,16,23,15,19,11,17,17,19,16,9,18,16,14,16,21
"""26-05-2022""",18,10,16,15,11,14,11,14,17,22,17,20,17,-9999,20,19,18,21,17,16,20,19,24,25
"""27-05-2022""",17,24,22,20,23,14,15,13,16,18,19,26,22,22,20,20,16,12,21,21,21,17,19,23
"""28-05-2022""",22,11,18,16,15,17,17,18,22,22,21,17,25,23,24,22,25,20,21,20,20,32,22,28
"""29-05-2022""",28,24,25,24,24,18,14,19,18,20,21,23,21,17,23,24,26,21,25,17,16,22,19,19
"""30-05-2022""",25,20,13,11,15,9,12,7,8,16,15,15,13,11,10,10,8,13,10,9,8,7,8,12
"""31-05-2022""",17,11,13,14,12,11,8,8,11,9,20,21,21,12,11,13,8,9,11,15,10,15,9,12
"""01-06-2022""",9,10,12,10,9,7,4,10,8,10,14,12,13,14,11,10,9,11,13,11,10,9,13,10
"""02-06-2022""",18,18,19,20,14,12,13,14,14,17,-9999,-9999,23,15,11,10,10,15,15,14,14,16,17,47
"""03-06-2022""",23,18,19,19,18,11,12,15,14,9,12,14,14,14,36,15,12,9,12,9,12,10,13,38
"""04-06-2022""",16,14,18,18,19,13,15,13,13,20,10,17,17,18,22,16,12,15,15,13,11,18,13,19
"""05-06-2022""",20,22,20,23,25,16,20,16,11,14,18,18,18,16,20,20,14,15,10,10,16,11,15,18
"""06-06-2022""",18,20,24,21,15,16,13,16,10,13,16,19,14,18,15,19,13,19,11,6,4,10,14,11
"""07-06-2022""",9,11,11,10,5,7,8,7,8,9,9,10,11,11,9,9,10,10,8,5,11,14,14,14
"""08-06-2022""",16,13,18,15,14,17,6,14,12,13,13,12,11,15,16,11,16,11,9,11,11,8,14,14
"""09-06-2022""",11,10,12,12,6,10,11,7,5,12,20,15,6,10,11,13,10,5,6,5,11,11,11,22
"""10-06-2022""",9,11,10,6,5,4,0,0,1,5,9,10,9,14,16,16,14,11,11,13,8,6,13,10
"""11-06-2022""",9,7,8,5,4,3,5,0,0,2,2,5,5,9,12,8,4,4,7,6,6,8,13,11
"""12-06-2022""",18,14,10,7,7,4,1,4,5,4,5,7,6,7,14,12,10,5,3,6,8,7,11,10
"""13-06-2022""",8,8,8,7,7,4,1,3,3,6,10,11,10,9,7,8,13,9,6,8,12,19,29,19
"""14-06-2022""",12,14,12,19,15,8,6,14,15,21,12,13,12,13,15,14,13,12,9,12,19,21,24,15
"""15-06-2022""",19,13,20,6,6,7,4,8,7,10,9,12,12,13,15,15,18,2,5,11,9,15,15,19
"""16-06-2022""",14,17,19,16,19,11,10,12,13,18,17,14,16,12,9,13,17,10,11,8,9,11,11,12
"""17-06-2022""",11,11,11,10,9,15,14,17,17,21,18,15,7,12,8,6,8,8,9,10,10,8,9,14
"""18-06-2022""",15,18,18,11,10,11,14,14,11,17,19,20,20,14,20,14,16,29,17,21,4,8,10,16
"""19-06-2022""",11,10,6,6,6,6,7,9,11,8,11,12,8,5,2,1,2,3,6,6,6,6,8,10
"""20-06-2022""",12,11,16,10,14,11,12,13,16,16,10,9,7,9,9,10,13,11,10,7,9,10,12,12
"""21-06-2022""",13,11,14,15,9,11,13,21,11,12,17,16,23,12,16,18,16,13,17,16,17,21,18,29
"""22-06-2022""",23,25,25,14,17,19,23,17,24,32,25,19,13,19,20,17,11,10,18,18,17,16,22,23
"""23-06-2022""",23,23,20,8,10,16,18,21,16,19,16,22,23,22,17,18,19,19,15,12,20,19,23,25
"""24-06-2022""",17,20,19,9,20,17,13,19,19,19,15,10,17,16,17,12,11,11,11,12,11,11,11,12
"""25-06-2022""",12,18,15,17,11,11,15,13,16,13,20,13,10,10,13,11,13,16,14,12,13,12,15,21
"""26-06-2022""",11,8,10,5,2,4,8,7,6,4,7,10,9,0,3,8,8,12,10,10,8,11,9,15
"""27-06-2022""",10,11,11,9,6,7,10,10,9,9,10,17,9,18,13,12,16,12,12,13,11,13,13,11
"""28-06-2022""",9,10,12,7,7,9,13,12,13,19,21,17,17,19,17,16,13,9,10,12,10,11,15,13
"""29-06-2022""",10,7,6,4,1,3,6,8,6,4,7,9,11,11,11,8,9,9,8,6,8,10,24,12
"""30-06-2022""",10,9,12,9,5,5,8,11,11,11,15,13,21,17,16,15,12,12,8,15,13,11,13,13
"""01-07-2022""",17,16,20,14,12,12,19,17,17,11,14,13,16,14,12,12,11,16,14,10,10,12,15,12
"""02-07-2022""",19,15,22,10,11,11,10,18,16,17,22,13,19,15,13,21,18,12,12,12,13,15,21,19
"""03-07-2022""",17,13,15,10,10,11,10,11,13,13,11,9,11,12,14,12,11,9,11,9,9,11,11,16
"""04-07-2022""",12,10,20,13,13,8,5,15,13,13,18,7,12,12,16,9,8,8,10,12,14,14,19,14
"""05-07-2022""",15,13,10,8,8,6,8,15,11,9,9,10,11,13,12,7,8,-9999,7,10,8,11,15,9
"""06-07-2022""",14,12,9,5,4,8,12,11,8,9,9,8,10,9,8,9,8,11,9,7,10,10,11,8
"""07-07-2022""",12,14,11,9,7,8,7,7,-9999,7,6,5,7,11,9,12,9,6,6,9,8,14,15,12
"""08-07-2022""",10,11,14,11,12,7,11,11,11,12,17,12,11,8,9,9,8,12,7,2,8,11,11,8
"""09-07-2022""",7,4,0,3,5,3,0,4,3,4,5,6,13,13,14,10,8,8,4,5,8,10,14,10
"""10-07-2022""",7,11,10,9,10,9,10,11,11,8,10,14,11,8,8,9,7,7,10,8,7,9,11,7
"""11-07-2022""",8,11,8,7,7,5,4,6,7,7,2,3,8,5,5,7,5,4,7,10,9,14,10,6
"""12-07-2022""",6,10,8,8,8,8,6,9,12,8,4,6,9,13,13,10,9,10,10,12,13,16,13,11
"""13-07-2022""",10,8,7,7,8,6,9,9,11,13,9,15,7,11,9,8,6,3,5,11,11,17,11,9
"""14-07-2022""",7,5,3,9,10,9,8,8,14,9,6,11,11,12,9,9,14,11,9,8,6,16,11,17
"""15-07-2022""",15,19,15,18,14,17,16,13,18,17,18,19,8,13,14,17,11,15,13,11,12,17,18,18
"""16-07-2022""",15,20,21,16,16,14,17,16,24,21,22,14,14,10,13,13,11,8,7,10,9,12,13,15
"""17-07-2022""",19,20,14,13,11,8,9,13,15,10,10,15,12,15,14,11,11,11,11,14,16,17,14,17
"""18-07-2022""",19,12,10,8,16,9,12,10,8,9,9,8,12,11,9,9,8,11,8,8,10,14,25,8
"""19-07-2022""",10,13,11,9,7,6,6,10,12,17,7,7,10,13,8,13,15,9,9,10,9,12,16,13
"""20-07-2022""",15,11,10,12,9,13,15,16,22,15,12,8,8,9,10,8,5,6,7,7,5,15,12,11
"""21-07-2022""",15,7,11,9,10,10,10,13,25,33,16,10,13,11,16,12,8,8,10,9,11,14,20,14
"""22-07-2022""",14,12,13,17,6,10,11,10,19,6,12,12,19,12,14,10,14,14,111,10,17,26,16,19
"""23-07-2022""",22,25,10,13,11,18,14,13,16,15,14,16,15,19,12,12,15,21,15,16,21,19,22,27
"""24-07-2022""",24,18,19,14,15,16,11,18,20,17,14,21,18,16,15,15,15,22,15,18,17,21,17,26
"""25-07-2022""",20,18,13,16,20,13,14,15,16,11,13,19,14,24,21,16,13,17,13,13,10,11,19,13
"""26-07-2022""",10,14,12,17,14,13,15,15,20,18,21,20,19,15,15,13,10,11,13,10,6,5,11,14
"""27-07-2022""",10,15,11,15,14,16,14,19,19,14,14,18,10,12,21,15,12,17,14,15,19,12,14,10
"""28-07-2022""",9,18,16,15,12,11,14,20,18,16,13,16,15,19,13,13,13,17,11,14,17,16,26,21
"""29-07-2022""",18,15,16,15,11,14,11,12,15,11,11,15,10,5,4,9,10,8,8,9,6,7,9,8
"""30-07-2022""",8,9,7,11,11,11,12,18,15,7,9,15,8,9,11,7,9,8,7,10,9,11,9,7
"""31-07-2022""",11,7,5,6,6,8,6,6,14,8,7,11,9,7,10,7,7,7,4,5,5,7,16,13
"""01-08-2022""",16,9,11,13,11,15,14,13,15,7,11,10,9,12,10,8,8,8,6,5,15,14,-9999,-9999
"""02-08-2022""",-9999,-9999,-9999,-9999,-9999,-9999,-9999,-9999,-9999,-9999,-9999,-9999,-9999,-9999,-9999,-9999,-9999,-9999,-9999,-9999,-9999,-9999,-9999,9
"""03-08-2022""",7,14,10,12,12,11,9,16,16,12,10,15,16,17,8,11,7,8,5,6,9,9,12,8
"""04-08-2022""",8,9,5,6,6,9,8,13,15,5,8,14,12,16,15,13,11,10,7,11,10,17,13,15
"""05-08-2022""",16,13,13,12,9,8,9,12,15,9,14,10,10,14,14,11,13,10,6,11,11,12,12,11
"""06-08-2022""",14,14,11,14,16,15,8,13,16,10,8,18,11,10,119,10,10,9,8,9,8,9,13,12
"""07-08-2022""",7,8,8,8,5,7,6,11,15,8,9,11,10,7,5,5,5,7,7,6,10,9,19,11
"""08-08-2022""",15,11,9,6,9,6,10,14,16,9,15,8,8,6,5,6,6,5,9,7,6,12,17,11
"""09-08-2022""",14,9,8,6,4,6,9,10,11,11,8,13,9,8,13,9,9,9,10,11,11,11,13,14
"""10-08-2022""",15,13,11,11,12,12,9,15,17,12,10,20,18,16,19,13,14,15,13,12,12,12,13,9
"""11-08-2022""",11,11,9,8,11,11,10,7,13,13,14,14,10,9,10,7,5,7,6,5,5,11,16,7
"""12-08-2022""",9,9,6,8,9,8,8,9,18,7,8,6,6,7,11,9,7,10,8,8,8,11,14,15
"""13-08-2022""",11,7,6,6,7,6,6,8,12,9,7,11,14,15,13,11,10,11,10,15,13,16,14,14
"""14-08-2022""",12,10,7,14,8,6,5,8,10,10,6,4,7,9,7,9,9,6,7,8,8,9,13,9
"""15-08-2022""",6,4,1,0,5,6,5,5,10,9,11,14,14,12,13,11,9,7,3,3,9,13,11,9
"""16-08-2022""",10,10,7,7,12,12,11,12,15,12,11,11,9,8,8,13,9,9,10,18,11,13,14,11
"""17-08-2022""",12,11,8,8,7,6,15,14,13,18,10,12,8,9,8,7,13,11,11,12,21,14,20,18
"""18-08-2022""",9,10,9,9,8,13,14,18,20,17,11,14,13,9,13,10,10,10,10,15,21,19,16,22
"""19-08-2022""",20,20,16,11,10,10,17,18,22,19,14,13,14,11,12,10,12,13,13,17,19,18,14,18
"""20-08-2022""",14,19,19,12,16,20,14,15,19,15,15,15,12,14,15,11,10,12,13,10,16,18,8,12
"""21-08-2022""",12,10,8,6,7,11,9,7,13,9,6,8,12,8,17,7,9,9,15,11,11,13,11,14
"""22-08-2022""",11,7,7,7,6,8,9,8,11,11,10,11,12,13,11,7,6,6,7,12,18,23,14,10
"""23-08-2022""",12,17,12,15,9,8,10,10,15,8,10,14,16,11,9,8,7,8,11,13,12,17,26,17
"""24-08-2022""",11,8,9,9,9,10,10,10,10,13,18,12,17,17,16,15,11,9,11,5,4,14,9,5
"""25-08-2022""",2,1,2,30,2,1,3,4,5,7,16,14,17,9,18,18,11,12,9,9,13,14,20,2
"""26-08-2022""",4,4,0,0,2,4,9,11,13,17,16,17,20,18,20,13,15,16,12,17,19,20,18,19
"""27-08-2022""",26,16,13,14,10,13,14,17,17,18,18,15,18,16,10,11,14,11,10,14,21,19,19,39
"""28-08-2022""",33,20,24,22,14,16,19,19,15,17,17,21,24,19,10,13,11,17,13,12,15,24,20,24
"""29-08-2022""",26,21,20,17,20,19,18,23,22,18,19,22,15,15,12,13,14,10,16,12,17,32,34,21
"""30-08-2022""",21,16,12,10,10,11,14,16,17,15,17,19,20,18,15,17,19,13,12,13,30,19,21,18
"""31-08-2022""",17,12,12,10,9,15,16,12,13,17,16,15,16,16,14,14,14,12,12,10,12,12,22,17
"""01-09-2022""",18,20,16,12,12,10,13,24,12,12,12,18,22,17,15,13,12,12,13,12,15,17,13,13
"""02-09-2022""",15,15,15,11,8,12,12,13,18,18,16,17,13,11,10,11,10,18,4,11,16,25,22,16
"""03-09-2022""",9,9,9,10,11,9,5,8,7,9,10,15,12,8,15,18,10,7,10,8,20,18,13,14
"""04-09-2022""",10,6,5,6,6,7,7,6,5,6,8,7,6,5,8,11,7,4,5,8,14,13,14,11
"""05-09-2022""",8,5,2,2,4,-9999,-9999,-9999,9,-9999,5,13,13,22,10,10,13,11,10,11,16,19,16,16
"""06-09-2022""",19,15,12,11,8,6,5,3,8,9,9,6,2,5,6,9,6,8,8,7,11,10,10,10
"""07-09-2022""",12,8,8,6,4,15,16,15,20,18,20,15,11,11,13,12,11,9,11,12,13,12,13,12
"""08-09-2022""",8,6,8,12,11,11,10,16,15,13,15,14,12,10,9,10,6,8,7,4,7,11,14,11
"""09-09-2022""",10,6,6,8,6,11,19,19,20,19,19,12,11,12,12,12,9,7,8,7,9,11,15,11
"""10-09-2022""",10,7,6,9,6,8,11,13,10,15,12,10,7,7,5,8,5,7,7,9,8,6,7,12
"""11-09-2022""",11,16,11,7,9,8,11,12,11,12,8,10,9,9,11,7,10,5,2,3,8,9,18,7
"""12-09-2022""",9,7,6,6,4,3,7,5,5,5,6,10,7,7,7,10,13,12,12,11,11,14,12,8
"""13-09-2022""",6,5,6,4,6,5,5,9,9,8,8,10,9,10,8,12,8,8,12,9,15,18,11,10
"""14-09-2022""",9,8,11,9,8,11,12,19,13,20,19,12,17,12,9,7,8,7,7,6,12,13,9,11
"""15-09-2022""",13,14,10,5,4,11,15,17,18,25,22,18,15,11,9,9,8,10,8,8,10,9,15,20
"""16-09-2022""",18,15,17,11,10,9,9,8,10,21,18,16,11,9,9,9,12,9,11,11,12,17,21,13
"""17-09-2022""",16,15,14,11,14,13,14,14,21,15,12,11,17,13,8,16,15,15,7,8,13,17,18,22
"""18-09-2022""",5,9,7,3,4,5,5,10,7,7,4,3,4,3,8,9,7,9,5,2,3,9,8,3
"""19-09-2022""",6,4,3,3,0,0,3,5,4,2,6,6,4,4,5,8,7,7,5,8,9,13,9,7
"""20-09-2022""",5,8,8,6,5,5,3,3,3,2,2,6,4,3,6,6,3,5,6,7,10,7,4,4
"""21-09-2022""",4,3,2,3,3,3,5,7,6,5,6,7,9,7,8,6,3,3,9,14,15,8,9,6
"""22-09-2022""",4,4,8,7,6,7,5,8,8,6,11,11,8,7,9,7,9,6,7,19,10,7,10,16
"""23-09-2022""",16,8,6,4,5,4,6,7,9,8,8,11,11,11,11,14,12,9,13,14,10,19,18,22
"""24-09-2022""",19,11,10,13,8,10,8,10,12,16,21,14,10,7,9,8,7,11,7,6,10,18,16,12
"""25-09-2022""",11,14,13,11,10,11,11,11,11,15,17,18,6,7,7,10,8,6,8,8,13,11,12,11
"""26-09-2022""",15,9,13,10,11,17,15,17,17,17,20,14,14,13,10,15,10,11,10,12,11,10,10,18
"""27-09-2022""",15,10,11,9,11,15,12,15,6,5,6,6,4,5,4,3,6,5,6,6,7,12,40,23
"""28-09-2022""",15,13,12,9,8,9,10,10,14,14,17,2,5,4,5,7,5,13,10,7,9,12,17,14
"""29-09-2022""",17,12,10,10,11,12,13,19,12,14,11,10,10,9,9,10,7,11,7,7,13,7,6,9
"""30-09-2022""",9,8,9,10,9,7,12,16,17,19,18,20,7,11,9,11,10,7,5,8,11,18,18,15
"""01-10-2022""",11,17,11,14,10,8,12,14,9,7,15,11,12,13,9,11,8,7,7,8,9,7,22,33
"""02-10-2022""",11,8,9,7,8,8,11,8,4,5,6,7,4,4,8,9,9,10,7,10,9,7,7,4
"""03-10-2022""",2,5,5,4,5,5,4,5,15,14,17,11,11,9,8,9,10,9,7,6,10,12,13,9
"""04-10-2022""",6,7,7,3,0,2,3,3,5,4,6,9,5,3,6,8,8,10,11,10,11,12,7,3
"""05-10-2022""",3,4,5,4,4,4,5,7,6,6,9,7,10,10,7,9,9,11,8,9,8,11,12,15
"""06-10-2022""",24,16,8,11,9,10,12,14,14,11,20,21,22,12,11,13,8,8,9,17,22,42,49,33
"""07-10-2022""",24,18,20,16,14,17,12,12,16,11,33,20,22,13,14,17,8,11,14,19,20,20,43,54
"""08-10-2022""",36,19,26,17,17,13,18,14,17,18,17,17,18,8,7,11,13,11,13,9,14,16,22,15
"""09-10-2022""",15,12,15,24,15,17,10,14,14,15,22,19,24,10,15,14,15,14,14,15,18,23,28,29
"""10-10-2022""",27,18,19,19,14,13,13,14,17,16,17,19,24,18,17,10,15,15,16,15,22,16,17,17
"""11-10-2022""",15,20,18,15,16,18,20,25,25,18,21,18,18,18,24,12,17,26,24,23,23,23,-9999,-9999
"""12-10-2022""",-9999,-9999,-9999,-9999,-9999,-9999,-9999,-9999,-9999,-9999,-9999,-9999,-9999,-9999,-9999,-9999,-9999,-9999,-9999,-9999,-9999,-9999,-9999,-9999
"""13-10-2022""",-9999,-9999,-9999,-9999,-9999,-9999,-9999,-9999,-9999,-9999,-9999,19,9,12,12,8,7,6,5,8,11,13,12,10
"""14-10-2022""",9,8,8,5,4,8,10,6,5,5,5,5,4,3,5,7,8,4,5,17,17,32,24,31
"""15-10-2022""",17,7,5,5,3,4,9,8,6,17,14,22,22,19,12,9,7,8,7,17,12,15,18,25
"""16-10-2022""",29,33,36,17,17,13,10,9,11,11,12,18,12,12,11,12,11,11,13,16,19,18,17,13
"""17-10-2022""",21,25,17,13,16,15,17,21,29,23,24,24,20,19,18,12,15,17,18,19,17,24,46,33
"""18-10-2022""",28,20,20,22,15,14,16,21,19,22,26,34,25,20,16,7,7,6,10,14,25,41,33,39
"""19-10-2022""",24,17,16,11,11,24,42,30,27,30,33,24,32,16,14,17,17,10,10,21,22,32,34,59
"""20-10-2022""",42,19,21,22,18,20,25,24,21,26,19,17,19,24,20,15,18,18,21,20,24,25,37,47
"""21-10-2022""",34,25,21,17,21,17,16,15,22,17,17,21,17,16,18,21,15,9,11,17,16,14,45,17
"""22-10-2022""",11,13,12,10,11,15,12,15,14,17,20,25,18,15,14,11,14,16,17,15,26,21,25,22
"""23-10-2022""",17,22,24,24,23,18,19,16,17,20,25,21,19,30,24,17,20,19,8,11,11,19,22,13
"""24-10-2022""",17,17,15,14,19,16,16,17,17,23,26,24,15,16,14,14,14,11,17,17,26,34,34,33
"""25-10-2022""",39,37,21,25,15,17,22,37,47,43,40,33,37,36,43,26,21,24,37,49,35,53,55,44
"""26-10-2022""",49,41,26,27,25,25,28,30,39,31,25,30,28,26,22,22,17,18,25,20,21,52,42,36
"""27-10-2022""",44,26,29,27,27,23,30,23,22,30,25,27,32,26,32,28,31,26,20,25,30,38,62,42
"""28-10-2022""",46,28,23,26,18,18,16,19,25,22,17,22,18,15,13,8,8,11,12,15,20,23,11,16
"""29-10-2022""",19,34,21,13,15,16,11,9,16,17,24,23,18,21,18,11,17,17,32,52,58,49,57,62
"""30-10-2022""",41,49,35,32,20,24,21,21,20,19,22,21,25,19,21,23,16,25,22,33,39,42,41,42
"""31-10-2022""",39,44,37,39,29,24,19,22,28,32,26,28,34,34,26,17,15,13,19,26,36,42,42,65
"""01-11-2022""",63,41,41,23,12,19,16,15,22,20,19,28,25,17,20,17,17,14,17,29,33,43,44,45
"""02-11-2022""",63,33,29,21,20,22,18,24,29,36,37,30,31,32,36,35,33,41,56,63,62,64,98,89
"""03-11-2022""",47,57,48,37,33,27,26,24,30,30,35,30,30,22,24,20,27,23,29,30,35,33,34,41
"""04-11-2022""",36,25,29,30,30,30,27,35,37,42,41,29,28,30,27,30,27,-9999,-9999,-9999,-9999,-9999,-9999,-9999
"""05-11-2022""",-9999,-9999,-9999,-9999,-9999,-9999,-9999,-9999,-9999,-9999,-9999,-9999,-9999,-9999,-9999,-9999,-9999,-9999,-9999,-9999,-9999,-9999,-9999,-9999
"""06-11-2022""",-9999,-9999,-9999,-9999,-9999,-9999,-9999,-9999,-9999,-9999,-9999,-9999,-9999,-9999,-9999,-9999,-9999,-9999,-9999,-9999,-9999,-9999,-9999,-9999
"""07-11-2022""",-9999,-9999,-9999,-9999,-9999,-9999,-9999,-9999,-9999,-9999,-9999,-9999,-9999,-9999,-9999,-9999,-9999,-9999,-9999,-9999,-9999,-9999,-9999,-9999
"""08-11-2022""",-9999,-9999,-9999,-9999,-9999,-9999,-9999,-9999,-9999,-9999,-9999,-9999,-9999,-9999,-9999,-9999,-9999,-9999,-9999,-9999,-9999,-9999,-9999,-9999
"""09-11-2022""",-9999,-9999,-9999,-9999,-9999,-9999,-9999,-9999,-9999,-9999,-9999,-9999,-9999,-9999,-9999,-9999,-9999,-9999,-9999,-9999,-9999,-9999,-9999,-9999
"""10-11-2022""",-9999,-9999,-9999,-9999,-9999,-9999,-9999,-9999,-9999,-9999,-9999,-9999,-9999,40,36,28,27,22,37,42,53,54,69,45
"""11-11-2022""",37,34,32,29,30,26,21,27,35,26,26,24,22,31,35,34,27,19,22,20,23,27,34,16
"""12-11-2022""",20,11,12,15,13,11,15,12,17,12,15,10,5,4,6,4,4,6,7,24,37,18,29,24
"""13-11-2022""",15,9,7,10,9,9,7,9,9,9,11,11,15,18,22,19,26,19,25,28,33,36,46,46
"""14-11-2022""",63,52,43,34,33,30,36,36,32,50,36,39,23,21,16,19,19,18,21,20,27,27,24,22
"""15-11-2022""",27,41,30,31,25,26,29,28,28,26,35,34,38,42,37,39,41,48,44,42,35,53,55,45
"""16-11-2022""",41,40,38,38,34,31,25,29,26,29,27,30,19,17,18,17,17,31,28,26,31,44,43,51
"""17-11-2022""",35,39,32,30,19,20,21,16,11,21,9,9,10,9,10,11,13,14,13,10,37,60,45,46
"""18-11-2022""",54,53,25,25,22,21,16,20,16,18,27,34,25,20,19,18,12,11,12,9,11,13,12,11
"""19-11-2022""",7,5,6,5,4,4,8,20,18,15,16,13,10,7,10,11,14,11,10,10,13,11,12,10
"""20-11-2022""",6,3,4,4,2,1,3,6,7,9,9,15,16,21,26,16,12,9,12,13,26,22,10,13
"""21-11-2022""",8,5,6,7,8,4,1,3,6,7,5,4,3,3,4,4,13,20,13,13,10,9,8,6
"""22-11-2022""",8,5,3,3,3,3,7,7,8,8,9,10,9,8,6,9,7,6,5,5,3,24,14,14
"""23-11-2022""",14,13,17,15,20,22,15,21,23,25,23,16,10,6,5,9,15,10,10,12,26,53,63,38
"""24-11-2022""",19,15,14,16,12,10,10,14,14,19,21,16,13,10,15,10,9,8,9,10,9,6,7,5
"""25-11-2022""",3,4,2,3,4,4,3,4,4,7,5,11,8,5,8,9,9,11,13,16,28,28,40,25
"""26-11-2022""",19,13,8,5,3,3,2,-9999,-9999,-9999,-9999,-9999,-9999,-9999,-9999,-9999,-9999,-9999,-9999,-9999,-9999,-9999,-9999,-9999
"""27-11-2022""",-9999,-9999,-9999,-9999,-9999,-9999,-9999,-9999,-9999,-9999,-9999,-9999,-9999,-9999,-9999,-9999,-9999,-9999,-9999,-9999,-9999,-9999,-9999,-9999
"""28-11-2022""",-9999,-9999,-9999,-9999,-9999,-9999,-9999,-9999,-9999,-9999,-9999,-9999,-9999,-9999,-9999,-9999,-9999,-9999,-9999,-9999,-9999,-9999,-9999,-9999
"""29-11-2022""",-9999,-9999,-9999,-9999,-9999,-9999,-9999,-9999,-9999,14,15,22,15,9,11,14,19,14,18,18,19,14,20,19
"""30-11-2022""",20,19,11,8,8,6,8,5,5,6,2,2,6,4,2,4,6,5,5,7,9,6,5,6
"""01-12-2022""",3,1,3,1,0,0,0,0,2,3,3,3,2,5,5,5,5,10,11,15,21,19,18,10
"""02-12-2022""",8,7,6,3,2,2,3,5,9,20,19,17,11,9,16,15,15,24,18,19,31,27,35,33
"""03-12-2022""",29,30,38,32,25,15,15,21,24,25,27,24,27,21,20,24,24,29,32,39,57,38,36,53
"""04-12-2022""",56,34,41,11,8,7,7,6,6,8,8,5,10,10,10,7,8,8,8,6,12,25,11,7
"""05-12-2022""",11,9,7,4,4,5,5,4,6,8,6,9,18,19,21,12,14,23,24,14,30,20,18,25
"""06-12-2022""",13,9,6,7,8,7,7,6,10,10,7,9,15,10,9,20,27,31,31,19,24,25,24,23
"""07-12-2022""",32,29,27,14,19,17,19,22,25,30,28,25,28,34,36,39,36,33,32,35,76,54,28,30
"""08-12-2022""",29,46,40,42,31,32,29,37,31,42,39,43,39,49,45,41,37,39,44,49,70,62,72,50
"""09-12-2022""",53,43,38,32,35,38,31,34,34,44,46,61,58,52,40,36,35,30,26,52,58,70,55,51
"""10-12-2022""",79,69,42,43,33,34,33,28,43,44,38,35,42,48,53,66,51,75,76,41,26,27,13,13
"""11-12-2022""",11,9,8,9,6,5,3,4,5,7,5,4,5,10,22,20,18,10,10,14,23,29,21,18
"""12-12-2022""",8,5,11,11,9,7,9,13,18,28,25,20,9,8,11,14,14,13,10,11,41,42,22,11
"""13-12-2022""",7,2,1,2,1,1,4,6,5,8,6,10,10,10,25,21,26,17,20,16,33,36,15,18
"""14-12-2022""",14,8,9,6,2,4,4,7,10,9,11,15,16,11,18,27,20,17,16,19,30,25,42,34
"""15-12-2022""",30,19,10,13,12,10,16,16,21,19,20,29,46,39,31,21,12,10,19,28,37,38,42,55
"""16-12-2022""",40,42,24,31,32,21,25,22,25,34,43,45,52,44,28,31,25,31,38,50,62,52,31,45
"""17-12-2022""",38,37,34,33,32,31,32,35,32,38,38,41,43,41,29,26,29,49,37,26,25,32,46,32
"""18-12-2022""",58,19,25,39,40,36,32,29,33,28,20,16,26,30,31,28,31,26,19,26,21,17,22,16
"""19-12-2022""",10,10,11,10,7,10,11,11,12,-9999,14,14,12,14,9,11,13,15,15,10,11,9,11,8
"""20-12-2022""",10,9,9,13,10,9,9,8,9,6,4,6,6,13,11,24,23,24,27,29,30,28,30,38
"""21-12-2022""",39,36,32,29,27,23,29,30,30,38,52,40,31,22,27,20,16,24,30,43,35,43,50,54
"""22-12-2022""",67,40,41,32,33,29,29,31,27,58,56,61,63,50,30,24,22,31,36,40,57,80,60,75
"""23-12-2022""",78,49,46,42,43,44,37,39,39,48,50,56,64,56,41,38,36,36,53,54,79,98,98,87
"""24-12-2022""",111,83,73,67,73,52,46,41,45,50,54,63,59,54,43,53,64,51,69,68,56,111,52,55
"""25-12-2022""",67,38,23,35,30,18,17,30,11,19,12,11,11,9,10,9,10,9,12,11,21,22,30,28
"""26-12-2022""",28,26,27,32,33,24,17,23,20,14,23,21,27,19,22,21,20,22,39,35,29,17,25,28
"""27-12-2022""",40,34,31,34,29,29,24,26,25,25,41,42,49,55,42,39,25,43,45,65,85,109,82,71
"""28-12-2022""",54,41,42,36,33,32,20,30,31,37,33,36,40,33,28,20,14,13,16,21,39,31,31,35
"""29-12-2022""",29,19,33,28,30,26,31,24,28,33,38,42,50,38,21,21,21,25,18,25,28,25,44,46
"""30-12-2022""",47,45,48,31,37,28,32,26,36,44,44,46,43,41,39,36,29,41,31,36,66,69,64,48
"""31-12-2022""",58,58,41,37,39,47,39,42,58,43,49,69,80,82,60,61,58,57,86,105,136,99,83,85
"""01-01-2023""",104,83,71,77,63,54,44,41,39,30,38,47,53,49,42,33,36,42,53,75,73,79,71,64
"""02-01-2023""",61,73,75,56,46,34,26,23,25,26,31,40,41,43,42,39,32,36,41,55,70,71,71,94
"""03-01-2023""",75,57,68,49,47,44,35,31,32,36,51,56,49,53,46,39,46,52,49,69,88,97,98,91
"""04-01-2023""",72,59,57,55,49,45,43,38,43,42,42,51,38,35,34,32,37,39,40,47,74,71,75,65
"""05-01-2023""",51,50,48,55,36,39,38,31,27,31,41,42,50,45,31,27,28,29,32,43,46,54,52,52
"""06-01-2023""",60,57,24,19,17,25,22,18,12,17,19,16,19,16,19,16,25,21,18,13,14,21,21,12
"""07-01-2023""",10,10,11,16,14,12,13,13,12,20,24,20,24,20,20,15,13,24,32,30,59,96,55,61
"""08-01-2023""",58,51,46,41,34,32,25,22,28,34,37,42,37,39,33,24,31,29,32,41,62,83,50,56
"""09-01-2023""",53,51,42,37,32,32,40,42,42,46,62,59,55,53,39,33,22,20,25,25,26,17,18,11
"""10-01-2023""",10,11,13,10,7,7,8,21,25,18,12,17,42,38,36,25,25,25,28,43,39,36,11,9
"""11-01-2023""",8,7,6,3,0,1,4,4,3,6,9,7,7,9,12,11,9,8,8,10,10,13,11,11
"""12-01-2023""",8,8,7,5,5,4,6,8,10,13,12,12,13,11,12,14,16,16,16,15,22,18,15,12
"""13-01-2023""",10,13,10,8,7,9,8,9,10,12,18,7,10,13,16,20,19,22,30,26,26,38,31,28
"""14-01-2023""",38,46,30,33,29,20,20,19,24,24,32,45,42,46,33,38,40,37,33,25,28,30,42,31
"""15-01-2023""",30,23,19,20,18,19,19,19,21,18,23,22,24,17,21,14,18,19,22,29,27,24,25,59
"""16-01-2023""",49,49,48,35,26,32,29,31,31,32,36,40,41,29,18,22,15,17,16,23,14,23,19,11
"""17-01-2023""",16,28,31,30,37,37,37,37,40,14,15,33,29,17,7,8,10,11,10,10,13,14,12,10
"""18-01-2023""",10,5,8,8,11,7,4,5,6,7,13,21,27,36,43,42,-9999,-9999,28,20,21,27,28,29
"""19-01-2023""",22,28,22,25,29,28,28,27,22,23,18,15,10,11,10,12,10,11,10,11,15,12,12,11
"""20-01-2023""",10,6,4,4,5,5,4,5,6,6,6,6,9,6,3,6,5,4,4,3,8,18,45,11
"""21-01-2023""",9,4,1,1,0,6,6,7,6,5,9,6,6,7,10,11,10,15,13,13,13,17,15,17
"""22-01-2023""",10,10,10,19,19,9,13,10,12,12,24,20,24,23,7,17,14,12,21,23,20,21,32,30
"""23-01-2023""",11,9,7,11,10,12,12,11,10,12,9,9,7,14,9,8,16,16,11,17,15,20,18,11
"""24-01-2023""",10,14,12,12,10,9,7,12,7,6,6,6,7,6,13,11,11,9,7,11,10,11,10,7
"""25-01-2023""",5,3,6,7,8,9,9,9,10,10,9,11,15,11,16,11,11,11,13,11,10,11,12,9
"""26-01-2023""",8,8,6,7,5,3,6,7,5,6,7,7,7,4,7,13,16,15,11,19,24,20,17,14
"""27-01-2023""",11,7,6,4,9,9,11,13,13,15,15,13,15,14,16,17,11,16,16,18,19,17,17,12
"""28-01-2023""",11,8,10,6,8,9,7,9,6,10,15,12,11,23,28,24,13,21,18,15,18,31,19,23
"""29-01-2023""",10,15,7,8,11,9,13,11,12,15,9,16,16,17,21,20,15,15,15,17,22,20,22,18
"""30-01-2023""",21,9,17,13,12,14,14,12,13,14,10,13,17,16,17,19,19,17,17,20,20,23,19,19
"""31-01-2023""",19,16,19,15,20,20,18,14,16,12,14,12,13,12,14,9,9,8,10,13,12,17,15,8
"""01-02-2023""",5,7,8,6,3,6,6,6,9,6,6,8,11,8,9,7,7,11,11,18,17,27,21,21
"""02-02-2023""",21,42,32,17,12,20,17,20,25,36,42,38,36,26,19,9,15,17,23,25,27,24,68,11
"""03-02-2023""",10,8,7,14,8,2,2,3,5,5,6,6,5,9,12,9,9,8,12,16,21,30,16,22
"""04-02-2023""",20,16,23,29,20,21,22,14,23,12,9,10,9,9,16,10,9,15,12,11,11,10,10,6
"""05-02-2023""",3,4,7,5,5,4,4,3,3,6,10,9,10,12,19,15,16,10,12,16,11,12,12,14
"""06-02-2023""",8,8,9,6,6,6,7,8,9,9,10,8,12,10,11,11,11,10,12,17,16,17,13,17
"""07-02-2023""",13,14,11,9,12,15,17,13,12,16,19,13,10,13,14,12,13,19,18,21,21,26,24,25
"""08-02-2023""",22,20,17,19,12,15,18,19,19,18,17,14,9,9,8,15,11,11,30,26,26,26,33,33
"""09-02-2023""",20,16,30,8,11,13,17,11,14,16,12,9,13,12,10,8,9,11,11,12,11,18,74,56
"""10-02-2023""",13,14,9,9,9,17,18,20,17,32,30,25,21,24,20,20,23,17,21,32,36,29,58,72
"""11-02-2023""",51,55,49,41,46,33,10,20,17,21,19,27,18,26,22,30,26,33,36,64,76,64,70,66
"""12-02-2023""",91,73,76,43,24,24,34,21,22,28,14,19,12,20,25,21,20,25,28,28,37,51,51,38
"""13-02-2023""",41,36,23,25,23,21,19,26,33,38,36,45,32,30,30,24,26,34,37,36,53,60,62,35
"""14-02-2023""",27,15,21,17,15,17,22,25,25,24,26,26,19,21,24,15,21,21,16,24,25,18,18,20
"""15-02-2023""",17,15,15,13,17,19,17,21,17,18,16,21,19,17,21,23,21,23,34,35,28,42,34,60
"""16-02-2023""",57,49,51,48,37,34,29,34,33,37,51,70,48,44,34,23,31,35,30,46,51,56,43,55
"""17-02-2023""",84,71,51,47,48,33,46,42,45,50,55,60,49,28,30,29,32,24,37,61,71,68,65,82
"""18-02-2023""",70,65,57,50,52,33,41,46,44,62,55,66,62,56,51,39,30,41,65,53,63,62,85,61
"""19-02-2023""",74,51,38,48,42,43,40,35,-9999,-9999,-9999,-9999,44,41,28,45,31,23,36,57,63,63,74,61
"""20-02-2023""",64,51,51,29,20,17,18,18,20,14,10,12,9,9,7,8,13,9,8,12,16,17,18,13
"""21-02-2023""",8,13,11,8,9,10,17,15,18,34,29,26,30,18,19,16,13,9,15,23,23,36,49,50
"""22-02-2023""",40,34,30,26,22,20,30,29,27,26,28,34,24,23,21,20,16,24,20,24,36,42,42,58
"""23-02-2023""",54,38,29,29,26,29,30,41,42,40,41,42,23,31,27,21,15,18,21,23,26,42,34,34
"""24-02-2023""",40,29,38,32,27,23,32,21,24,29,26,26,25,26,26,25,24,20,25,25,27,27,31,29
"""25-02-2023""",23,36,31,36,25,31,35,42,36,30,33,27,26,25,27,40,23,37,19,39,58,73,58,60
"""26-02-2023""",63,67,42,40,15,16,15,19,17,17,14,14,14,14,12,13,12,15,12,15,13,14,12,12
"""27-02-2023""",11,15,12,18,23,18,6,7,9,10,12,10,13,24,21,-9999,-9999,-9999,-9999,-9999,-9999,-9999,-9999,-9999
"""28-02-2023""",-9999,-9999,-9999,-9999,-9999,-9999,-9999,-9999,25,31,29,26,30,28,33,24,13,12,10,21,17,11,17,17
"""01-03-2023""",15,16,19,16,13,17,16,20,11,16,16,18,12,18,14,9,13,14,14,16,22,51,17,12
"""02-03-2023""",16,18,12,13,12,9,6,12,13,11,18,10,12,13,10,12,7,12,8,11,12,13,18,13
"""03-03-2023""",14,13,9,13,11,8,11,15,9,7,8,7,9,15,11,10,9,13,9,12,10,12,10,11
"""04-03-2023""",27,28,17,12,11,9,11,9,9,8,8,8,7,6,6,8,7,10,12,15,16,22,19,10
"""05-03-2023""",26,26,40,14,13,14,10,9,13,11,16,10,12,12,12,21,11,22,24,21,26,27,23,21
"""06-03-2023""",19,19,22,21,19,22,23,25,28,21,25,25,19,15,19,17,16,11,11,13,29,10,9,10
"""07-03-2023""",7,5,7,7,10,11,10,16,18,22,18,10,13,11,15,9,6,6,5,8,12,11,11,27
"""08-03-2023""",29,24,17,8,15,14,15,18,20,30,31,20,13,9,7,5,8,10,11,10,17,19,22,16
"""09-03-2023""",32,21,21,15,14,15,15,20,24,13,15,16,10,11,11,10,7,13,9,12,25,42,54,33
"""10-03-2023""",25,32,33,17,16,20,20,16,16,25,15,27,19,21,10,9,12,9,10,10,11,16,15,12
"""11-03-2023""",29,25,10,5,1,0,3,4,4,4,7,5,5,4,6,13,18,13,14,22,14,17,25,4
"""12-03-2023""",4,3,2,3,2,2,3,2,0,3,5,5,5,8,16,7,10,12,7,11,9,11,18,13
"""13-03-2023""",12,8,6,8,8,8,5,5,8,8,12,13,11,14,11,12,9,8,10,17,20,17,17,17
"""14-03-2023""",10,12,10,8,12,14,36,19,23,21,19,15,16,13,10,8,9,12,12,10,18,15,14,14
"""15-03-2023""",11,10,9,15,15,11,9,12,10,-9999,-9999,-9999,-9999,-9999,-9999,-9999,-9999,-9999,-9999,13,16,18,23,-9999
"""16-03-2023""",-9999,-9999,-9999,-9999,-9999,-9999,-9999,-9999,-9999,-9999,-9999,5,3,4,13,11,10,12,14,11,16,19,16,10
"""17-03-2023""",9,7,6,4,4,5,9,8,7,11,11,8,13,12,10,16,15,16,16,16,22,26,13,14
"""18-03-2023""",17,15,14,16,12,10,6,13,11,14,15,10,7,9,15,15,18,9,9,12,13,20,32,28
"""19-03-2023""",54,39,34,24,25,22,19,15,22,19,19,19,21,11,11,12,17,8,7,9,20,15,13,31
"""20-03-2023""",32,25,33,18,14,14,14,13,21,18,22,23,22,12,13,14,13,9,13,14,12,25,21,24
"""21-03-2023""",17,31,25,18,18,21,21,22,29,22,32,39,30,35,22,22,17,21,16,30,30,34,30,32
"""22-03-2023""",34,31,31,35,33,32,21,13,14,21,22,15,13,16,11,12,11,14,16,12,19,36,30,26
"""23-03-2023""",18,18,19,19,13,11,16,19,28,29,31,30,20,17,22,16,16,17,16,18,17,19,28,26
"""24-03-2023""",28,26,20,22,22,22,26,23,24,19,26,25,15,13,12,15,17,13,15,12,15,23,21,23
"""25-03-2023""",20,15,21,19,18,24,24,20,25,24,28,30,26,21,23,24,22,19,16,17,27,20,23,28
"""26-03-2023""",42,41,40,25,30,27,28,28,8,8,6,10,7,5,4,5,5,5,9,7,11,19,14,21
"""27-03-2023""",9,5,8,11,10,16,21,14,17,17,-9999,21,17,11,11,11,10,10,15,6,6,8,19,10
"""28-03-2023""",6,4,2,0,1,1,0,3,3,7,8,8,10,8,10,6,8,7,5,7,7,10,10,10
"""29-03-2023""",7,5,4,2,5,5,4,7,9,10,9,6,5,8,10,15,10,7,8,9,10,18,19,21
"""30-03-2023""",18,14,15,13,17,15,13,14,21,21,24,27,32,22,14,13,12,9,7,10,9,10,10,21
"""31-03-2023""",27,25,24,16,13,18,17,14,18,14,11,18,17,21,14,11,12,12,15,13,13,16,27,39
"""01-04-2023""",35,32,22,18,43,32,34,24,24,26,25,27,23,23,15,16,11,17,12,15,14,19,25,30
"""02-04-2023""",27,19,6,6,5,6,10,10,9,10,9,8,14,15,13,41,14,10,8,11,13,15,14,11
"""03-04-2023""",12,13,17,13,21,11,13,16,14,13,17,11,9,5,7,7,14,16,12,16,5,8,11,9
"""04-04-2023""",9,14,11,16,12,9,5,5,3,3,5,4,3,9,11,9,5,6,9,8,10,8,8,15
"""05-04-2023""",9,13,9,7,7,6,7,9,9,7,10,10,10,8,9,9,7,10,11,7,7,17,11,14
"""06-04-2023""",10,10,8,9,11,8,8,8,10,13,10,12,14,12,17,14,16,15,13,12,14,16,15,14
"""07-04-2023""",16,14,10,8,13,11,12,16,13,15,15,14,12,13,13,14,15,15,11,15,19,22,25,23
"""08-04-2023""",18,16,20,15,13,15,15,13,15,17,17,19,22,28,20,19,26,25,19,23,18,19,25,25
"""09-04-2023""",34,32,22,31,22,20,29,17,23,25,22,23,24,22,25,19,14,16,18,19,21,16,13,12
"""10-04-2023""",11,16,16,11,14,11,14,17,21,9,13,12,15,12,13,22,16,11,14,12,16,17,15,15
"""11-04-2023""",31,22,13,18,23,15,13,17,8,13,-9999,11,18,17,15,18,11,12,13,16,16,19,21,15
"""12-04-2023""",15,13,17,13,14,12,14,18,21,16,15,13,9,9,8,6,8,8,6,5,8,12,11,15
"""13-04-2023""",12,14,11,8,10,10,11,8,8,13,21,16,9,12,10,10,11,8,9,10,12,16,22,20
"""14-04-2023""",19,15,19,16,17,12,15,18,19,19,22,20,21,22,16,23,17,11,9,11,14,20,22,14
"""15-04-2023""",17,15,15,19,13,17,13,16,14,11,7,5,4,4,3,3,3,5,5,6,5,5,5,7
"""16-04-2023""",5,17,20,14,8,14,11,6,18,7,9,6,7,8,7,6,4,5,9,10,9,11,8,17
"""17-04-2023""",16,10,11,7,7,7,7,7,5,4,6,7,8,6,5,8,8,6,5,4,4,7,10,9
"""18-04-2023""",7,7,9,11,9,9,5,8,11,6,8,6,6,5,5,3,4,6,4,5,4,11,8,7
"""19-04-2023""",4,6,10,7,5,6,8,8,8,10,8,7,6,6,6,8,7,9,8,7,9,9,11,13
"""20-04-2023""",16,12,12,9,9,9,10,10,16,15,18,20,16,17,15,11,13,13,10,10,16,14,21,17
"""21-04-2023""",25,27,25,21,19,23,18,24,17,21,15,17,19,11,17,16,23,17,11,12,12,22,17,18
"""22-04-2023""",14,13,21,21,15,17,14,14,19,14,15,16,14,19,18,18,12,17,16,11,13,14,27,14
"""23-04-2023""",16,19,15,15,19,17,11,15,15,14,18,18,14,12,10,10,12,11,11,11,15,17,13,12
"""24-04-2023""",20,19,19,14,12,10,16,17,19,17,21,14,11,8,14,10,12,12,10,14,8,11,13,16
"""25-04-2023""",17,16,12,16,11,14,14,17,20,23,22,16,12,15,13,8,9,11,7,12,11,16,19,12
"""26-04-2023""",8,4,6,4,7,4,4,9,12,16,13,12,10,8,5,5,11,9,8,13,9,12,11,11
"""27-04-2023""",13,10,8,9,6,4,10,7,6,7,7,5,5,8,8,11,10,10,7,7,6,15,10,8
"""28-04-2023""",9,9,12,10,13,11,12,11,8,12,11,7,8,9,12,11,11,13,15,13,12,14,18,20
"""29-04-2023""",14,11,11,13,11,16,15,12,14,15,12,13,14,14,12,13,12,10,13,13,14,14,18,15
"""30-04-2023""",13,11,11,11,8,9,8,11,12,12,17,11,9,10,9,14,12,13,18,15,14,18,20,26
"""01-05-2023""",20,14,12,15,9,12,10,14,14,13,14,12,13,17,14,19,10,15,12,11,15,13,20,21
"""02-05-2023""",17,21,14,14,19,13,14,18,19,21,14,17,19,12,16,13,11,10,14,11,12,11,14,10
"""03-05-2023""",9,11,11,9,11,8,15,11,9,6,7,12,10,9,8,8,13,10,12,10,12,11,12,14
"""04-05-2023""",23,19,17,16,16,12,23,21,23,25,28,27,26,21,14,13,8,15,17,13,15,20,15,11
"""05-05-2023""",7,15,10,12,11,14,12,12,17,14,12,14,12,9,16,13,13,14,14,11,10,18,18,44
"""06-05-2023""",25,20,11,11,9,6,12,12,12,10,11,8,10,8,11,11,12,9,9,10,9,13,19,16
"""07-05-2023""",13,16,10,10,9,14,14,15,15,12,12,11,9,10,9,12,9,11,8,10,16,15,15,12
"""08-05-2023""",13,19,15,15,18,16,14,-9999,21,16,7,11,9,9,11,8,12,11,13,10,11,13,14,17
"""09-05-2023""",11,16,7,15,13,11,14,14,18,21,19,7,6,17,6,8,8,8,12,13,21,18,24,17
"""10-05-2023""",-9999,-9999,-9999,-9999,-9999,-9999,-9999,-9999,-9999,-9999,-9999,-9999,-9999,-9999,-9999,-9999,-9999,-9999,-9999,-9999,-9999,-9999,-9999,-9999
"""11-05-2023""",-9999,-9999,-9999,-9999,-9999,-9999,-9999,-9999,-9999,-9999,-9999,-9999,-9999,-9999,-9999,-9999,-9999,-9999,-9999,-9999,-9999,-9999,-9999,-9999
"""12-05-2023""",-9999,-9999,-9999,-9999,-9999,-9999,-9999,-9999,-9999,-9999,-9999,-9999,-9999,-9999,-9999,-9999,-9999,-9999,-9999,-9999,-9999,-9999,-9999,-9999
"""13-05-2023""",-9999,-9999,-9999,-9999,-9999,-9999,-9999,-9999,-9999,-9999,-9999,-9999,-9999,-9999,-9999,-9999,-9999,-9999,-9999,-9999,-9999,-9999,-9999,-9999
"""14-05-2023""",-9999,-9999,-9999,-9999,-9999,-9999,-9999,-9999,-9999,-9999,-9999,-9999,-9999,-9999,-9999,-9999,-9999,-9999,-9999,-9999,-9999,-9999,-9999,-9999
"""15-05-2023""",-9999,-9999,-9999,-9999,-9999,-9999,-9999,-9999,-9999,-9999,-9999,-9999,-9999,-9999,-9999,-9999,-9999,-9999,-9999,-9999,-9999,-9999,-9999,-9999
"""16-05-2023""",-9999,-9999,-9999,-9999,-9999,-9999,-9999,-9999,-9999,-9999,-9999,-9999,-9999,-9999,-9999,-9999,-9999,-9999,-9999,-9999,-9999,-9999,-9999,-9999
"""17-05-2023""",-9999,-9999,-9999,-9999,-9999,-9999,-9999,-9999,-9999,-9999,-9999,-9999,-9999,-9999,-9999,-9999,-9999,-9999,-9999,-9999,-9999,-9999,-9999,-9999
"""18-05-2023""",-9999,-9999,-9999,-9999,-9999,-9999,-9999,-9999,-9999,-9999,-9999,-9999,-9999,-9999,-9999,-9999,-9999,-9999,-9999,-9999,-9999,-9999,-9999,-9999
"""19-05-2023""",-9999,-9999,-9999,-9999,-9999,-9999,-9999,-9999,-9999,-9999,-9999,-9999,-9999,-9999,-9999,-9999,-9999,-9999,-9999,-9999,-9999,-9999,-9999,-9999
"""20-05-2023""",-9999,-9999,-9999,-9999,-9999,-9999,-9999,-9999,-9999,-9999,-9999,-9999,-9999,-9999,-9999,-9999,-9999,-9999,-9999,-9999,-9999,-9999,-9999,-9999
"""21-05-2023""",-9999,-9999,-9999,-9999,-9999,-9999,-9999,-9999,-9999,-9999,-9999,-9999,-9999,-9999,-9999,-9999,-9999,-9999,-9999,-9999,-9999,-9999,-9999,-9999
"""22-05-2023""",-9999,-9999,-9999,-9999,-9999,-9999,-9999,-9999,-9999,-9999,-9999,-9999,-9999,-9999,-9999,-9999,-9999,-9999,-9999,-9999,-9999,-9999,-9999,-9999
"""23-05-2023""",-9999,-9999,-9999,-9999,-9999,-9999,-9999,-9999,-9999,-9999,-9999,-9999,-9999,-9999,-9999,-9999,-9999,-9999,-9999,-9999,-9999,-9999,-9999,-9999
"""24-05-2023""",-9999,-9999,-9999,-9999,-9999,-9999,-9999,-9999,-9999,-9999,-9999,-9999,-9999,-9999,-9999,-9999,-9999,-9999,-9999,-9999,-9999,-9999,-9999,-9999
"""25-05-2023""",-9999,-9999,-9999,-9999,-9999,-9999,-9999,-9999,-9999,-9999,-9999,-9999,-9999,-9999,-9999,-9999,-9999,-9999,-9999,-9999,-9999,-9999,-9999,-9999
"""26-05-2023""",-9999,-9999,-9999,-9999,-9999,-9999,-9999,-9999,-9999,-9999,-9999,-9999,-9999,-9999,-9999,-9999,-9999,-9999,-9999,-9999,-9999,-9999,-9999,-9999
"""27-05-2023""",-9999,-9999,-9999,-9999,-9999,-9999,-9999,-9999,-9999,-9999,-9999,-9999,-9999,-9999,-9999,-9999,-9999,-9999,-9999,-9999,-9999,-9999,-9999,-9999
"""28-05-2023""",-9999,-9999,-9999,-9999,-9999,-9999,-9999,-9999,-9999,-9999,-9999,-9999,-9999,-9999,-9999,-9999,-9999,-9999,-9999,-9999,-9999,-9999,-9999,-9999
"""29-05-2023""",-9999,-9999,-9999,-9999,-9999,-9999,-9999,-9999,-9999,-9999,-9999,-9999,-9999,-9999,-9999,-9999,-9999,-9999,-9999,-9999,-9999,-9999,-9999,-9999
"""30-05-2023""",-9999,-9999,-9999,-9999,-9999,-9999,-9999,-9999,-9999,-9999,-9999,-9999,-9999,-9999,-9999,-9999,-9999,-9999,-9999,-9999,-9999,-9999,-9999,-9999
"""31-05-2023""",-9999,-9999,-9999,-9999,-9999,-9999,-9999,-9999,-9999,-9999,-9999,-9999,-9999,-9999,-9999,-9999,-9999,-9999,-9999,-9999,-9999,-9999,-9999,-9999
"""01-06-2023""",-9999,-9999,-9999,-9999,-9999,-9999,-9999,-9999,-9999,-9999,-9999,-9999,11,9,6,7,8,8,8,7,9,10,16,13
"""02-06-2023""",16,23,19,12,11,13,11,13,13,10,16,13,15,12,15,8,15,10,10,11,11,16,10,17
"""03-06-2023""",13,12,13,16,11,13,7,5,15,13,13,12,12,10,11,13,12,12,12,16,15,19,12,23
"""04-06-2023""",13,15,9,6,2,6,8,8,8,7,9,9,7,9,9,12,13,9,9,9,9,9,12,17
"""05-06-2023""",16,14,13,13,16,14,9,14,14,13,9,8,8,13,10,10,11,10,10,7,10,9,8,9
"""06-06-2023""",7,7,11,14,15,13,11,12,11,9,7,6,9,7,10,8,5,8,13,11,8,10,9,7
"""07-06-2023""",8,8,10,8,6,7,6,8,18,11,9,10,12,9,13,8,10,9,8,11,11,13,15,15
"""08-06-2023""",11,13,14,13,12,10,10,16,16,11,11,9,13,11,8,9,14,9,8,11,12,15,17,21
"""09-06-2023""",13,19,15,14,11,11,11,13,15,11,12,16,15,11,8,14,13,10,8,11,11,13,11,11
"""10-06-2023""",8,12,12,7,10,7,11,9,18,11,12,10,13,11,11,9,14,10,8,7,13,15,9,16
"""11-06-2023""",11,12,8,5,7,10,7,7,7,7,9,10,9,12,10,15,7,7,10,8,8,13,12,14
"""12-06-2023""",12,9,8,12,10,11,6,7,15,9,8,18,14,15,13,11,13,11,7,9,11,13,9,15
"""13-06-2023""",17,14,11,11,9,8,8,12,11,9,10,12,14,8,5,7,5,6,7,8,6,11,10,9
"""14-06-2023""",10,7,8,8,7,9,8,12,10,10,9,9,12,11,7,11,8,7,7,7,11,12,10,8
"""15-06-2023""",13,9,5,4,5,6,6,6,13,10,18,19,-9999,14,7,8,11,14,9,12,8,9,9,10
"""16-06-2023""",9,11,8,6,6,8,6,10,11,12,17,9,17,11,10,8,9,11,11,9,9,17,15,18
"""17-06-2023""",16,15,12,9,7,5,2,2,3,2,2,6,8,8,9,15,17,15,10,8,12,13,12,15
"""18-06-2023""",13,9,9,7,9,10,16,13,11,13,11,11,9,17,17,25,17,11,9,11,10,19,11,14
"""19-06-2023""",13,13,8,8,8,11,10,11,12,9,6,10,13,17,11,11,10,6,9,9,12,15,22,14
"""20-06-2023""",10,17,16,15,11,14,12,9,13,10,17,14,16,15,12,13,11,10,10,8,11,12,17,27
"""21-06-2023""",32,18,20,11,11,12,11,10,11,9,11,11,14,16,9,12,11,16,8,14,8,11,11,16
"""22-06-2023""",12,8,12,11,10,12,12,13,20,21,16,11,19,13,17,14,13,10,12,12,15,17,24,28
"""23-06-2023""",19,25,20,16,11,16,14,13,16,14,13,18,21,17,13,12,16,12,10,12,11,13,16,13
"""24-06-2023""",13,15,18,18,19,12,18,14,20,14,13,18,17,13,10,10,10,10,7,10,7,7,13,17
"""25-06-2023""",15,7,8,7,9,9,6,4,8,7,7,12,12,11,17,12,12,10,10,17,9,10,15,4
"""26-06-2023""",13,10,9,8,10,7,9,14,18,8,12,14,20,16,16,14,15,13,8,10,11,11,12,8
"""27-06-2023""",8,11,14,11,8,6,7,9,17,10,10,11,12,11,12,12,15,14,15,10,11,12,14,13
"""28-06-2023""",9,9,9,9,12,11,10,8,17,11,17,12,11,15,15,15,12,11,10,10,13,10,9,17
"""29-06-2023""",15,10,10,10,9,5,6,6,10,7,7,11,6,11,10,8,8,6,6,4,5,10,10,10
"""30-06-2023""",8,7,8,11,9,6,5,7,6,6,10,6,10,15,12,12,10,10,6,4,4,3,7,9
"""01-07-2023""",10,7,10,7,5,3,8,10,9,11,9,11,7,9,9,6,10,13,8,3,2,6,13,15
"""02-07-2023""",16,12,13,13,9,7,7,12,9,6,16,12,11,13,14,10,7,13,10,10,7,13,11,11
"""03-07-2023""",14,13,9,6,5,5,7,8,13,12,13,16,16,15,15,14,16,13,10,14,14,14,19,12
"""04-07-2023""",16,9,19,11,13,13,10,11,14,11,16,16,19,12,14,14,11,12,12,13,13,16,15,13
"""05-07-2023""",13,14,16,16,11,12,15,10,15,11,18,21,17,20,16,19,15,10,12,12,10,7,5,10
"""06-07-2023""",13,7,7,7,6,6,7,12,9,6,9,10,9,8,11,10,11,11,14,9,11,11,9,7
"""07-07-2023""",18,8,13,10,15,7,8,8,8,8,13,16,15,14,18,14,16,15,10,10,11,13,20,21
"""08-07-2023""",15,16,19,11,10,9,8,11,14,10,12,12,14,16,15,12,13,10,8,9,12,14,16,18
"""09-07-2023""",21,16,6,13,11,10,7,7,10,10,7,10,9,10,11,13,16,12,9,8,5,3,11,12
"""10-07-2023""",8,6,6,11,6,12,11,9,11,10,9,15,13,12,10,9,16,7,11,8,9,16,15,15
"""11-07-2023""",15,14,15,9,9,12,13,9,16,10,12,12,14,16,16,15,13,13,14,14,14,14,20,26
"""12-07-2023""",25,16,14,17,16,15,12,14,18,19,20,22,25,26,17,12,11,7,13,11,12,17,23,22
"""13-07-2023""",20,21,22,20,18,16,15,-9999,15,14,18,18,28,19,21,15,12,17,11,16,17,19,23,27
"""14-07-2023""",19,14,20,19,16,21,22,16,29,23,24,24,18,15,50,22,18,16,21,22,15,24,30,30
"""15-07-2023""",19,23,17,18,13,19,18,23,15,18,14,17,23,19,22,18,18,18,19,20,17,22,16,17
"""16-07-2023""",19,21,23,24,22,21,19,13,-9999,14,17,14,16,14,13,13,11,9,9,5,7,8,10,9
"""17-07-2023""",7,10,13,7,12,10,9,8,15,9,15,20,11,9,8,9,10,8,9,10,8,10,14,14
"""18-07-2023""",10,9,12,14,13,14,11,8,14,14,15,15,14,10,16,15,12,11,13,11,13,19,28,26
"""19-07-2023""",24,15,11,15,11,12,8,11,11,13,17,21,18,14,11,14,10,13,12,12,15,14,14,16
"""20-07-2023""",11,9,13,13,19,10,11,10,18,11,16,11,17,13,14,10,10,8,7,10,12,12,13,27
"""21-07-2023""",18,16,18,20,17,15,10,14,18,13,16,14,16,18,15,14,15,14,12,15,9,11,11,9
"""22-07-2023""",17,9,11,13,11,15,16,12,19,18,19,20,19,15,12,14,9,7,8,10,11,13,13,12
"""23-07-2023""",14,16,16,15,11,19,16,18,20,14,22,14,11,14,11,15,13,16,9,11,16,17,13,9
"""24-07-2023""",12,8,9,6,6,9,12,13,13,11,17,15,12,14,12,13,9,8,8,8,6,10,14,14
"""25-07-2023""",14,10,9,7,7,7,11,11,12,17,23,18,15,11,9,10,8,11,16,8,8,9,14,13
"""26-07-2023""",16,16,10,18,11,15,18,13,16,13,16,20,18,16,17,16,15,14,19,13,18,22,17,21
"""27-07-2023""",13,11,8,11,11,11,11,13,13,13,10,10,11,11,12,10,7,5,10,12,8,10,13,11
"""28-07-2023""",9,8,9,7,8,6,7,9,9,11,14,12,8,8,11,9,11,7,8,7,9,12,11,15
"""29-07-2023""",13,10,7,10,17,11,13,17,13,17,15,13,8,14,14,10,7,12,11,11,10,9,11,18
"""30-07-2023""",8,9,13,10,11,11,17,13,11,9,11,15,12,12,10,9,12,9,12,9,11,11,12,12
"""31-07-2023""",11,15,13,14,11,12,11,8,11,10,14,11,11,13,10,13,14,12,11,11,12,12,14,16
"""01-08-2023""",8,15,11,11,10,9,8,8,8,9,9,11,9,14,11,13,11,15,8,11,10,10,11,12
"""02-08-2023""",11,12,10,16,7,10,13,18,17,16,16,14,73,21,16,14,11,12,15,5,13,13,11,8
"""03-08-2023""",9,14,15,14,17,18,16,16,15,13,11,17,15,15,14,14,12,9,14,13,15,12,14,12
"""04-08-2023""",9,15,15,14,14,10,11,22,16,16,11,15,13,12,14,11,12,13,11,9,9,17,10,16
"""05-08-2023""",15,22,14,19,20,11,16,17,16,11,14,12,10,12,11,10,11,18,19,14,13,14,17,17
"""06-08-2023""",15,12,14,12,7,6,7,9,9,7,7,6,6,5,6,6,3,6,7,5,5,7,6,8
"""07-08-2023""",7,4,5,3,2,3,4,4,5,6,10,6,6,6,6,4,3,3,7,8,6,4,7,8
"""08-08-2023""",7,6,5,8,8,8,7,8,6,5,6,5,11,13,9,8,9,11,10,7,7,7,14,12
"""09-08-2023""",7,6,5,5,7,5,4,5,7,5,4,4,5,8,8,12,8,5,5,7,8,9,12,10
"""10-08-2023""",5,4,7,3,7,11,10,9,13,14,8,5,14,10,12,8,10,11,13,12,12,18,27,17
"""11-08-2023""",11,13,11,11,9,9,6,9,7,10,6,7,11,9,7,7,8,8,7,9,12,10,18,15
"""12-08-2023""",10,10,12,9,10,7,10,11,11,9,9,11,10,10,7,11,12,12,14,9,17,12,16,13
"""13-08-2023""",21,17,13,12,12,14,9,7,8,6,13,8,8,8,7,56,15,12,11,10,11,12,11,11
"""14-08-2023""",9,10,11,14,13,11,8,11,10,12,14,11,10,6,11,11,8,8,10,10,8,12,11,10
"""15-08-2023""",11,10,14,11,11,7,7,5,8,7,7,7,14,12,13,11,14,11,9,12,8,11,11,17
"""16-08-2023""",18,16,15,17,15,14,13,12,10,17,12,13,14,13,14,16,14,13,11,12,12,20,19,14
"""17-08-2023""",21,16,15,17,13,11,16,14,16,11,19,15,15,11,18,15,18,12,16,13,12,19,15,17
"""18-08-2023""",20,11,13,11,13,12,13,10,9,13,11,16,12,13,16,16,15,16,11,14,13,12,16,20
"""19-08-2023""",21,12,8,9,9,10,15,17,14,16,17,11,15,12,11,11,11,12,11,11,12,11,18,30
"""20-08-2023""",17,12,17,17,18,19,21,19,17,16,9,15,13,18,12,16,15,12,8,11,9,11,19,25
"""21-08-2023""",15,19,11,11,14,12,12,16,20,13,13,14,13,13,12,11,15,7,11,9,9,11,25,18
"""22-08-2023""",14,14,14,11,13,12,11,11,14,16,18,12,18,14,18,18,16,15,12,12,24,20,18,26
"""23-08-2023""",37,32,29,34,23,23,25,22,21,21,20,25,25,25,26,22,23,21,27,19,20,17,32,26
"""24-08-2023""",25,22,18,24,22,19,28,24,21,18,25,21,21,65,42,25,22,18,21,20,26,30,24,29
"""25-08-2023""",25,24,19,20,20,20,19,22,21,22,20,18,21,16,15,15,21,22,17,20,24,26,24,28
"""26-08-2023""",32,25,30,29,18,23,24,21,25,23,17,19,22,23,26,20,17,16,17,21,17,15,12,21
"""27-08-2023""",20,25,12,20,12,16,13,12,15,18,19,21,21,13,12,12,10,16,13,15,16,19,19,17
"""28-08-2023""",27,17,18,12,18,17,13,21,14,18,13,16,16,14,11,15,15,15,13,11,18,12,19,15
"""29-08-2023""",16,18,12,9,8,15,14,13,18,19,21,20,20,12,15,11,14,9,9,13,12,9,11,7
"""30-08-2023""",11,9,8,12,8,12,10,14,12,18,16,15,7,12,9,11,6,-9999,13,10,9,7,8,10
"""31-08-2023""",16,5,7,9,6,10,7,6,6,16,12,10,8,13,10,7,7,10,7,10,8,15,16,13
"""01-09-2023""",13,11,10,8,6,7,7,4,11,9,8,13,11,13,11,10,12,14,10,12,20,28,31,35
"""02-09-2023""",40,36,37,29,37,22,24,23,24,29,23,21,21,21,15,15,13,12,13,16,14,14,14,15
"""03-09-2023""",22,22,20,19,19,17,19,18,14,18,18,15,16,12,10,11,12,13,10,9,16,13,14,13
"""04-09-2023""",10,10,11,10,12,11,13,10,11,13,14,14,13,20,19,12,16,16,12,11,10,16,18,16
"""05-09-2023""",9,6,4,4,6,4,6,10,10,12,11,18,16,31,22,7,15,17,16,27,19,20,17,25
"""06-09-2023""",11,9,11,10,8,9,9,9,14,15,18,17,10,14,12,11,14,21,22,28,29,29,30,23
"""07-09-2023""",20,15,15,12,9,13,13,15,13,15,18,24,25,25,14,13,21,15,29,26,26,20,23,26
"""08-09-2023""",20,19,20,18,21,15,16,21,27,20,30,29,22,17,13,29,11,14,11,13,11,15,28,30
"""09-09-2023""",31,32,11,12,11,12,9,13,14,14,13,13,11,12,16,12,14,13,13,15,11,18,22,29
"""10-09-2023""",30,27,20,16,14,12,10,10,11,14,14,11,10,10,8,13,13,9,10,9,13,9,13,14
"""11-09-2023""",15,10,11,12,11,8,5,9,10,13,15,8,11,11,10,12,11,12,10,11,11,17,15,18
"""12-09-2023""",20,12,18,15,11,12,7,13,13,11,16,15,13,11,9,5,12,9,9,11,9,14,12,18
"""13-09-2023""",13,14,9,15,15,16,11,12,20,27,19,13,18,13,8,9,9,7,7,7,10,11,13,12
"""14-09-2023""",20,12,11,11,12,10,10,12,16,11,13,16,16,20,16,17,8,13,13,13,11,12,12,25
"""15-09-2023""",17,18,22,14,17,14,16,19,12,13,13,18,18,21,19,22,20,14,14,13,13,18,21,22
"""16-09-2023""",29,21,23,16,19,16,17,20,14,21,23,15,16,23,17,16,18,15,18,18,10,11,13,12
"""17-09-2023""",10,17,12,10,15,11,15,15,14,15,15,11,16,11,12,20,18,21,16,16,14,15,15,23
"""18-09-2023""",24,27,24,20,17,19,21,17,16,14,10,14,18,15,10,12,9,12,15,11,16,17,14,11
"""19-09-2023""",15,12,13,10,8,8,14,15,14,14,12,10,10,11,9,11,8,9,8,12,15,16,15,18
"""20-09-2023""",12,12,10,11,12,11,17,11,-9999,21,14,13,13,18,12,11,9,7,6,8,10,12,20,9
"""21-09-2023""",15,13,15,14,12,15,12,18,13,17,12,15,16,11,9,9,7,9,9,7,12,14,16,16
"""22-09-2023""",15,14,10,11,12,11,12,15,16,14,15,19,10,11,11,14,9,8,15,13,17,13,12,9
"""23-09-2023""",8,5,8,11,12,13,12,11,11,24,20,21,16,17,20,17,18,15,15,14,11,18,29,21
"""24-09-2023""",23,22,18,17,11,22,20,21,23,22,22,23,16,16,19,14,19,15,13,12,14,18,15,19
"""25-09-2023""",20,19,14,18,17,16,18,12,10,19,14,15,15,12,11,10,11,11,10,13,16,25,10,19
"""26-09-2023""",14,11,11,13,9,6,11,11,13,13,9,9,15,13,14,12,11,12,11,7,19,29,29,27
"""27-09-2023""",21,11,14,10,10,11,10,9,11,14,19,12,18,22,11,15,11,11,13,12,14,17,22,14
"""28-09-2023""",11,8,10,12,12,6,6,8,12,12,15,11,12,16,19,11,9,10,9,9,11,15,18,12
"""29-09-2023""",11,14,12,10,12,9,9,10,11,25,27,31,17,15,13,16,10,7,7,15,20,16,21,19
"""30-09-2023""",14,19,18,10,9,12,12,12,15,10,14,14,13,13,17,15,9,15,11,15,16,19,30,37
"""01-10-2023""",19,28,15,12,17,12,9,7,17,15,12,14,16,17,11,19,20,20,20,20,20,23,16,11
"""02-10-2023""",12,21,20,25,21,23,22,22,19,12,13,18,12,16,14,15,13,14,11,10,13,14,18,19
"""03-10-2023""",12,19,15,14,9,12,12,12,10,9,12,9,14,12,10,10,11,10,8,11,13,19,17,13
"""04-10-2023""",13,10,8,12,13,13,13,12,19,16,20,19,19,16,14,14,16,11,14,14,18,21,16,18
"""05-10-2023""",18,19,21,16,17,17,21,17,18,23,31,26,20,22,23,26,17,16,14,16,22,26,27,22
"""06-10-2023""",21,28,25,26,24,24,18,21,22,20,28,33,20,25,25,26,32,22,30,38,29,28,31,33
"""07-10-2023""",28,18,18,16,15,15,13,15,21,21,16,15,16,19,17,23,17,13,16,20,20,26,21,20
"""08-10-2023""",30,25,28,21,18,22,21,20,18,22,22,15,16,17,16,15,11,12,13,14,21,21,32,19
"""09-10-2023""",22,13,16,13,19,14,13,11,14,9,10,6,8,5,8,8,14,11,15,13,12,17,18,16
"""10-10-2023""",10,8,9,11,8,10,12,13,14,19,23,25,16,14,13,14,11,11,12,18,18,20,11,11
"""11-10-2023""",12,13,14,12,13,9,13,13,10,11,11,11,12,12,18,12,9,15,10,8,12,12,12,11
"""12-10-2023""",10,7,7,6,7,5,4,5,7,18,15,11,14,11,14,10,15,10,8,12,13,17,21,19
"""13-10-2023""",11,11,9,13,11,14,13,15,15,25,24,21,24,16,19,12,12,13,16,13,20,22,22,26
"""14-10-2023""",40,35,32,24,19,23,16,13,19,19,21,19,25,24,20,16,16,18,18,17,20,26,48,36
"""15-10-2023""",61,42,22,23,21,12,12,18,14,18,18,16,15,17,19,19,21,18,16,15,17,24,21,20
"""16-10-2023""",30,24,19,20,20,14,16,18,10,16,13,9,10,8,11,12,11,9,8,15,14,13,10,10
"""17-10-2023""",6,5,5,5,6,6,5,5,4,6,8,6,3,6,9,12,9,7,8,6,6,7,7,5
"""18-10-2023""",4,3,1,0,0,0,4,4,1,2,2,4,4,6,7,6,9,6,9,7,8,9,9,6
"""19-10-2023""",5,4,4,6,6,5,5,11,7,5,5,19,10,11,10,8,8,9,5,4,10,11,16,10
"""20-10-2023""",6,5,6,7,5,5,4,7,13,16,15,14,14,11,8,10,13,8,7,22,23,29,26,35
"""21-10-2023""",23,24,16,19,11,16,15,14,16,15,16,16,14,16,19,11,12,16,9,15,19,18,23,42
"""22-10-2023""",25,21,18,21,17,14,11,15,16,19,21,12,16,12,18,15,19,11,15,16,19,19,32,25
"""23-10-2023""",19,11,14,13,9,12,11,12,16,24,22,28,21,19,20,18,17,16,17,16,14,20,28,34
"""24-10-2023""",35,29,26,21,20,16,18,21,14,27,28,39,41,30,21,18,17,21,18,20,17,30,40,34
"""25-10-2023""",25,25,25,21,26,26,22,24,18,25,23,20,22,19,20,19,18,16,17,19,20,35,36,21
"""26-10-2023""",28,28,33,23,20,17,16,10,8,11,15,10,11,23,15,13,15,14,11,13,15,17,26,40
"""27-10-2023""",37,28,21,18,18,18,20,12,12,16,26,23,16,19,22,17,13,15,12,8,12,13,13,12
"""28-10-2023""",11,18,19,18,16,12,11,11,11,14,12,11,17,12,8,7,9,10,7,37,11,26,38,26
"""29-10-2023""",24,16,17,14,14,9,11,16,2,8,6,4,6,10,9,6,7,12,7,10,12,20,22,32
"""30-10-2023""",32,22,14,15,7,11,11,8,7,15,16,13,10,14,13,10,10,12,16,14,17,35,27,45
"""31-10-2023""",33,20,14,14,11,11,8,11,13,12,18,21,17,15,9,12,11,22,10,11,11,13,19,15
"""01-11-2023""",18,17,14,16,14,11,13,15,8,16,14,18,24,21,18,12,11,14,11,14,25,19,49,41
"""02-11-2023""",24,27,20,20,17,15,11,14,13,14,10,12,16,8,9,7,7,5,14,13,13,13,20,18
"""03-11-2023""",24,13,13,21,14,9,6,10,5,12,9,16,20,7,9,10,9,8,6,4,8,16,31,65
"""04-11-2023""",32,14,10,11,13,12,11,17,11,13,17,10,13,7,17,5,4,15,33,38,32,26,19,32
"""05-11-2023""",33,25,13,9,7,4,4,8,12,8,9,11,9,6,8,9,11,14,14,13,11,9,11,11
"""06-11-2023""",9,8,8,18,12,14,10,24,24,23,21,17,15,16,17,17,20,16,28,32,41,33,36,41
"""07-11-2023""",33,23,21,17,15,15,14,13,10,18,19,19,23,18,10,17,10,10,14,23,28,35,37,32
"""08-11-2023""",39,32,22,9,15,14,10,14,12,17,27,27,27,16,18,24,25,27,31,26,10,25,27,4
"""09-11-2023""",3,1,1,6,5,7,10,8,11,11,6,4,6,6,15,10,10,13,12,17,14,15,15,9
"""10-11-2023""",9,6,7,8,10,6,5,15,7,12,10,14,15,16,10,13,9,8,11,22,35,30,41,24
"""11-11-2023""",26,21,8,10,14,13,15,15,20,19,7,6,7,6,8,12,9,10,17,22,40,36,54,39
"""12-11-2023""",29,24,28,26,19,17,17,22,10,14,10,9,12,10,13,15,23,25,19,17,6,10,17,20
"""13-11-2023""",10,10,11,11,9,4,1,2,4,8,9,10,7,7,11,11,10,14,8,5,17,5,10,29
"""14-11-2023""",9,11,13,13,11,11,10,9,18,14,17,31,33,19,15,10,10,9,11,13,12,24,15,30
"""15-11-2023""",21,22,24,15,14,12,16,12,14,21,16,19,23,16,19,11,21,16,30,29,19,7,8,5
"""16-11-2023""",3,1,0,2,0,0,1,2,4,3,4,4,5,9,9,9,9,19,14,15,9,5,11,20
"""17-11-2023""",13,10,21,13,9,15,12,7,5,20,19,25,20,21,31,22,21,19,47,27,43,65,76,53
"""18-11-2023""",5,2,0,0,1,5,3,1,1,4,7,9,11,10,14,11,16,14,13,12,11,34,13,12
"""19-11-2023""",8,6,5,4,5,7,6,3,5,7,8,6,10,12,10,20,13,13,13,15,9,17,25,15
"""20-11-2023""",16,10,8,7,11,8,13,13,15,23,15,14,16,16,10,12,12,18,45,50,65,47,77,80
"""21-11-2023""",45,38,35,33,20,14,20,26,22,23,38,40,42,29,15,13,20,31,36,32,21,30,25,52
"""22-11-2023""",45,46,30,27,29,27,20,29,30,29,32,39,44,45,35,56,54,64,60,56,59,55,55,57
"""23-11-2023""",56,62,55,46,34,35,29,20,29,27,11,12,15,14,11,9,8,19,13,14,22,16,19,17
"""24-11-2023""",18,18,16,13,14,16,16,16,19,14,21,28,27,20,22,14,17,24,15,19,14,13,23,20
"""25-11-2023""",13,9,4,3,2,0,1,3,0,5,9,7,9,6,7,7,9,16,45,26,11,9,9,7
"""26-11-2023""",4,4,5,6,5,3,4,5,6,7,9,8,5,6,11,9,17,14,12,9,15,10,16,10
"""27-11-2023""",10,6,3,4,3,1,3,6,10,8,-9999,-9999,12,8,12,14,14,11,11,11,11,12,41,60
"""28-11-2023""",47,46,31,25,18,10,15,19,20,17,17,20,20,37,44,34,33,59,52,52,66,63,81,87
"""29-11-2023""",78,72,50,23,19,21,25,18,20,23,20,28,34,48,51,31,35,40,57,46,29,32,17,30
"""30-11-2023""",39,38,32,21,15,17,13,15,16,18,19,21,34,21,18,9,20,38,56,53,37,44,35,27
"""01-12-2023""",39,48,40,35,26,24,19,23,20,25,32,41,44,49,37,42,50,68,48,74,52,109,75,84
"""02-12-2023""",65,60,56,53,54,49,53,52,40,47,42,38,50,65,57,35,21,21,18,16,20,15,19,26
"""03-12-2023""",33,13,16,12,17,20,14,20,24,42,34,38,49,33,33,29,40,63,39,19,27,22,17,17
"""04-12-2023""",10,12,8,13,10,7,8,11,13,13,13,19,10,15,19,18,12,18,16,19,15,21,30,23
"""05-12-2023""",19,20,15,9,17,15,15,13,16,18,22,19,22,19,17,18,22,20,21,28,36,37,37,53
"""06-12-2023""",22,24,20,12,7,2,3,3,7,8,6,6,6,7,7,4,6,12,11,11,20,18,18,20
"""07-12-2023""",25,20,19,12,17,18,15,12,20,23,29,35,24,19,14,24,26,15,11,12,11,19,17,20
"""08-12-2023""",10,6,6,7,8,6,7,10,9,8,11,10,11,13,13,12,22,13,11,15,20,18,22,15
"""09-12-2023""",15,9,11,9,10,13,18,14,21,19,27,13,15,12,13,28,34,28,35,37,29,33,34,48
"""10-12-2023""",80,47,60,45,44,24,23,26,29,26,27,24,42,41,32,14,30,34,30,44,39,26,37,43
"""11-12-2023""",38,20,16,12,13,13,19,21,21,20,15,14,15,22,16,19,21,17,26,32,55,56,56,68
"""12-12-2023""",60,62,45,31,19,23,19,25,27,26,32,31,41,34,24,20,15,18,27,39,58,46,43,87
"""13-12-2023""",60,54,44,42,29,31,25,25,21,23,39,82,84,80,77,71,55,53,-9999,47,37,45,48,48
"""14-12-2023""",68,68,55,70,64,50,37,23,28,32,46,36,45,55,45,47,37,31,34,47,59,51,74,65
"""15-12-2023""",58,8,6,7,4,1,2,4,7,7,6,9,9,7,12,16,12,20,16,9,13,16,23,12
"""16-12-2023""",8,4,12,9,10,7,10,9,7,9,9,9,10,12,12,24,31,27,31,22,30,38,40,33
"""17-12-2023""",23,22,9,9,9,7,7,10,14,13,14,17,12,12,14,28,34,35,37,37,45,44,32,32
"""18-12-2023""",25,24,20,11,20,21,17,16,18,23,23,16,30,27,23,21,23,29,31,33,25,21,33,51
"""19-12-2023""",32,25,25,14,15,16,20,29,33,28,28,36,28,30,36,26,21,35,36,63,98,88,115,64
"""20-12-2023""",51,62,44,50,42,32,23,22,29,29,40,38,40,41,33,28,45,35,48,37,35,36,68,74
"""21-12-2023""",58,35,31,34,37,33,31,29,26,21,24,29,28,21,23,24,17,20,22,16,19,19,27,26
"""22-12-2023""",33,28,22,23,25,28,22,25,30,20,24,29,63,57,60,67,72,33,21,15,12,16,11,12
"""23-12-2023""",13,12,13,9,7,5,7,17,12,20,19,30,28,31,21,13,17,33,34,17,34,34,40,39
"""24-12-2023""",34,31,20,14,14,12,17,40,23,31,25,37,37,26,45,86,62,46,50,106,107,119,113,70
"""25-12-2023""",83,63,57,41,28,25,32,26,25,25,27,26,29,35,33,27,35,38,48,52,78,101,84,84
"""26-12-2023""",94,79,61,47,33,23,32,30,17,25,22,23,33,35,33,31,45,22,33,34,48,52,59,64
"""27-12-2023""",57,42,35,31,42,34,22,19,21,29,33,32,32,21,23,21,24,35,48,35,21,33,40,55
"""28-12-2023""",56,35,30,27,23,25,18,22,27,31,40,35,47,50,48,35,25,25,38,54,67,84,79,96
"""29-12-2023""",61,66,45,55,28,32,30,31,28,29,37,36,39,41,52,61,29,30,30,40,45,96,110,69
"""30-12-2023""",64,53,45,38,43,43,38,40,36,33,52,50,56,64,48,39,48,65,80,61,54,57,100,79
"""31-12-2023""",83,78,40,32,30,44,43,42,29,35,37,36,42,45,35,37,37,31,55,52,57,57,89,66
